S.No.,Package Name,Dev,PR Link,Reviewer,Status,
1,CharLS,Jyoti,,Falak,,
2,GConf2,Jyoti,,,,
3,GeoIP,Jyoti,,,,
4,GeoIP-GeoLite-data,Jyoti,,,,
5,Judy,Jyoti,,,,
6,LibRaw,Jyoti,https://github.com/microsoft/azurelinux/pull/10618,Falak,,
7,ORBit2,Jyoti,,,,
8,OpenEXR,Jyoti,,,,
9,PEGTL,Jyoti,https://github.com/microsoft/azurelinux/pull/10695,Falak,,
10,PyGreSQL,Jyoti,,Falak,,
11,SDL,Jyoti,,,,
12,SDL2,Jyoti,,,,
13,SDL_sound,Jyoti,,,,
14,SuperLU,Jyoti,,Suresh,Dev Approved,
15,Xaw3d,Jyoti,https://github.com/microsoft/azurelinux/pull/10762,Bala,Dev Approved,
16,a52dec,Jyoti,,,,
17,accountsservice,Jyoti,https://github.com/microsoft/azurelinux/pull/10766,Bala,Dev Approved,
18,acpid,Jyoti,https://github.com/microsoft/azurelinux/pull/10696,Suresh,Dev Approved,
19,adcli,Jyoti,,,,
20,adobe-mappings-cmap,Jyoti,https://github.com/microsoft/azurelinux/pull/10765,Bala,Dev Approved,
21,adobe-mappings-pdf,Jyoti,https://github.com/microsoft/azurelinux/pull/10792,Bala,Dev Approved,
22,advancecomp,Jagadeesh,,Falak,,
23,alsa-firmware,Jagadeesh,,,,
24,alsa-plugins,Jagadeesh,,,,
25,amtk,Jagadeesh,,,,
26,amtterm,Jagadeesh,,,,
27,annobin,Jagadeesh,,,,
28,ansible-freeipa,Jagadeesh,,,,
29,aopalliance,Jagadeesh,https://github.com/microsoft/azurelinux/pull/10671,Falak,,
30,apache-commons-beanutils,Jagadeesh,,,,
31,apache-commons-codec,Jagadeesh,,,,
32,apache-commons-collections,Jagadeesh,,,,
33,apache-commons-collections4,Jagadeesh,,,,
34,apache-commons-compress,Jagadeesh,,,,
35,apache-commons-daemon,Jagadeesh,,,,
36,apache-commons-dbcp,Jagadeesh,,,,
37,apache-commons-digester,Jagadeesh,,,,
38,apache-commons-httpclient,Jagadeesh,,,,
39,apache-commons-io,Jagadeesh,,,,
40,apache-commons-jexl,Jagadeesh,,,,
41,apache-commons-lang,Jagadeesh,,,,
42,apache-commons-net,Jagadeesh,,,,
43,apache-commons-pool,Jagadeesh,,,,
44,apache-commons-pool2,Jagadeesh,,,,
45,apache-commons-validator,Jagadeesh,,,,
46,apache-commons-vfs2,Jagadeesh,,,,
47,apache-parent,Jagadeesh,https://github.com/microsoft/azurelinux/pull/11281,,,
48,argparse-manpage,Kevin,,,,
49,args4j,Kevin,,,,
50,arptables,Kevin,,,,
51,arpwatch,Kevin,,,,
52,asio,Kevin,https://github.com/microsoft/azurelinux/pull/10678,Bala,Dev Approved,
53,aspell-en,Kevin,,,,
54,audiofile,Kevin,,,,
55,authselect,Kevin,https://github.com/microsoft/azurelinux/pull/11575,,,
56,babeltrace,Kevin,https://github.com/microsoft/azurelinux/pull/10590,Falak,In Review,
57,babl,Kevin,https://github.com/microsoft/azurelinux/pull/11132,,,
58,baekmuk-ttf-fonts,Kevin,,,,
59,base64coder,Kevin,,,,
60,bats,Kevin,https://github.com/microsoft/azurelinux/pull/10692,Bala,In Review,
61,bcache-tools,Kevin,,,,
62,bcel,Kevin,,,,
63,bea-stax,Kevin,,,,
64,beust-jcommander,Kevin,https://github.com/microsoft/azurelinux/pull/10630,,,
65,biosdevname,Kevin,,,,
66,blosc,Kevin,https://github.com/microsoft/azurelinux/pull/11172,,,
67,bogofilter,Kevin,,,,
68,bolt,Akarsh,https://github.com/microsoft/azurelinux/pull/11208,Suresh,Dev Approved,
69,boom-boot,Akarsh,https://github.com/microsoft/azurelinux/pull/10919,,,
70,booth,Akarsh,,,,
71,botan2,Akarsh,,,,
72,breezy,Akarsh,,,,
73,bsf,Akarsh,,,,
74,buildah,Akarsh,,,,
75,bwidget,Akarsh,https://github.com/microsoft/azurelinux/pull/11050,,,
76,cachefilesd,Akarsh,,,,
77,cairomm,Akarsh,,,,
78,capstone,Akarsh,,,,
79,cassandra,Akarsh,,,,
80,catatonit,Akarsh,,,,
81,cdparanoia,Akarsh,,,,
82,cdrdao,Akarsh,,,,
83,celt051,Akarsh,,,,
84,certmonger,Akarsh,,,,
85,cfitsio,Akarsh,https://github.com/microsoft/azurelinux/pull/11252,,,
86,cgdcbxd,Akarsh,,,,
87,cglib,Akarsh,,,,
88,chan,Neeraj,,,,
89,cim-schema,Akarsh,https://github.com/microsoft/azurelinux/pull/11486,,,
90,cjkuni-uming-fonts,Neeraj,,,,
91,cjose,Akarsh,https://github.com/microsoft/azurelinux/pull/11488,,,
92,cldr-emoji-annotation,Akarsh,https://github.com/microsoft/azurelinux/pull/11587,,,
93,clucene,Sumit,https://github.com/microsoft/azurelinux/pull/10858,,,
94,clutter,Neeraj,,,,
95,clutter-gst3,Neeraj,,,,
96,clutter-gtk,Neeraj,,,,
97,cmake-fedora,Jyoti,,,,
98,cogl,Neeraj,,,,
99,colorize,Neeraj,,,,
100,compat-lua,Neeraj,,,,
101,console-setup,Akarsh,https://github.com/microsoft/azurelinux/pull/11489,,,
102,container-exception-logger,Neeraj,,,,
103,containernetworking-plugins,Neeraj,,,,
104,convmv,Neeraj,,,,
105,corosync,Neeraj,,,,
106,corosync-qdevice,Neeraj,,,,
107,cppcheck,Neeraj,,,,
108,cpptest,Neeraj,,,,
109,cpuid,Akarsh,https://github.com/microsoft/azurelinux/pull/11491,,,
110,crash-ptdump-command,Sreenivasulu,,,,
111,criu,Sreenivasulu,,,,
112,crypto-policies,Sreenivasulu,,,,
113,cscope,Sreenivasulu,,,,
114,custodia,Sreenivasulu,,,,
115,dbus-c++,Sreenivasulu,,,,
116,dbxtool,Sreenivasulu,,,,
117,dcraw,Sreenivasulu,,,,
118,deltarpm,Sreenivasulu,https://github.com/microsoft/azurelinux/pull/10922,,,
119,delve,Sreenivasulu,,,,
120,device-mapper-persistent-data,Sreenivasulu,,,,
121,diffstat,Sreenivasulu,https://github.com/microsoft/azurelinux/pull/10920,Suresh,Dev Approved,
122,discount,Sreenivasulu,https://github.com/microsoft/azurelinux/pull/10844,,,
123,distribution-gpg-keys,Kevin,,,,
124,dleyna-connector-dbus,Sreenivasulu,,,,
125,dleyna-core,Sreenivasulu,,,,
126,dmraid,Sreenivasulu,,,,
127,docbook-simple,Sreenivasulu,,,,
128,docbook-slides,Sreenivasulu,,,,
129,docbook-utils,Sreenivasulu,,,,
130,docbook5-style-xsl,Sreenivasulu,,,,
131,dogtail,Sumit, ,,,
132,dotconf,Sumit,https://github.com/microsoft/azurelinux/pull/10752,,,
133,dovecot,Sumit,,,,
134,dpkg,Sumit,https://github.com/microsoft/azurelinux/pull/10832,,,
135,driverctl,Sumit,https://github.com/microsoft/azurelinux/pull/10833,,,
136,dropwatch,Sumit,https://github.com/microsoft/azurelinux/pull/10842,,,
137,drpm,Sumit,https://github.com/microsoft/azurelinux/pull/10847,,,
138,dumpet,Sumit, ,,,
139,dvd+rw-tools,Sumit, ,,,
140,dyninst,Sumit, ,,,
141,ecj,Sumit, ,,,
142,edac-utils,Sumit,https://github.com/microsoft/azurelinux/pull/10860,,,
143,efax,Sumit, ,,,
144,efi-rpm-macros,Sumit,https://github.com/microsoft/azurelinux/pull/10928,,,
145,egl-wayland,Sumit, ,,,
146,eglexternalplatform,Sumit, ,,,
147,elinks,Sumit, ,,,
148,enca,Sumit, ,,,
149,enchant,Sumit, ,,,
150,enscript,Sumit, ,,,
151,evemu,Sumit, ,,,
152,exempi,Jyoti,https://github.com/microsoft/azurelinux/pull/10796,Suresh,Dev Approved,
153,exiv2,Jyoti,https://github.com/microsoft/azurelinux/pull/10820,,,
154,fabtests,Jyoti,https://github.com/microsoft/azurelinux/pull/10982,,,
155,facter,Jyoti,,,,
156,fakechroot,Jyoti,,,,
157,fapolicyd,Jyoti,,,,
158,fdk-aac-free,Jyoti,,,,
159,fence-virt,Jyoti,,,,
160,fetchmail,Jyoti,https://github.com/microsoft/azurelinux/pull/10856,,,
161,fftw,Jyoti,,,,
162,filebench,Jyoti,,,,
163,fipscheck,Jyoti,,,,
164,flac,Jyoti,,,,
165,flite,Jyoti,,,,
166,fltk,Jyoti,https://github.com/microsoft/azurelinux/pull/11267,,,
167,fonts-rpm-macros,Jyoti,,,,
168,foomatic-db,Jyoti,,,,
169,freeglut,Jyoti,,,,
170,freeradius,Jyoti,,,,
171,freexl,Jyoti,,,,
172,fros,Jyoti,,,,
173,fstrm,Jyoti,,,,
174,fuse-overlayfs,Jyoti,https://github.com/microsoft/azurelinux/pull/10921,,,
175,fuse-sshfs,Jyoti,https://github.com/microsoft/azurelinux/pull/11268,,,
176,fxload,Jagadeesh,,,,
177,gavl,Jagadeesh,,,,
178,gconf-editor,Jagadeesh,,,,
179,gcr,Jagadeesh,,,,
180,gdal,Jagadeesh,,,,
181,gdisk,Jagadeesh,https://github.com/microsoft/azurelinux/pull/10950,Suresh,Dev Approved,
182,generic-logos,Jagadeesh,,,,
183,genwqe-tools,Jagadeesh,,,,
184,geoclue2,Jagadeesh,,,,
185,geolite2,Jagadeesh,,,,
186,geronimo-specs,Jagadeesh,,,,
187,ghc-srpm-macros,Jagadeesh,https://github.com/microsoft/azurelinux/pull/10788,,,
188,gl-manpages,Jagadeesh,,,,
189,glassfish-annotation-api,Jagadeesh,,,,
190,glew,Jagadeesh,https://github.com/microsoft/azurelinux/pull/10871,,,
191,glm,Jagadeesh,https://github.com/microsoft/azurelinux/pull/11755,,,
192,gnome-desktop-testing,Jagadeesh,,,,
193,gnome-doc-utils,Jagadeesh,,,,
194,gnome-icon-theme,Jagadeesh,,,,
195,gnome-keyring,Jagadeesh,,,,
196,gnu-getopt,Jagadeesh,,,,
197,gnu-regexp,Jagadeesh,,,,
198,go-rpm-macros,Jagadeesh,https://github.com/microsoft/azurelinux/pull/11160,,,
199,gom,Jagadeesh,https://github.com/microsoft/azurelinux/pull/11155,,,
200,google-api-python-client,Jagadeesh,https://github.com/microsoft/azurelinux/pull/11175,,,
201,google-crosextra-caladea-fonts,Jagadeesh,,,,
202,google-crosextra-carlito-fonts,Jagadeesh,,,,
203,google-noto-cjk-fonts,Jagadeesh,,,,
204,google-noto-emoji-fonts,Jagadeesh,,,,
205,gphoto2,Kevin,https://github.com/microsoft/azurelinux/pull/10776,,,
206,gpm,Kevin,,,,
207,gpsbabel,Kevin,,,,
208,graphene,Kevin,https://github.com/microsoft/azurelinux/pull/10779,,,
209,graphite2,Kevin,,,,
210,gsl,Kevin,https://github.com/microsoft/azurelinux/pull/10740,,,
211,gspell,Kevin,https://github.com/microsoft/azurelinux/pull/10741,,,
212,gssdp,Kevin,https://github.com/microsoft/azurelinux/pull/10790,,,
213,gssntlmssp,Kevin,https://github.com/microsoft/azurelinux/pull/10791,,,
214,gstreamer1,Kevin,https://github.com/microsoft/azurelinux/pull/10805,,,
215,gstreamer1-plugins-base,Kevin,https://github.com/microsoft/azurelinux/pull/10828,,,
216,gtk-vnc,Kevin,https://github.com/microsoft/azurelinux/pull/10838,,,
217,gtkspell,Kevin,,,,
218,guava20,Kevin,,,,
219,gupnp,Kevin,,,,
220,gupnp-av,Kevin,,,,
221,gupnp-dlna,Kevin,,,,
222,gupnp-igd,Kevin,,,,
223,hawtjni-runtime,Kevin,,,,
224,hdf,Kevin,https://github.com/microsoft/azurelinux/pull/10864,,,
225,highlight,Kevin,https://github.com/microsoft/azurelinux/pull/11316,,,
226,hping3,Kevin,,,,
227,hsakmt,Kevin,,,,
228,httpcomponents-core,Kevin,,,,
229,hunspell-af,Neeraj,,,,
230,hunspell-ar,Neeraj,NOT_FOUND,,,
231,hunspell-as,Neeraj,NOT_FOUND,,,
232,hunspell-ast,Neeraj,NOT_FOUND,,,
233,hunspell-az,Akarsh,https://github.com/microsoft/azurelinux/pull/11588,,,
234,hunspell-be,Neeraj,NOT_FOUND,,,
235,hunspell-bg,Neeraj,NOT_FOUND,,,
236,hunspell-bn,Neeraj,NOT_FOUND,,,
237,hunspell-br,Neeraj,NOT_FOUND,,,
238,hunspell-ca,Akarsh,NOT_FOUND,,,
239,hunspell-cop,Neeraj,NOT_FOUND,,,
240,hunspell-csb,Akarsh,https://github.com/microsoft/azurelinux/pull/11590,,,
241,hunspell-cv,Neeraj,NOT_FOUND,,,
242,hunspell-cy,Neeraj,NOT_FOUND,,,
243,hunspell-da,Neeraj,NOT_FOUND,,,
244,hunspell-de,Akarsh,NOT_FOUND,,,
245,hunspell-dsb,Neeraj,NOT_FOUND,,,
246,hunspell-el,Neeraj,NOT_FOUND,,,
247,hunspell-eo,Neeraj,NOT_FOUND,,,
248,hunspell-es,Akarsh,NOT_FOUND,,,
249,hunspell-et,Neeraj,NOT_FOUND,,,
250,hunspell-eu,Akarsh,https://github.com/microsoft/azurelinux/pull/11707,,,
251,hunspell-fa,Neeraj,NOT_FOUND,,,
252,hunspell-fj,Neeraj,NOT_FOUND,,,
253,hunspell-fo,Neeraj,NOT_FOUND,,,
254,hunspell-fr,Neeraj,NOT_FOUND,,,
255,hunspell-fur,Neeraj,NOT_FOUND,,,
256,hunspell-fy,Neeraj,NOT_FOUND,,,
257,hunspell-ga,Akarsh,https://github.com/microsoft/azurelinux/pull/11705,,,
258,hunspell-gd,Neeraj,NOT_FOUND,,,
259,hunspell-gl,Neeraj,NOT_FOUND,,,
260,hunspell-grc,Neeraj,NOT_FOUND,,,
261,hunspell-gu,Neeraj,NOT_FOUND,,,
262,hunspell-gv,Neeraj,NOT_FOUND,,,
263,hunspell-haw,Neeraj,NOT_FOUND,,,
264,hunspell-hi,Neeraj,NOT_FOUND,,,
265,hunspell-hil,Neeraj,NOT_FOUND,,,
266,hunspell-hr,Neeraj,NOT_FOUND,,,
267,hunspell-hsb,Neeraj,NOT_FOUND,,,
268,hunspell-ht,Neeraj,NOT_FOUND,,,
269,hunspell-hu,Neeraj,NOT_FOUND,,,
270,hunspell-hy,Neeraj,NOT_FOUND,,,
271,hunspell-ia,Neeraj,NOT_FOUND,,,
272,hunspell-id,Neeraj,NOT_FOUND,,,
273,hunspell-is,Neeraj,NOT_FOUND,,,
274,hunspell-it,Akarsh,https://github.com/microsoft/azurelinux/pull/11701,,,
275,hunspell-kk,Neeraj,NOT_FOUND,,,
276,hunspell-km,Neeraj,NOT_FOUND,,,
277,hunspell-kn,Neeraj,NOT_FOUND,,,
278,hunspell-ko,Neeraj,NOT_FOUND,,,
279,hunspell-ku,Neeraj,NOT_FOUND,,,
280,hunspell-ky,Neeraj,NOT_FOUND,,,
281,hunspell-la,Neeraj,NOT_FOUND,,,
282,hunspell-lb,Neeraj,NOT_FOUND,,,
283,hunspell-ln,Neeraj,NOT_FOUND,,,
284,hunspell-mai,Neeraj,NOT_FOUND,,,
285,hunspell-mg,Neeraj,NOT_FOUND,,,
286,hunspell-mi,Neeraj,NOT_FOUND,,,
287,hunspell-mk,Neeraj,NOT_FOUND,,,
288,hunspell-ml,Neeraj,NOT_FOUND,,,
289,hunspell-mn,Neeraj,NOT_FOUND,,,
290,hunspell-mos,Neeraj,NOT_FOUND,,,
291,hunspell-mr,Akarsh,https://github.com/microsoft/azurelinux/pull/11703,,,
292,hunspell-ms,Neeraj,NOT_FOUND,,,
293,hunspell-mt,Neeraj,NOT_FOUND,,,
294,hunspell-nds,Neeraj,NOT_FOUND,,,
295,hunspell-ne,Neeraj,NOT_FOUND,,,
296,hunspell-nl,Akarsh,https://github.com/microsoft/azurelinux/pull/11687,,,
297,hunspell-no,Neeraj,NOT_FOUND,,,
298,hunspell-nr,Neeraj,NOT_FOUND,,,
299,hunspell-nso,Neeraj,NOT_FOUND,,,
300,hunspell-ny,Neeraj,NOT_FOUND,,,
301,hunspell-om,Neeraj,NOT_FOUND,,,
302,hunspell-or,Neeraj,NOT_FOUND,,,
303,hunspell-pa,Neeraj,NOT_FOUND,,,
304,hunspell-pl,Akarsh,https://github.com/microsoft/azurelinux/pull/11685,,,
305,hunspell-pt,Akarsh,https://github.com/microsoft/azurelinux/pull/11684,,,
306,hunspell-quh,Neeraj,NOT_FOUND,,,
307,hunspell-ro,Akarsh,https://github.com/microsoft/azurelinux/pull/11681,,,
308,hunspell-ru,Neeraj,NOT_FOUND,,,
309,hunspell-rw,Neeraj,NOT_FOUND,,,
310,hunspell-se,Neeraj,NOT_FOUND,,,
311,hunspell-shs,Neeraj,NOT_FOUND,,,
312,hunspell-si,Neeraj,NOT_FOUND,,,
313,hunspell-sk,Neeraj,NOT_FOUND,,,
314,hunspell-sl,Neeraj,NOT_FOUND,,,
315,hunspell-smj,Neeraj,NOT_FOUND,,,
316,hunspell-so,Neeraj,NOT_FOUND,,,
317,hunspell-sq,Neeraj,NOT_FOUND,,,
318,hunspell-sr,Neeraj,NOT_FOUND,,,
319,hunspell-sv,Neeraj,NOT_FOUND,,,
320,hunspell-sw,Neeraj,NOT_FOUND,,,
321,hunspell-ta,Neeraj,NOT_FOUND,,,
322,hunspell-te,Neeraj,NOT_FOUND,,,
323,hunspell-tet,Neeraj,NOT_FOUND,,,
324,hunspell-th,Neeraj,NOT_FOUND,,,
325,hunspell-tk,Neeraj,NOT_FOUND,,,
326,hunspell-tl,Neeraj,NOT_FOUND,,,
327,hunspell-tn,Neeraj,NOT_FOUND,,,
328,hunspell-tpi,Neeraj,NOT_FOUND,,,
329,hunspell-ts,Neeraj,NOT_FOUND,,,
330,hunspell-uk,Neeraj,NOT_FOUND,,,
331,hunspell-uz,Neeraj,NOT_FOUND,,,
332,hunspell-ve,Neeraj,NOT_FOUND,,,
333,hunspell-vi,Neeraj,NOT_FOUND,,,
334,hunspell-wa,Neeraj,NOT_FOUND,,,
335,hunspell-xh,Neeraj,NOT_FOUND,,,
336,hunspell-yi,Neeraj,NOT_FOUND,,,
337,hyphen,Sreenivasulu,,,,
338,hyphen-as,Sreenivasulu,,,,
339,hyphen-bg,Sreenivasulu,,,,
340,hyphen-bn,Sreenivasulu,,,,
341,hyphen-ca,Sreenivasulu,,,,
342,hyphen-da,Sreenivasulu,,,,
343,hyphen-de,Sreenivasulu,,,,
344,hyphen-el,Sreenivasulu,,,,
345,hyphen-es,Sreenivasulu,,,,
346,hyphen-fa,Sreenivasulu,,,,
347,hyphen-fo,Sreenivasulu,,,,
348,hyphen-fr,Sreenivasulu,,,,
349,hyphen-ga,Sreenivasulu,,,,
350,hyphen-gl,Sreenivasulu,,,,
351,hyphen-grc,Sreenivasulu,,,,
352,hyphen-gu,Sreenivasulu,,,,
353,hyphen-hi,Sreenivasulu,,,,
354,hyphen-hsb,Sreenivasulu,,,,
355,hyphen-hu,Sreenivasulu,,,,
356,hyphen-ia,Sreenivasulu,,,,
357,hyphen-id,Sreenivasulu,,,,
358,hyphen-is,Sreenivasulu,,,,
359,hyphen-it,Sreenivasulu,,,,
360,hyphen-kn,Sreenivasulu,,,,
361,hyphen-ku,Sreenivasulu,,,,
362,hyphen-lt,Sreenivasulu,,,,
363,hyphen-mi,Sreenivasulu,,,,
364,hyphen-ml,Sreenivasulu,,,,
365,hyphen-mn,Sreenivasulu,,,,
366,hyphen-mr,Sreenivasulu,,,,
367,hyphen-nl,Sreenivasulu,,,,
368,hyphen-or,Sreenivasulu,,,,
369,hyphen-pa,Sreenivasulu,,,,
370,hyphen-pl,Sreenivasulu,,,,
371,hyphen-pt,Sreenivasulu,,,,
372,hyphen-ro,Sreenivasulu,,,,
373,hyphen-ru,Sreenivasulu,,,,
374,hyphen-sa,Sreenivasulu,,,,
375,hyphen-sk,Sreenivasulu,,,,
376,hyphen-sl,Sreenivasulu,,,,
377,hyphen-sv,Sreenivasulu,,,,
378,hyphen-ta,Sreenivasulu,,,,
379,hyphen-te,Sreenivasulu,,,,
380,hyphen-tk,Sreenivasulu,,,,
381,hyphen-uk,Sreenivasulu,,,,
382,ibus,Sumit,,,,
383,ibus-chewing,Sumit,,,,
384,ibus-hangul,Sumit,,,,
385,ibus-kkc,Sumit,,,,
386,ibus-libzhuyin,Sumit,,,,
387,ibus-m17n,Sumit,,,,
388,ibus-rawcode,Sumit,,,,
389,ibus-sayura,Sumit,,,,
390,ibus-table,Sumit,,,,
391,ibus-table-chinese,Sumit,,,,
392,icc-profiles-openicc,Sumit,,,,
393,icon-naming-utils,Sumit,,,,
394,iftop,Sumit,,,,
395,iio-sensor-proxy,Sumit,,,,
396,ilmbase,Sumit,,,,
397,imaptest,Sumit,,,,
398,indent,Sumit,https://github.com/microsoft/azurelinux/pull/11000,,,
399,iniparser,Sumit,,,,
400,intel-cmt-cat,Sumit,https://github.com/microsoft/azurelinux/pull/11001,,,
401,ioping,Sumit,https://github.com/microsoft/azurelinux/pull/11003,,,
402,ipa-pgothic-fonts,Sumit,,,,
403,ipcalc,Sumit,https://github.com/microsoft/azurelinux/pull/11004,,,
404,iprutils,Sumit,https://github.com/microsoft/azurelinux/pull/11008,,,
405,iptstate,Sumit,,,,
406,irssi,Sumit,,,,
407,iso-codes,Akarsh,,,,
408,isomd5sum,Akarsh,,,,
409,iwd,Akarsh,,,,
410,jabberpy,Akarsh,,,,
411,jakarta-taglibs-standard,Akarsh,,,,
412,jansi,Akarsh,,,,
413,jarjar,Akarsh,,,,
414,javacc,Akarsh,,,,
415,javacc-bootstrap,Akarsh,,,,
416,jbigkit,Akarsh,,,,
417,jboss-interceptors,Akarsh,,,,
418,jdepend,Akarsh,,,,
419,jdom2,Akarsh,,,,
420,jfsutils,Akarsh,,,,
421,jimtcl,Akarsh,,,,
422,jlex,Akarsh,,,,
423,jline,Akarsh,,,,
424,jose,Akarsh,,,,
425,js-jquery,Akarsh,,,,
426,jsch,Akarsh,,,,
427,jsoncpp,Akarsh,,,,
428,jsoup,Akarsh,,,,
429,jtidy,Akarsh,,,,
430,junitperf,Akarsh,,,,
431,jzlib,Akarsh,,,,
432,kde-filesystem,Aninda,https://github.com/microsoft/azurelinux/pull/11475,,,
433,kernel-rt,Aninda,,,,
434,keybinder3,Aninda,,,,
435,keycloak-httpd-client-install,Aninda,,,,
436,kronosnet,Aninda,,,,
437,kyotocabinet,Aninda,,,,
438,ladspa,Aninda,,,,
439,lame,Aninda,,,,
440,langtable,Aninda,,,,
441,lasso,Aninda,,,,
442,latencytop,Aninda,,,,
443,lcov,Aninda,,,,
444,ledmon,Aninda,,,,
445,lensfun,Aninda,,,,
446,lftp,Aninda,,,,
447,libEMF,Aninda,,,,
448,libIDL,Aninda,,,,
449,libXScrnSaver,Aninda,https://github.com/microsoft/azurelinux/pull/11377,,,
450,libXres,Aninda,,,,
451,libXv,Aninda,,,,
452,libabw,Aninda,,,,
453,libao,Aninda,,,,
454,libappstream-glib,Aninda,,,,
455,libart_lgpl,Aninda,,,,
456,libasyncns,Aninda,,,,
457,libavc1394,Jyoti,,,,
458,libblockdev,Jyoti,,,,
459,libbsd,Jyoti,https://github.com/microsoft/azurelinux/pull/10953,,,
460,libbytesize,Jyoti,https://github.com/microsoft/azurelinux/pull/10964,,,
461,libcanberra,Jyoti,,,,
462,libcdio,Jyoti,,,,
463,libcdio-paranoia,Jyoti,,,,
464,libcdr,Jyoti,,,,
465,libchewing,Jyoti,,,,
466,libcli,Jyoti,https://github.com/microsoft/azurelinux/pull/11024,,,
467,libcmis,Jyoti,https://github.com/microsoft/azurelinux/pull/11026,,,
468,libcmpiutil,Jyoti,,,,
469,libcroco,Jyoti,,,,
470,libdap,Jyoti,https://github.com/microsoft/azurelinux/pull/11052,,,
471,libdatrie,Jyoti,https://github.com/microsoft/azurelinux/pull/11048,,,
472,libdazzle,Jyoti,https://github.com/microsoft/azurelinux/pull/11047,,,
473,libdbi,Jyoti,,,,
474,libdbi-drivers,Jyoti,,,,
475,libdbusmenu,Jyoti,,,,
476,libdc1394,Jyoti,,,,
477,libdeflate,Jyoti,https://github.com/microsoft/azurelinux/pull/10658,,,
478,libdmx,Jyoti,https://github.com/microsoft/azurelinux/pull/11142,,,
479,libdvdnav,Jyoti,,,,
480,libdvdread,Jyoti,https://github.com/microsoft/azurelinux/pull/11073,,,
481,libeasyfc,Jyoti,https://github.com/microsoft/azurelinux/pull/11143,,,
482,libecap,Jagadeesh,,,,
483,libecb,Jagadeesh,,,,
484,libeot,Jagadeesh,,,,
485,libepubgen,Jagadeesh,,,,
486,libesmtp,Jagadeesh,,,,
487,libetonyek,Jagadeesh,,,,
488,libexttextcat,Jagadeesh,https://github.com/microsoft/azurelinux/pull/10918,,,
489,libfreehand,Jagadeesh,,,,
490,libftdi,Jagadeesh,,,,
491,libgadu,Jagadeesh,,,,
492,libgdither,Jagadeesh,,,,
493,libgee,Jagadeesh,https://github.com/microsoft/azurelinux/pull/11227,,,
494,libgee06,Jagadeesh,,,,
495,libgeotiff,Jagadeesh,,,,
496,libgexiv2,Jagadeesh,,,,
497,libgit2-glib,Jagadeesh,,,,
498,libglade2,Jagadeesh,,,,
499,libgovirt,Jagadeesh,,,,
500,libgphoto2,Kevin,https://github.com/microsoft/azurelinux/pull/10775,,,
501,libgsf,Jagadeesh,,,,
502,libgta,Jagadeesh,,,,
503,libgxps,Jagadeesh,,,,
504,libhangul,Jagadeesh,,,,
505,libibcommon,Jagadeesh,,,,
506,libicns,Jagadeesh,,,,
507,libid3tag,Jagadeesh,https://github.com/microsoft/azurelinux/pull/10843,,,
508,libidn2,Kevin,,,,
509,libiec61883,Kevin,,,,
510,libieee1284,Kevin,,,,
511,libimobiledevice,Kevin,,,,
512,libindicator,Kevin,,,,
513,libiodbc,Kevin,https://github.com/microsoft/azurelinux/pull/10932,,,
514,libipt,Kevin,https://github.com/microsoft/azurelinux/pull/10939,,,
515,libiptcdata,Kevin,,,,
516,libjcat,Kevin,https://github.com/microsoft/azurelinux/pull/10943,,,
517,libkeepalive,Kevin,,,,
518,libkkc,Kevin,,,,
519,libkkc-data,Kevin,,,,
520,libkml,Kevin,,,,
521,liblangtag,Kevin,https://github.com/microsoft/azurelinux/pull/11154,,,
522,libldb,Kevin,,,,
523,liblerc,Kevin,,,,
524,liblockfile,Kevin,https://github.com/microsoft/azurelinux/pull/10977,,,
525,liblouis,Kevin,https://github.com/microsoft/azurelinux/pull/10980,,,
526,liblqr-1,Kevin,NOT_FOUND,,,
527,libmad,Kevin,https://github.com/microsoft/azurelinux/pull/11015,,,
528,libmediaart,Kevin,https://github.com/microsoft/azurelinux/pull/11036,,,
529,libmicrohttpd,Kevin,,,,
530,libmikmod,Kevin,,,,
531,libmodman,Kevin,,,,
532,libmodplug,Kevin,,,,
533,libmodulemd1,Akarsh,,,,
534,libmpcdec,Akarsh,,,,
535,libmspub,Akarsh,,,,
536,libmtp,Akarsh,,,,
537,libmusicbrainz5,Akarsh,,,,
538,libmwaw,Akarsh,,,,
539,libnet,Akarsh,,,,
540,libntlm,Akarsh,,,,
541,libnumbertext,Akarsh,,,,
542,liboauth,Akarsh,,,,
543,libodfgen,Akarsh,,,,
544,libofa,Akarsh,,,,
545,libogg,Akarsh,,,,
546,liboggz,Akarsh,,,,
547,liboil,Akarsh,,,,
548,libomxil-bellagio,Akarsh,,,,
549,libopenraw,Akarsh,,,,
550,liboping,Akarsh,,,,
551,libosinfo,Akarsh,,,,
552,libotf,Akarsh,,,,
553,libotr,Sumit,https://github.com/microsoft/azurelinux/pull/11207,,,
554,libpagemaker,Akarsh,,,,
555,libpaper,Akarsh,,,,
556,libpeas,Akarsh,,,,
557,libpfm,Akarsh,https://github.com/microsoft/azurelinux/pull/11646,,,
558,libpinyin,Sumit,,,,
559,libplist,Kevin,https://github.com/microsoft/azurelinux/pull/10884,,,
560,libpmemobj-cpp,Sumit,,,,
561,libpng12,Sumit,,,,
562,libpng15,Sumit,,,,
563,libproxy,Sumit,https://github.com/microsoft/azurelinux/pull/11241,,,
564,libqb,Sumit,https://github.com/microsoft/azurelinux/pull/11017,,,
565,libqxp,Sumit,,,,
566,librabbitmq,Sumit,https://github.com/microsoft/azurelinux/pull/11018,,,
567,libraqm,Sumit,https://github.com/microsoft/azurelinux/pull/11021,,,
568,libraw1394,Sumit,,,,
569,libreport,Sumit,,,,
570,librevenge,Sumit,https://github.com/microsoft/azurelinux/pull/11022,,,
571,librx,Sumit,,,,
572,libsamplerate,Sumit,,,,
573,libsass,Sumit,https://github.com/microsoft/azurelinux/pull/11023,,,
574,libsecret,Sumit,https://github.com/microsoft/azurelinux/pull/11226,,,
575,libsigc++20,Sumit,https://github.com/microsoft/azurelinux/pull/11046,,,
576,libsigsegv,Sumit,https://github.com/microsoft/azurelinux/pull/11056,,,
577,libsmbios,Sumit,https://github.com/microsoft/azurelinux/pull/11057,,,
578,libspiro,Sumit,https://github.com/microsoft/azurelinux/pull/11058,,,
579,libsrtp,Sumit,https://github.com/microsoft/azurelinux/pull/11061,,,
580,libstaroffice,Sumit,,,,
581,libstemmer,Sumit,,,,
582,libtdb,Sumit,https://github.com/microsoft/azurelinux/pull/11062,,,
583,libteam,Sreenivasulu,,,,
584,libtevent,Sreenivasulu,,,,
585,libthai,Sreenivasulu,,,,
586,libtheora,Sreenivasulu,,,,
587,libtnc,Sreenivasulu,,,,
588,libtomcrypt,Sreenivasulu,,,,
589,libtommath,Sreenivasulu,https://github.com/microsoft/azurelinux/pull/11088,,,
590,libtranslit,Sreenivasulu,,,,
591,libucil,Sreenivasulu,,,,
592,libunicap,Sreenivasulu,,,,
593,libuninameslist,Sreenivasulu,https://github.com/microsoft/azurelinux/pull/11101,,,
594,libusbmuxd,Kevin,https://github.com/microsoft/azurelinux/pull/10905,,,
595,libuser,Sreenivasulu,,,,
596,libutempter,Sreenivasulu,,,,
597,libva,Sreenivasulu,,,,
598,libvarlink,Sreenivasulu,,,,
599,libvdpau,Sreenivasulu,https://github.com/microsoft/azurelinux/pull/11161,,,
600,libverto,Sreenivasulu,https://github.com/microsoft/azurelinux/pull/11089,,,
601,libvisio,Sreenivasulu,,,,
602,libvisual,Sreenivasulu,,,,
603,libvorbis,Sreenivasulu,,,,
604,libvpx,Sreenivasulu,,,,
605,libwnck3,Sreenivasulu,,,,
606,libwpd,Sreenivasulu,,,,
607,libwpe,Sreenivasulu,https://github.com/microsoft/azurelinux/pull/11197,,,
608,libwpg,Aninda,,,,
609,libwps,Aninda,,,,
610,libwvstreams,Aninda,,,,
611,libxklavier,Aninda,,,,
612,libxmlb,Aninda,,,,
613,libyami,Aninda,Package is currently unmaintained,,,
614,libyubikey,Aninda,,,,
615,libzmf,Aninda,,,,
616,lilv,Aninda,,,,
617,linuxconsoletools,Aninda,,,,
618,lksctp-tools,Aninda,,,,
619,lockdev,Aninda,,,,
620,logwatch,Aninda,,,,
621,lpsolve,Aninda,,,,
622,lrzsz,Aninda,,,,
623,lua-expat,Aninda,,,,
624,lua-filesystem,Aninda,,,,
625,lua-json,Aninda,,,,
626,lua-lpeg,Aninda,,,,
627,lua-lunit,Aninda,,,,
628,lua-term,Aninda,,,,
629,luksmeta,Aninda,,,,
630,lv2,Aninda,,,,
631,lzip,Aninda,,,,
632,m17n-db,Aninda,https://github.com/microsoft/azurelinux/pull/11340,,,
633,m17n-lib,Aninda,,,,
634,mailx,Neeraj,NOT_FOUND,,,
635,mallard-rng,Neeraj,NOT_FOUND,,,
636,man-pages-cs,Neeraj,NOT_FOUND,,,
637,man-pages-es,Neeraj,NOT_FOUND,,,
638,man-pages-it,Neeraj,NOT_FOUND,,,
639,man-pages-ja,Aninda,https://github.com/microsoft/azurelinux/pull/11769,,,
640,man-pages-ko,Neeraj,NOT_FOUND,,,
641,man-pages-pl,Neeraj,NOT_FOUND,,,
642,man-pages-ru,Neeraj,NOT_FOUND,,,
643,man-pages-zh-CN,Neeraj,NOT_FOUND,,,
644,mariadb-connector-odbc,Aninda,,,,
645,marisa,Jagadeesh,NOT_FOUND,,,
646,maven-parent,Neeraj,NOT_FOUND,,,
647,mcelog,Aninda,https://github.com/microsoft/azurelinux/pull/11510,,,
648,mdds,Aninda,https://github.com/microsoft/azurelinux/pull/11511,,,
649,meanwhile,Aninda,https://github.com/microsoft/azurelinux/pull/11512,,,
650,mecab,Neeraj,NOT_FOUND,,,
651,mecab-ipadic,Neeraj,NOT_FOUND,,,
652,media-player-info,Neeraj,NOT_FOUND,,,
653,memkind,Neeraj,NOT_FOUND,,,
654,metis,Aninda,https://github.com/microsoft/azurelinux/pull/11768,,,
655,microcode_ctl,Neeraj,NOT_FOUND,,,
656,microdnf,Neeraj,NOT_FOUND,,,
657,minicom,Neeraj,NOT_FOUND,,,
658,minizip,Neeraj,NOT_FOUND,,,
659,mksh,,NOT_FOUND,,,
660,mobile-broadband-provider-info,Aninda,https://github.com/microsoft/azurelinux/pull/11529,,,
661,mock,Akarsh,NOT_FOUND,,,
662,mock-core-configs,Akarsh,NOT_FOUND,,,
663,mod_auth_gssapi,Akarsh,NOT_FOUND,,,
664,mod_auth_mellon,Akarsh,NOT_FOUND,,,
665,mod_auth_openidc,Aninda,,,,
666,mod_authnz_pam,Aninda,https://github.com/microsoft/azurelinux/pull/11549,,,
667,mod_fcgid,,NOT_FOUND,,,
668,mod_http2,,NOT_FOUND,,,
669,mod_intercept_form_submit,Aninda,https://github.com/microsoft/azurelinux/pull/11571,,,
670,mod_lookup_identity,,NOT_FOUND,,,
671,mod_md,Aninda,https://github.com/microsoft/azurelinux/pull/11790,,,
672,mod_security,Aninda,https://github.com/microsoft/azurelinux/pull/11802,,,
673,mod_security_crs,Aninda,https://github.com/microsoft/azurelinux/pull/11576,,,
674,mod_wsgi,Akarsh,NOT_FOUND,,,
675,mosh,Akarsh,NOT_FOUND,,,
676,mpage,,NOT_FOUND,,,
677,mrtg,Akarsh,NOT_FOUND,,,
678,mt-st,Akarsh,NOT_FOUND,,,
679,mtr,Akarsh,NOT_FOUND,,,
680,mtx,,NOT_FOUND,,,
681,mutt,Akarsh,NOT_FOUND,,,
682,mythes,Aninda,,,,
683,mythes-bg,,NOT_FOUND,,,
684,mythes-ca,Aninda,https://github.com/microsoft/azurelinux/pull/11602,,,
685,mythes-cs,,NOT_FOUND,,,
686,mythes-da,,NOT_FOUND,,,
687,mythes-de,Aninda,,,,
688,mythes-el,,NOT_FOUND,,,
689,mythes-en,Aninda,,,,
690,mythes-eo,,NOT_FOUND,,,
691,mythes-es,,NOT_FOUND,,,
692,mythes-fr,,NOT_FOUND,,,
693,mythes-ga,,NOT_FOUND,,,
694,mythes-hu,,NOT_FOUND,,,
695,mythes-mi,,NOT_FOUND,,,
696,mythes-ne,,NOT_FOUND,,,
697,mythes-nl,,NOT_FOUND,,,
698,mythes-pl,,NOT_FOUND,,,
699,mythes-pt,,NOT_FOUND,,,
700,mythes-ro,,NOT_FOUND,,,
701,mythes-ru,,NOT_FOUND,,,
702,mythes-sk,,NOT_FOUND,,,
703,mythes-sl,,NOT_FOUND,,,
704,mythes-sv,,NOT_FOUND,,,
705,mythes-uk,,NOT_FOUND,,,
706,neon,Jagadeesh,https://github.com/microsoft/azurelinux/pull/11484,Suresh,In Review,
707,netcdf,Aninda,,,,
708,netcf,,NOT_FOUND,,,
709,netlabel_tools,,NOT_FOUND,,,
710,netpbm,Aninda,,,,
711,netsniff-ng,Aninda,,,,
712,nilfs-utils,Jagadeesh,https://github.com/microsoft/azurelinux/pull/11487,Suresh,In Review,
713,nkf,,NOT_FOUND,,,
714,nload,,NOT_FOUND,,,
715,nmi,Aninda,,,,
716,nodejs-nodemon,Jagadeesh,,,,
717,nodejs-packaging,Jagadeesh,,,,
718,nss-mdns,Aninda,,,,
719,nss-pam-ldapd,,NOT_FOUND,,,
720,numatop,Jagadeesh,https://github.com/microsoft/azurelinux/pull/11596,Bala,In Review,
721,nvmetcli,Jagadeesh,,Bala,In Review,
722,objectweb-anttask,Aninda,,,,
723,objenesis,Aninda,,,,
724,ocaml-calendar,Jagadeesh,,Bala,In Review,
725,ocaml-camlp5,Aninda,,,,
726,ocaml-csv,Jagadeesh,https://github.com/microsoft/azurelinux/pull/11531,Bala,In Review,
727,ocaml-curses,Jagadeesh,https://github.com/microsoft/azurelinux/pull/11566,Bala,In Review,
728,ocaml-extlib,Jagadeesh,https://github.com/microsoft/azurelinux/pull/11567,,,
729,ocaml-fpath,,NOT_FOUND,,,
730,ocaml-libvirt,Jagadeesh,https://github.com/microsoft/azurelinux/pull/11599,,,
731,ocaml-markup,Jagadeesh,https://github.com/microsoft/azurelinux/pull/11723,Bala,Dev Approved,
732,ocaml-parsexp,Aninda,,,,
733,ocaml-sexplib,Aninda,,,,
734,ocaml-tyxml,Jagadeesh,,,,
735,ocaml-xml-light,Jagadeesh,,,,
736,ocaml-zarith,Jagadeesh,https://github.com/microsoft/azurelinux/pull/11680,Bala,Dev Approved,
737,ocl-icd,Jagadeesh,,,,
738,oddjob,Jagadeesh,,,,
739,ogdi,Jagadeesh,https://github.com/microsoft/azurelinux/pull/11411,,,
740,omping,,NOT_FOUND,,,
741,opal,Jagadeesh,,,,
742,opencc,Jagadeesh,,,,
743,opencl-filesystem,,NOT_FOUND,,,
744,opencl-headers,Jagadeesh,https://github.com/microsoft/azurelinux/pull/11709,,,
745,opencryptoki,Jagadeesh,,,,
746,opendnssec,Jagadeesh,,,,
747,openjpeg2,,NOT_FOUND,,,
748,openobex,,NOT_FOUND,,,
749,openoffice-lv,Jagadeesh,,,,
750,openrdate,,NOT_FOUND,,,
751,openslp,,NOT_FOUND,,,
752,openssl-ibmpkcs11,,NOT_FOUND,,,
753,openwsman,Jagadeesh,,,,
754,optipng,Jagadeesh,,,,
755,opus,Jyoti,,,,
756,opusfile,,NOT_FOUND,,,
757,orc,Jyoti,https://github.com/microsoft/azurelinux/pull/11485,Bala,Dev Approved,
758,oro,Jagadeesh,,,,
759,os-prober,Jyoti,https://github.com/microsoft/azurelinux/pull/11494,,,
760,osgi-annotation,Jagadeesh,,,,
761,osgi-compendium,Jagadeesh,,,,
762,osgi-core,Jagadeesh,,,,
763,osinfo-db,Jyoti,,Suresh,In Review,
764,osinfo-db-tools,Jyoti,https://github.com/microsoft/azurelinux/pull/11513,,,
765,overpass-fonts,Jagadeesh,,,,
766,pacemaker,Jyoti,NOT_FOUND,,,
767,pacrunner,,NOT_FOUND,,,
768,pakchois,,NOT_FOUND,,,
769,papi,Jyoti,,,,
770,paps,Jyoti,https://github.com/microsoft/azurelinux/pull/11518,,,
771,parallel,Jyoti,https://github.com/microsoft/azurelinux/pull/11519,Suresh,Dev Approved,
772,pbzip2,,NOT_FOUND,,,
773,pcp,Jyoti,,,,
774,perl-Algorithm-C3,Jyoti,,,,
775,perl-Algorithm-Diff,Jyoti,https://github.com/microsoft/azurelinux/pull/11521,Suresh,Dev Approved,
776,perl-Alien-Build,Jyoti,,,,
777,perl-Alien-pkgconf,Jyoti,,,,
778,perl-AnyEvent,,NOT_FOUND,,,
779,perl-AnyEvent-AIO,,NOT_FOUND,,,
780,perl-AnyEvent-BDB,Jyoti,,,,
781,perl-App-FatPacker,,NOT_FOUND,,,
782,perl-AppConfig,,NOT_FOUND,,,
783,perl-Archive-Extract,Jyoti,,,,
784,perl-Authen-SASL,,NOT_FOUND,,,
785,perl-B-Debug,,NOT_FOUND,,,
786,perl-B-Hooks-EndOfScope,Jyoti,,,,
787,perl-B-Hooks-OP-Check,Jyoti,,,,
788,perl-B-Keywords,Jyoti,https://github.com/microsoft/azurelinux/pull/11593,,,
789,perl-B-Lint,,NOT_FOUND,,,
790,perl-BDB,Sumit,,,,
791,perl-BSD-Resource,,NOT_FOUND,,,
792,perl-Browser-Open,,NOT_FOUND,,,
793,perl-Business-ISBN,Jyoti,,,,
794,perl-Business-ISBN-Data,Jyoti,,,,
795,perl-CBOR-XS,,NOT_FOUND,,,
796,perl-CSS-Tiny,,NOT_FOUND,,,
797,perl-Class-C3,,NOT_FOUND,,,
798,perl-Class-C3-XS,Jyoti,https://github.com/microsoft/azurelinux/pull/11591,Suresh,In Review,
799,perl-Class-Data-Inheritable,Jyoti,https://github.com/microsoft/azurelinux/pull/10618,Suresh,In Review,
800,perl-Class-Factory-Util,,NOT_FOUND,,,
801,perl-Class-ISA,Kevin,,,,
802,perl-Class-Inspector,,NOT_FOUND,,,
803,perl-Class-Load,Kevin,,,,
804,perl-Class-Load-XS,Kevin,,,,
805,perl-Class-Method-Modifiers,Jyoti,https://github.com/microsoft/azurelinux/pull/11547,Suresh,Dev Approved,
806,perl-Class-Singleton,Jyoti,https://github.com/microsoft/azurelinux/pull/10618,Suresh,Dev Approved,
807,perl-Class-Tiny,,NOT_FOUND,,,
808,perl-Class-XSAccessor,Kevin,,,,
809,perl-Clone,Kevin,,,,
810,perl-Color-ANSI-Util,Kevin,,,,
811,perl-Color-RGB-Util,Kevin,,,,
812,perl-ColorThemeBase-Static,Kevin,,,,
813,perl-ColorThemeRole-ANSI,Kevin,,,,
814,perl-ColorThemeUtil-ANSI,Kevin,,,,
815,perl-ColorThemes-Standard,Kevin,,,,
816,perl-Compress-LZF,Sreenivasulu,,,,
817,perl-Compress-Raw-Lzma,,NOT_FOUND,,,
818,perl-Config-AutoConf,,NOT_FOUND,,,
819,perl-Config-INI,,NOT_FOUND,,,
820,perl-Config-INI-Reader-Multiline,,NOT_FOUND,,,
821,perl-Config-IniFiles,Jyoti,https://github.com/microsoft/azurelinux/pull/11544,Suresh,In Review,
822,perl-Config-Simple,,NOT_FOUND,,,
823,perl-Config-Tiny,,NOT_FOUND,,,
824,perl-Const-Fast,Sreenivasulu,,,,
825,perl-Convert-ASN1,Jyoti,https://github.com/microsoft/azurelinux/pull/11543,,,
826,perl-Convert-Bencode,,NOT_FOUND,,,
827,perl-Coro,,NOT_FOUND,,,
828,perl-Coro-Multicore,Sreenivasulu,,,,
829,perl-Cpanel-JSON-XS,Sreenivasulu,,,,
830,perl-Crypt-CBC,Sreenivasulu,,,,
831,perl-Crypt-DES,Sreenivasulu,,,,
832,perl-Crypt-IDEA,,NOT_FOUND,,,
833,perl-Crypt-OpenSSL-Bignum,,NOT_FOUND,,,
834,perl-Crypt-OpenSSL-Guess,Jyoti,https://github.com/microsoft/azurelinux/pull/11542,,,
835,perl-Crypt-OpenSSL-RSA,Sumit,,,,
836,perl-Crypt-OpenSSL-Random,Jyoti,,,,
837,perl-Crypt-PasswdMD5,Sreenivasulu,,,,
838,perl-DBD-MySQL,Sreenivasulu,,,,
839,perl-Data-Munge,Sreenivasulu,,,,
840,perl-Data-OptList,Sreenivasulu,,,,
841,perl-Data-Peek,Jyoti,,,,
842,perl-Data-Section,,NOT_FOUND,,,
843,perl-Data-UUID,Jyoti,https://github.com/microsoft/azurelinux/pull/11536,,,
844,perl-Date-ISO8601,,NOT_FOUND,,,
845,perl-Date-Manip,Jyoti,,,,
846,perl-DateTime,Sumit,,,,
847,perl-DateTime-Format-Builder,Sumit,,,,
848,perl-DateTime-Format-DateParse,Sumit,,,,
849,perl-DateTime-Format-HTTP,Sumit,,,,
850,perl-DateTime-Format-IBeat,Sumit,,,,
851,perl-DateTime-Format-ISO8601,Sumit,,,,
852,perl-DateTime-Format-Mail,Sumit,,,,
853,perl-DateTime-Format-Strptime,Sumit,,,,
854,perl-DateTime-Locale,Sumit,,,,
855,perl-DateTime-TimeZone,Sumit,,,,
856,perl-DateTime-TimeZone-SystemV,,NOT_FOUND,,,
857,perl-DateTime-TimeZone-Tzfile,,NOT_FOUND,,,
858,perl-Devel-CallChecker,Kevin,https://github.com/microsoft/azurelinux/pull/11498,,,
859,perl-Devel-Caller,Akarsh,NOT_FOUND,,,
860,perl-Devel-Cycle,Akarsh,NOT_FOUND,,,
861,perl-Devel-EnforceEncapsulation,,NOT_FOUND,,,
862,perl-Devel-GlobalDestruction,Akarsh,NOT_FOUND,,,
863,perl-Devel-GlobalDestruction-XS,Akarsh,NOT_FOUND,,,
864,perl-Devel-Hide,Akarsh,NOT_FOUND,,,
865,perl-Devel-Leak,,NOT_FOUND,,,
866,perl-Devel-LexAlias,Akarsh,NOT_FOUND,,,
867,perl-Devel-Size,Kevin,https://github.com/microsoft/azurelinux/pull/11500,,,
868,perl-Digest-BubbleBabble,Akarsh,NOT_FOUND,,,
869,perl-Digest-CRC,Kevin,https://github.com/microsoft/azurelinux/pull/11501,,,
870,perl-Dist-CheckConflicts,,NOT_FOUND,,,
871,perl-DynaLoader-Functions,Kevin,https://github.com/microsoft/azurelinux/pull/11509,,,
872,perl-EV,,NOT_FOUND,,,
873,perl-Email-Address,Kevin,https://github.com/microsoft/azurelinux/pull/11532,,,
874,perl-Email-Date-Format,Kevin,https://github.com/microsoft/azurelinux/pull/11533,,,
875,perl-Encode-Detect,,NOT_FOUND,,,
876,perl-Encode-EUCJPASCII,,NOT_FOUND,,,
877,perl-Encode-IMAPUTF7,,NOT_FOUND,,,
878,perl-Env-ShellWords,Akarsh,NOT_FOUND,,,
879,perl-Error,,NOT_FOUND,,,
880,perl-Eval-Closure,,NOT_FOUND,,,
881,perl-Event,Kevin,https://github.com/microsoft/azurelinux/pull/11534,,,
882,perl-Exception-Class,Kevin,https://github.com/microsoft/azurelinux/pull/11579,,,
883,perl-ExtUtils-Config,Kevin,https://github.com/microsoft/azurelinux/pull/11582,,,
884,perl-ExtUtils-Depends,Akarsh,NOT_FOUND,,,
885,perl-ExtUtils-Helpers,Kevin,https://github.com/microsoft/azurelinux/pull/11624,,,
886,perl-ExtUtils-InstallPaths,Kevin,https://github.com/microsoft/azurelinux/pull/11625,,,
887,perl-ExtUtils-PkgConfig,,NOT_FOUND,,,
888,perl-FCGI,Akarsh,NOT_FOUND,,,
889,perl-FFI-CheckLib,Akarsh,NOT_FOUND,,,
890,perl-File-BOM,Aninda,,,,
891,perl-File-BaseDir,Aninda,,,,
892,perl-File-CheckTree,,NOT_FOUND,,,
893,perl-File-Copy-Recursive,Aninda,,,,
894,perl-File-DesktopEntry,Aninda,,,,
895,perl-File-Find-Object,Aninda,,,,
896,perl-File-Find-Object-Rule,Aninda,,,,
897,perl-File-Find-Rule,,NOT_FOUND,,,
898,perl-File-Find-Rule-Perl,,NOT_FOUND,,,
899,perl-File-Inplace,,NOT_FOUND,,,
900,perl-File-MimeInfo,Aninda,,,,
901,perl-File-ReadBackwards,Kevin,https://github.com/microsoft/azurelinux/pull/11626,,,
902,perl-File-Remove,Kevin,https://github.com/microsoft/azurelinux/pull/11691,Bala,Dev Approved,
903,perl-File-ShareDir,,NOT_FOUND,,,
904,perl-File-ShareDir-Install,Kevin,https://github.com/microsoft/azurelinux/pull/11693,Bala,Dev Approved,
905,perl-File-Slurp,Kevin,https://github.com/microsoft/azurelinux/pull/11694,,,
906,perl-File-Slurp-Tiny,,NOT_FOUND,,,
907,perl-File-Slurper,,NOT_FOUND,,,
908,perl-File-Type,,NOT_FOUND,,,
909,perl-File-chdir,,NOT_FOUND,,,
910,perl-Font-TTF,,NOT_FOUND,,,
911,perl-FreezeThaw,,NOT_FOUND,,,
912,perl-GD,,NOT_FOUND,,,
913,perl-GD-Barcode,Aninda,,,,
914,perl-GSSAPI,,NOT_FOUND,,,
915,perl-Getopt-ArgvFile,,NOT_FOUND,,,
916,perl-Graphics-ColorNamesLite-WWW,,NOT_FOUND,,,
917,perl-Guard,,NOT_FOUND,,,
918,perl-HTML-Tree,,NOT_FOUND,,,
919,perl-Hook-LexWrap,,NOT_FOUND,,,
920,perl-IO-AIO,Kevin,https://github.com/microsoft/azurelinux/pull/11695,Bala,Dev Approved,
921,perl-IO-All,Aninda,,,,
922,perl-IO-CaptureOutput,Aninda,,,,
923,perl-IO-Compress-Lzma,,NOT_FOUND,,,
924,perl-IO-Multiplex,,NOT_FOUND,,,
925,perl-IO-SessionData,,NOT_FOUND,,,
926,perl-IO-Socket-INET6,Aninda,,,,
927,perl-IPC-Run3,Kevin,https://github.com/microsoft/azurelinux/pull/11698,Bala,Dev Approved,
928,perl-IPC-System-Simple,,NOT_FOUND,,,
929,perl-Image-Base,,NOT_FOUND,,,
930,perl-Image-Info,,NOT_FOUND,,,
931,perl-Image-Xbm,,NOT_FOUND,,,
932,perl-Image-Xpm,,NOT_FOUND,,,
933,perl-Import-Into,Jagadeesh,,,,
934,perl-Importer,Kevin,https://github.com/microsoft/azurelinux/pull/11710,Bala,Dev Approved,
935,perl-Inline-Files,,NOT_FOUND,,,
936,perl-JSON-Color,Jagadeesh,,,,
937,perl-JSON-MaybeXS,Jagadeesh,,,,
938,perl-LDAP,Jagadeesh,,,,
939,perl-LWP-Protocol-https,Kevin,https://github.com/microsoft/azurelinux/pull/11712,Bala,In Review,
940,perl-Lingua-EN-Inflect,Kevin,https://github.com/microsoft/azurelinux/pull/11714,Bala,Dev Approved,
941,perl-List-MoreUtils-XS,,NOT_FOUND,,,
942,perl-Locale-Codes,Kevin,https://github.com/microsoft/azurelinux/pull/11715,,,
943,perl-Locale-Maketext-Gettext,Kevin,,,,
944,perl-Locale-Msgfmt,Sumit,NOT_FOUND,,,
945,perl-Locale-PO,,NOT_FOUND,,,
946,perl-Log-Message,,NOT_FOUND,,,
947,perl-Log-Message-Simple,,NOT_FOUND,,,
948,perl-MIME-Charset,Jagadeesh,,,,
949,perl-MIME-Lite,Jagadeesh,,,,
950,perl-MIME-Types,Jagadeesh,,,,
951,perl-MLDBM,Jagadeesh,,,,
952,perl-MRO-Compat,Sreenivasulu,https://github.com/microsoft/azurelinux/pull/11476,,,
953,perl-Mail-AuthenticationResults,,NOT_FOUND,,,
954,perl-Mail-DKIM,Jagadeesh,,,,
955,perl-Mail-IMAPTalk,Sreenivasulu,,,,
956,perl-Mail-SPF,Jyoti,,,,
957,perl-MailTools,,NOT_FOUND,,,
958,perl-Math-Int64,Sreenivasulu,https://github.com/microsoft/azurelinux/pull/11477,,,
959,perl-Mixin-Linewise,,NOT_FOUND,,,
960,perl-Module-Build-Tiny,Jyoti,,,,
961,perl-Module-Implementation,,NOT_FOUND,,,
962,perl-Module-Install-AuthorRequires,Jyoti,,,,
963,perl-Module-Install-AutoLicense,Jyoti,,,,
964,perl-Module-Install-GithubMeta,,NOT_FOUND,,,
965,perl-Module-Install-ManifestSkip,,NOT_FOUND,,,
966,perl-Module-Install-ReadmeFromPod,Jyoti,,,,
967,perl-Module-Install-ReadmeMarkdownFromPod,,NOT_FOUND,,,
968,perl-Module-Install-TestBase,,NOT_FOUND,,,
969,perl-Module-Load-Util,,NOT_FOUND,,,
970,perl-Module-Manifest,,NOT_FOUND,,,
971,perl-Module-Manifest-Skip,,NOT_FOUND,,,
972,perl-Module-Package,Jyoti,,,,
973,perl-Module-Package-Au,Jyoti,,,,
974,perl-Module-Pluggable,,NOT_FOUND,,,
975,perl-Module-Runtime,Jyoti,,,,
976,perl-Module-Signature,Jyoti,https://github.com/microsoft/azurelinux/pull/11406,,,
977,perl-Mojolicious,Sreenivasulu,,,,
978,perl-Moo,Sreenivasulu,,,,
979,perl-Mozilla-CA,Sreenivasulu,https://github.com/microsoft/azurelinux/pull/11481,,,
980,perl-Mozilla-LDAP,,NOT_FOUND,,,
981,perl-NNTPClient,,NOT_FOUND,,,
982,perl-Net-CIDR-Lite,,NOT_FOUND,,,
983,perl-Net-DNS,Jyoti,,,,
984,perl-Net-DNS-Resolver-Mock,Jyoti,,,,
985,perl-Net-DNS-Resolver-Programmable,Jyoti,,,,
986,perl-Net-Daemon,Sreenivasulu,https://github.com/microsoft/azurelinux/pull/11478,,,
987,perl-Net-IMAP-Simple,,NOT_FOUND,,,
988,perl-Net-IMAP-Simple-SSL,,NOT_FOUND,,,
989,perl-Net-IP,,NOT_FOUND,,,
990,perl-Net-LibIDN2,Jyoti,https://github.com/microsoft/azurelinux/pull/11391,,,
991,perl-Net-Patricia,,NOT_FOUND,,,
992,perl-Net-SMTP-SSL,,NOT_FOUND,,,
993,perl-Net-SNMP,,NOT_FOUND,,,
994,perl-Net-Telnet,Sreenivasulu,https://github.com/microsoft/azurelinux/pull/11480,,,
995,perl-Newt,,NOT_FOUND,,,
996,perl-Number-Compare,,NOT_FOUND,,,
997,perl-Object-Deadly,,NOT_FOUND,,,
998,perl-Object-HashBase,Sreenivasulu,https://github.com/microsoft/azurelinux/pull/11524,,,
999,perl-PAR-Dist,Sreenivasulu,https://github.com/microsoft/azurelinux/pull/11585,,,
1000,perl-PPI,,NOT_FOUND,,,
1001,perl-PPI-HTML,Kevin,,,,
1002,perl-PPIx-QuoteLike,Kevin,,,,
1003,perl-PPIx-Regexp,,NOT_FOUND,,,
1004,perl-PPIx-Utilities,Kevin,,,,
1005,perl-Package-Anon,,NOT_FOUND,,,
1006,perl-Package-Constants,,NOT_FOUND,,,
1007,perl-Package-DeprecationManager,Kevin,,,,
1008,perl-Package-Generator,Kevin,,,,
1009,perl-Package-Stash,Kevin,,,,
1010,perl-Package-Stash-XS,,NOT_FOUND,,,
1011,perl-PadWalker,Kevin,,,,
1012,perl-Paper-Specs,,NOT_FOUND,,,
1013,perl-Parallel-Iterator,Sreenivasulu,https://github.com/microsoft/azurelinux/pull/11483,,,
1014,perl-Params-Classify,,NOT_FOUND,,,
1015,perl-Params-Util,Kevin,,,,
1016,perl-Params-Validate,Kevin,,,,
1017,perl-Params-ValidationCompiler,Kevin,,,,
1018,perl-Parse-RecDescent,,NOT_FOUND,,,
1019,perl-Parse-Yapp,,NOT_FOUND,,,
1020,perl-Path-Tiny,Sreenivasulu,,,,
1021,perl-Perl-Critic,Sreenivasulu,,,,
1022,perl-Perl-Critic-More,Sreenivasulu,,,,
1023,perl-Perl-Destruct-Level,Sreenivasulu,,,,
1024,perl-Perl-MinimumVersion,Sreenivasulu,,,,
1025,perl-Perl4-CoreLibs,Sreenivasulu,,,,
1026,perl-PerlIO-gzip,,NOT_FOUND,,,
1027,perl-PerlIO-utf8_strict,,NOT_FOUND,,,
1028,perl-PkgConfig-LibPkgConf,Sumit,NOT_FOUND,,,
1029,perl-Pod-Coverage-TrustPod,,NOT_FOUND,,,
1030,perl-Pod-Escapes,,NOT_FOUND,,,
1031,perl-Pod-Eventual,,NOT_FOUND,,,
1032,perl-Pod-LaTeX,,NOT_FOUND,,,
1033,perl-Pod-Markdown,,NOT_FOUND,,,
1034,perl-Pod-POM,,NOT_FOUND,,,
1035,perl-Pod-Plainer,,NOT_FOUND,,,
1036,perl-Pod-Spell,,NOT_FOUND,,,
1037,perl-Probe-Perl,,NOT_FOUND,,,
1038,perl-Razor-Agent,Sreenivasulu,https://github.com/microsoft/azurelinux/pull/11603,,,
1039,perl-Readonly,Sreenivasulu,,,,
1040,perl-Readonly-XS,,NOT_FOUND,,,
1041,perl-Ref-Util,Sreenivasulu,,,,
1042,perl-Ref-Util-XS,Sreenivasulu,,,,
1043,perl-Regexp-Pattern-Perl,Sreenivasulu,https://github.com/microsoft/azurelinux/pull/11482,,,
1044,perl-Return-MultiLevel,Sreenivasulu,,,,
1045,perl-Role-Tiny,Sreenivasulu,,,,
1046,perl-SGMLSpm,,NOT_FOUND,,,
1047,perl-SNMP_Session,Sreenivasulu,https://github.com/microsoft/azurelinux/pull/11616,,,
1048,perl-SUPER,Sreenivasulu,,,,
1049,perl-Scope-Guard,,NOT_FOUND,,,
1050,perl-Scope-Upper,Sreenivasulu,https://github.com/microsoft/azurelinux/pull/11502,,,
1051,perl-Socket6,,NOT_FOUND,,,
1052,perl-Software-License,,NOT_FOUND,,,
1053,perl-Sort-Versions,,NOT_FOUND,,,
1054,perl-Specio,Sumit,,,,
1055,perl-Spiffy,,NOT_FOUND,,,
1056,perl-String-CRC32,Sreenivasulu,,,,
1057,perl-String-Format,,NOT_FOUND,,,
1058,perl-String-Similarity,,NOT_FOUND,,,
1059,perl-Sub-Exporter,Sumit,,,,
1060,perl-Sub-Exporter-Progressive,Sumit,,,,
1061,perl-Sub-Identify,Sumit,,,,
1062,perl-Sub-Info,,NOT_FOUND,,,
1063,perl-Sub-Install,Sumit,,,,
1064,perl-Sub-Quote,Sumit,,,,
1065,perl-Sub-Uplevel,,NOT_FOUND,,,
1066,perl-Switch,,NOT_FOUND,,,
1067,perl-Syntax-Highlight-Engine-Kate,Sumit,,,,
1068,perl-Sys-CPU,,NOT_FOUND,,,
1069,perl-Sys-MemInfo,,NOT_FOUND,,,
1070,perl-Taint-Runtime,,NOT_FOUND,,,
1071,perl-Task-Weaken,,NOT_FOUND,,,
1072,perl-Term-Size-Any,,NOT_FOUND,,,
1073,perl-Term-Size-Perl,,NOT_FOUND,,,
1074,perl-Term-Table,Sumit,,,,
1075,perl-Term-UI,,NOT_FOUND,,,
1076,perl-TermReadKey,,NOT_FOUND,,,
1077,perl-Test-Base,,NOT_FOUND,,,
1078,perl-Test-CPAN-Meta,,NOT_FOUND,,,
1079,perl-Test-CPAN-Meta-JSON,,NOT_FOUND,,,
1080,perl-Test-ClassAPI,,NOT_FOUND,,,
1081,perl-Test-Differences,,NOT_FOUND,,,
1082,perl-Test-DistManifest,,NOT_FOUND,,,
1083,perl-Test-Distribution,Sumit,,,,
1084,perl-Test-EOL,Sreenivasulu,https://github.com/microsoft/azurelinux/pull/11525,,,
1085,perl-Test-Exception,,NOT_FOUND,,,
1086,perl-Test-Exit,,NOT_FOUND,,,
1087,perl-Test-FailWarnings,,NOT_FOUND,,,
1088,perl-Test-File,Sreenivasulu,https://github.com/microsoft/azurelinux/pull/11530,,,
1089,perl-Test-File-ShareDir,Sumit,,,,
1090,perl-Test-Harness,Sreenivasulu,https://github.com/microsoft/azurelinux/pull/11558,,,
1091,perl-Test-HasVersion,,NOT_FOUND,,,
1092,perl-Test-InDistDir,,NOT_FOUND,,,
1093,perl-Test-Inter,Sreenivasulu,https://github.com/microsoft/azurelinux/pull/11580,,,
1094,perl-Test-LongString,,NOT_FOUND,,,
1095,perl-Test-Manifest,Sreenivasulu,https://github.com/microsoft/azurelinux/pull/11627,,,
1096,perl-Test-Memory-Cycle,,NOT_FOUND,,,
1097,perl-Test-MinimumVersion,,NOT_FOUND,,,
1098,perl-Test-MockObject,,NOT_FOUND,,,
1099,perl-Test-MockRandom,,NOT_FOUND,,,
1100,perl-Test-NoTabs,,NOT_FOUND,,,
1101,perl-Test-Object,,NOT_FOUND,,,
1102,perl-Test-Output,,NOT_FOUND,,,
1103,perl-Test-Portability-Files,,NOT_FOUND,,,
1104,perl-Test-Requires,,NOT_FOUND,,,
1105,perl-Test-RequiresInternet,,NOT_FOUND,,,
1106,perl-Test-Script,,NOT_FOUND,,,
1107,perl-Test-Simple,,NOT_FOUND,,,
1108,perl-Test-SubCalls,,NOT_FOUND,,,
1109,perl-Test-Synopsis,Sreenivasulu,https://github.com/microsoft/azurelinux/pull/11690,,,
1110,perl-Test-Taint,,NOT_FOUND,,,
1111,perl-Test-TrailingSpace,,NOT_FOUND,,,
1112,perl-Test-Vars,,NOT_FOUND,,,
1113,perl-Test-Warn,,NOT_FOUND,,,
1114,perl-Test-Without-Module,,NOT_FOUND,,,
1115,perl-Test-utf8,,NOT_FOUND,,,
1116,perl-Test2-Plugin-NoWarnings,,NOT_FOUND,,,
1117,perl-Test2-Suite,,NOT_FOUND,,,
1118,perl-Test2-Tools-Explain,,NOT_FOUND,,,
1119,perl-Text-CSV_XS,,NOT_FOUND,,,
1120,perl-Text-CharWidth,,NOT_FOUND,,,
1121,perl-Text-Diff,,NOT_FOUND,,,
1122,perl-Text-Glob,,NOT_FOUND,,,
1123,perl-Text-Iconv,,NOT_FOUND,,,
1124,perl-Text-Soundex,,NOT_FOUND,,,
1125,perl-Text-Unidecode,,NOT_FOUND,,,
1126,perl-Text-WrapI18N,,NOT_FOUND,,,
1127,perl-Tie-IxHash,,NOT_FOUND,,,
1128,perl-Tree-DAG_Node,,NOT_FOUND,,,
1129,perl-UNIVERSAL-can,,NOT_FOUND,,,
1130,perl-UNIVERSAL-isa,,NOT_FOUND,,,
1131,perl-Unicode-EastAsianWidth,,NOT_FOUND,,,
1132,perl-Unicode-LineBreak,,NOT_FOUND,,,
1133,perl-Unicode-Map8,,NOT_FOUND,,,
1134,perl-Unicode-String,,NOT_FOUND,,,
1135,perl-Unicode-UTF8,,NOT_FOUND,,,
1136,perl-Unix-Syslog,,NOT_FOUND,,,
1137,perl-Variable-Magic,Sumit,https://github.com/microsoft/azurelinux/pull/11554,,,
1138,perl-Version-Requirements,Sumit,https://github.com/microsoft/azurelinux/pull/11555,,,
1139,perl-XML-Catalog,Sumit,https://github.com/microsoft/azurelinux/pull/11556,,,
1140,perl-XML-DOM,,NOT_FOUND,,,
1141,perl-XML-Dumper,,NOT_FOUND,,,
1142,perl-XML-Filter-BufferText,,NOT_FOUND,,,
1143,perl-XML-Generator,,NOT_FOUND,,,
1144,perl-XML-Grove,,NOT_FOUND,,,
1145,perl-XML-Handler-YAWriter,,NOT_FOUND,,,
1146,perl-XML-LibXSLT,,NOT_FOUND,,,
1147,perl-XML-Parser-Lite,,NOT_FOUND,,,
1148,perl-XML-RegExp,,NOT_FOUND,,,
1149,perl-XML-SAX-Writer,,NOT_FOUND,,,
1150,perl-XML-Simple,,NOT_FOUND,,,
1151,perl-XML-TokeParser,,NOT_FOUND,,,
1152,perl-XML-TreeBuilder,,NOT_FOUND,,,
1153,perl-XML-Twig,,NOT_FOUND,,,
1154,perl-XML-Writer,Sumit,,,,
1155,perl-XML-XPathEngine,,NOT_FOUND,,,
1156,perl-XString,Sumit,https://github.com/microsoft/azurelinux/pull/11559,,,
1157,perl-YAML-LibYAML,Sumit,https://github.com/microsoft/azurelinux/pull/11560,,,
1158,perl-YAML-PP,,NOT_FOUND,,,
1159,perl-YAML-Syck,,NOT_FOUND,,,
1160,perl-bareword-filehandles,,NOT_FOUND,,,
1161,perl-boolean,,NOT_FOUND,,,
1162,perl-gettext,,NOT_FOUND,,,
1163,perl-inc-latest,,NOT_FOUND,,,
1164,perl-indirect,,NOT_FOUND,,,
1165,perl-libnet,Sumit,https://github.com/microsoft/azurelinux/pull/11561,,,
1166,perl-libxml-perl,,NOT_FOUND,,,
1167,perl-multidimensional,,NOT_FOUND,,,
1168,perl-namespace-autoclean,,NOT_FOUND,,,
1169,perl-namespace-clean,,NOT_FOUND,,,
1170,perl-prefork,,NOT_FOUND,,,
1171,perl-strictures,,NOT_FOUND,,,
1172,perltidy,Sumit,https://github.com/microsoft/azurelinux/pull/11563,,,
1173,pesign,,NOT_FOUND,,,
1174,phodav,,NOT_FOUND,,,
1175,physfs,,NOT_FOUND,,,
1176,pinfo,Sumit,,,,
1177,pipewire,,NOT_FOUND,,,
1178,pkcs11-helper,Sumit,https://github.com/microsoft/azurelinux/pull/11565,,,
1179,plexus-pom,,NOT_FOUND,,,
1180,plotutils,,NOT_FOUND,,,
1181,pmdk-convert,,NOT_FOUND,,,
1182,pngcrush,,NOT_FOUND,,,
1183,pngnq,,NOT_FOUND,,,
1184,po4a,,NOT_FOUND,,,
1185,podman,,NOT_FOUND,,,
1186,poetry,,NOT_FOUND,,,
1187,polkit-pkla-compat,,NOT_FOUND,,,
1188,portreserve,,NOT_FOUND,,,
1189,potrace,,NOT_FOUND,,,
1190,powertop,Sumit,https://github.com/microsoft/azurelinux/pull/11608,,,
1191,ppp,,NOT_FOUND,,,
1192,pps-tools,Sumit,https://github.com/microsoft/azurelinux/pull/11609,,,
1193,pptp,,NOT_FOUND,,,
1194,procmail,Sumit,https://github.com/microsoft/azurelinux/pull/11610,,,
1195,proj,,NOT_FOUND,,,
1196,ps_mem,Sumit,https://github.com/microsoft/azurelinux/pull/11611,,,
1197,psacct,,NOT_FOUND,,,
1198,psl-make-dafsa,,NOT_FOUND,,,
1199,psutils,,NOT_FOUND,,,
1200,ptlib,,NOT_FOUND,,,
1201,publicsuffix,,NOT_FOUND,,,
1202,publicsuffix-list,,NOT_FOUND,,,
1203,pulseaudio,,NOT_FOUND,,,
1204,puppet,Sumit,,,,
1205,pyatspi,Sumit,https://github.com/microsoft/azurelinux/pull/10861,,,
1206,pybind11,,NOT_FOUND,,,
1207,pyflakes,,NOT_FOUND,,,
1208,pykickstart,Sumit,https://github.com/microsoft/azurelinux/pull/11612,,,
1209,pylint,,NOT_FOUND,,,
1210,pyparted,Sumit,https://github.com/microsoft/azurelinux/pull/11613,,,
1211,pyserial,Sumit,https://github.com/microsoft/azurelinux/pull/11614,,,
1212,python-CommonMark,,NOT_FOUND,,,
1213,python-IPy,Sumit,https://github.com/microsoft/azurelinux/pull/11615,,,
1214,python-PyMySQL,,NOT_FOUND,,,
1215,python-aiodns,,NOT_FOUND,,,
1216,python-aiohttp,,NOT_FOUND,,,
1217,python-alsa,Sumit,https://github.com/microsoft/azurelinux/pull/11617,,,
1218,python-argcomplete,,NOT_FOUND,,,
1219,python-astroid,,NOT_FOUND,,,
1220,python-augeas,,NOT_FOUND,,,
1221,python-azure-sdk,,NOT_FOUND,,,
1222,python-beautifulsoup4,,NOT_FOUND,,,
1223,python-betamax,Sumit,https://github.com/microsoft/azurelinux/pull/11619,,,
1224,python-blinker,,NOT_FOUND,,,
1225,python-blivet,Sumit,,,,
1226,python-cheetah,,NOT_FOUND,,,
1227,python-cmd2,Sumit,https://github.com/microsoft/azurelinux/pull/11671,,,
1228,python-colorama,,NOT_FOUND,,,
1229,python-configshell,Sumit,https://github.com/microsoft/azurelinux/pull/11672,,,
1230,python-cups,Sumit,https://github.com/microsoft/azurelinux/pull/11673,,,
1231,python-curio,,NOT_FOUND,,,
1232,python-d2to1,,NOT_FOUND,,,
1233,python-dbus-client-gen,Akhila,https://github.com/microsoft/azurelinux/pull/11674,,,
1234,python-dbus-python-client-gen,Akhila,https://github.com/microsoft/azurelinux/pull/11676,Bala,Dev Approved,
1235,python-dbus-signature-pyparsing,Akhila,https://github.com/microsoft/azurelinux/pull/11668,Bala,Dev Approved,
1236,python-dbusmock,,NOT_FOUND,,,
1237,python-ddt,,NOT_FOUND,,,
1238,python-debtcollector,,NOT_FOUND,,,
1239,python-dmidecode,,NOT_FOUND,,,
1240,python-dns,,NOT_FOUND,,,
1241,python-dtopt,,NOT_FOUND,,,
1242,python-dulwich,,NOT_FOUND,,,
1243,python-enchant,,NOT_FOUND,,,
1244,python-entrypoints,,NOT_FOUND,,,
1245,python-evdev,,NOT_FOUND,,,
1246,python-extras,,NOT_FOUND,,,
1247,python-faker,,NOT_FOUND,,,
1248,python-fasteners,,NOT_FOUND,,,
1249,python-fixtures,,NOT_FOUND,,,
1250,python-flake8,,NOT_FOUND,,,
1251,python-flask,,NOT_FOUND,,,
1252,python-fluidity-sm,,NOT_FOUND,,,
1253,python-funcsigs,,NOT_FOUND,,,
1254,python-genshi,,NOT_FOUND,,,
1255,python-gssapi,,NOT_FOUND,,,
1256,python-hs-dbus-signature,,NOT_FOUND,,,
1257,python-httplib2,,NOT_FOUND,,,
1258,python-humanize,,NOT_FOUND,,,
1259,python-hwdata,,NOT_FOUND,,,
1260,python-inotify,,NOT_FOUND,,,
1261,python-into-dbus-python,Akhila,https://github.com/microsoft/azurelinux/pull/11638,Bala,Dev Approved,
1262,python-iso8601,,NOT_FOUND,,,
1263,python-isodate,,NOT_FOUND,,,
1264,python-isort,,NOT_FOUND,,,
1265,python-itsdangerous,,NOT_FOUND,,,
1266,python-justbases,Akhila,https://github.com/microsoft/azurelinux/pull/11594,Suresh,Dev Approved,
1267,python-justbytes,Akhila,https://github.com/microsoft/azurelinux/pull/11597,Suresh,Dev Approved,
1268,python-jwcrypto,,NOT_FOUND,,,
1269,python-kdcproxy,,NOT_FOUND,,,
1270,python-kerberos,,NOT_FOUND,,,
1271,python-kmod,Akhila,https://github.com/microsoft/azurelinux/pull/11636,Suresh,In Review,
1272,python-lazy-object-proxy,,NOT_FOUND,,,
1273,python-ldap,,NOT_FOUND,,,
1274,python-lit,,NOT_FOUND,,,
1275,python-mccabe,,NOT_FOUND,,,
1276,python-memcached,,NOT_FOUND,,,
1277,python-mimeparse,,NOT_FOUND,,,
1278,python-monotonic,,NOT_FOUND,,,
1279,python-msal,,NOT_FOUND,,,
1280,python-msrestazure,,NOT_FOUND,,,
1281,python-mutagen,,NOT_FOUND,,,
1282,python-ntlm-auth,,NOT_FOUND,,,
1283,python-oauth2client,,NOT_FOUND,,,
1284,python-openpyxl,,NOT_FOUND,,,
1285,python-openstackdocstheme,,NOT_FOUND,,,
1286,python-oslo-i18n,,NOT_FOUND,,,
1287,python-oslo-sphinx,,NOT_FOUND,,,
1288,python-paramiko,,NOT_FOUND,,,
1289,python-podman-api,,NOT_FOUND,,,
1290,python-productmd,,NOT_FOUND,,,
1291,python-pycares,,NOT_FOUND,,,
1292,python-pydbus,,NOT_FOUND,,,
1293,python-pymongo,Akhila,https://github.com/microsoft/azurelinux/pull/11637,,,
1294,python-pyperclip,,NOT_FOUND,,,
1295,python-pyroute2,,NOT_FOUND,,,
1296,python-pyrsistent,,NOT_FOUND,,,
1297,python-pysocks,,NOT_FOUND,,,
1298,python-pytest-flake8,,NOT_FOUND,,,
1299,python-pytest-relaxed,,NOT_FOUND,,,
1300,python-pytest-runner,,NOT_FOUND,,,
1301,python-pytest-subtests,,NOT_FOUND,,,
1302,python-pytest-timeout,,NOT_FOUND,,,
1303,python-pytoml,,NOT_FOUND,,,
1304,python-qrcode,,NOT_FOUND,,,
1305,python-rdflib,,NOT_FOUND,,,
1306,python-recommonmark,,NOT_FOUND,,,
1307,python-redis,,NOT_FOUND,,,
1308,python-requests-file,,NOT_FOUND,,,
1309,python-requests-ftp,,NOT_FOUND,,,
1310,python-requests-kerberos,,NOT_FOUND,,,
1311,python-requests-mock,,NOT_FOUND,,,
1312,python-requests-toolbelt,,NOT_FOUND,,,
1313,python-requests_ntlm,,NOT_FOUND,,,
1314,python-rfc3986,,NOT_FOUND,,,
1315,python-rpm-generators,,NOT_FOUND,,,
1316,python-rpmfluff,Akhila,https://github.com/microsoft/azurelinux/pull/11639,Suresh,Dev Approved,
1317,python-rtslib,Akhila,,,,
1318,python-s3transfer,,NOT_FOUND,,,
1319,python-semantic_version,,NOT_FOUND,,,
1320,python-should_dsl,,NOT_FOUND,,,
1321,python-simpleline,Akhila,,Suresh,In Review,
1322,python-slip,,NOT_FOUND,,,
1323,python-sniffio,,NOT_FOUND,,,
1324,python-soupsieve,,NOT_FOUND,,,
1325,python-sphinx-epytext,,NOT_FOUND,,,
1326,python-sphinxcontrib-apidoc,Akhila,https://github.com/microsoft/azurelinux/pull/11635,Suresh,Dev Approved,
1327,python-sphinxcontrib-httpdomain,,NOT_FOUND,,,
1328,python-suds,,NOT_FOUND,,,
1329,python-systemd,,NOT_FOUND,,,
1330,python-tempita,,NOT_FOUND,,,
1331,python-templated-dictionary,,NOT_FOUND,,,
1332,python-testpath,,NOT_FOUND,,,
1333,python-testresources,,NOT_FOUND,,,
1334,python-testscenarios,,NOT_FOUND,,,
1335,python-testtools,,NOT_FOUND,,,
1336,python-toml,,NOT_FOUND,,,
1337,python-tornado,,NOT_FOUND,,,
1338,python-tox,,NOT_FOUND,,,
1339,python-trio,,NOT_FOUND,,,
1340,python-uamqp,,NOT_FOUND,,,
1341,python-unittest2,,NOT_FOUND,,,
1342,python-uritemplate,Akhila,https://github.com/microsoft/azurelinux/pull/11669,Suresh,Dev Approved,
1343,python-urwid,,NOT_FOUND,,,
1344,python-varlink,Akhila,,Suresh,In Review,
1345,python-voluptuous,,NOT_FOUND,,,
1346,python-waitress,,NOT_FOUND,,,
1347,python-webencodings,,NOT_FOUND,,,
1348,python-webtest,,NOT_FOUND,,,
1349,python-whoosh,,NOT_FOUND,,,
1350,python-winrm,,NOT_FOUND,,,
1351,python-xmltodict,Akhila,https://github.com/microsoft/azurelinux/pull/11592,Suresh,Dev Approved,
1352,python-yubico,,NOT_FOUND,,,
1353,python-zmq,,NOT_FOUND,,,
1354,python3-mallard-ducktype,,NOT_FOUND,,,
1355,python3-typed_ast,,NOT_FOUND,,,
1356,pyusb,,NOT_FOUND,,,
1357,pywbem,Akhila,https://github.com/microsoft/azurelinux/pull/11589,,,
1358,pyxattr,,NOT_FOUND,,,
1359,qhull,Akhila,https://github.com/microsoft/azurelinux/pull/11493,,,
1360,qpdf,,NOT_FOUND,,,
1361,qperf,,NOT_FOUND,,,
1362,qr-code-generator,Akhila,https://github.com/microsoft/azurelinux/pull/11517,,,
1363,qt5-qtconnectivity,,NOT_FOUND,,,
1364,qt5-qtsensors,,NOT_FOUND,,,
1365,qt5-qtserialport,,NOT_FOUND,,,
1366,quagga,,NOT_FOUND,,,
1367,raptor2,,NOT_FOUND,,,
1368,rarian,,NOT_FOUND,,,
1369,rasdaemon,,NOT_FOUND,,,
1370,rasqal,,NOT_FOUND,,,
1371,rcs,,NOT_FOUND,,,
1372,rdist,,NOT_FOUND,,,
1373,re2c,Akhila,https://github.com/microsoft/azurelinux/pull/11520,Suresh,In Review,
1374,realmd,Jyoti,,,,
1375,rear,,NOT_FOUND,,,
1376,recode,Akhila,https://github.com/microsoft/azurelinux/pull/11514,Suresh,In Review,
1377,redland,,NOT_FOUND,,,
1378,regexp,,NOT_FOUND,,,
1379,relaxngDatatype,,NOT_FOUND,,,
1380,resource-agents,,NOT_FOUND,,,
1381,rhash,Akhila,,,,
1382,rhino,,NOT_FOUND,,,
1383,rhnlib,,NOT_FOUND,,,
1384,ripgrep,,NOT_FOUND,,,
1385,rp-pppoe,,NOT_FOUND,,,
1386,rpmlint,,NOT_FOUND,,,
1387,rtkit,,NOT_FOUND,,,
1388,rubygem-bson,Jyoti,NOT_FOUND,,,
1389,rubygem-coderay,,NOT_FOUND,,,
1390,rubygem-diff-lcs,,NOT_FOUND,,,
1391,rubygem-eventmachine,,NOT_FOUND,,,
1392,rubygem-flexmock,Akhila,https://github.com/microsoft/azurelinux/pull/11538,,,
1393,rubygem-liquid,Akhila,,,,
1394,rubygem-maruku,,NOT_FOUND,,,
1395,rubygem-mongo,Akhila,,,,
1396,rubygem-mysql2,,NOT_FOUND,,,
1397,rubygem-pkg-config,Akhila,https://github.com/microsoft/azurelinux/pull/11601,,,
1398,rubygem-rouge,Akhila,https://github.com/microsoft/azurelinux/pull/11704,Bala,In Review,
1399,rubygem-rspec-expectations,,NOT_FOUND,,,
1400,rubygem-rspec-mocks,,NOT_FOUND,,,
1401,rubygem-rspec-support,,NOT_FOUND,,,
1402,rubygem-thread_order,,NOT_FOUND,,,
1403,rusers,,NOT_FOUND,,,
1404,rust-cbindgen,,NOT_FOUND,,,
1405,samba,,NOT_FOUND,,,
1406,sassist,,NOT_FOUND,,,
1407,satyr,Sumit,https://github.com/microsoft/azurelinux/pull/11240,,,
1408,sbc,Archana,https://github.com/microsoft/azurelinux/pull/11821,,,
1409,sblim-cim-client2,,NOT_FOUND,,,
1410,sblim-cmpi-base,,NOT_FOUND,,,
1411,sblim-cmpi-devel,,NOT_FOUND,,,
1412,sblim-cmpi-fsvol,,NOT_FOUND,,,
1413,sblim-cmpi-network,,NOT_FOUND,,,
1414,sblim-cmpi-nfsv3,,NOT_FOUND,,,
1415,sblim-cmpi-nfsv4,,NOT_FOUND,,,
1416,sblim-cmpi-params,,NOT_FOUND,,,
1417,sblim-cmpi-sysfs,,NOT_FOUND,,,
1418,sblim-cmpi-syslog,,NOT_FOUND,,,
1419,sblim-indication_helper,,NOT_FOUND,,,
1420,sblim-sfcCommon,,NOT_FOUND,,,
1421,sblim-sfcb,,NOT_FOUND,,,
1422,sblim-sfcc,,NOT_FOUND,,,
1423,sblim-testsuite,,NOT_FOUND,,,
1424,sblim-wbemcli,,NOT_FOUND,,,
1425,scl-utils,Archana,,,,
1426,scotch,,NOT_FOUND,,,
1427,screen,,NOT_FOUND,,,
1428,sdparm,Archana,https://github.com/microsoft/azurelinux/pull/11822,,,
1429,sendmail,,NOT_FOUND,,,
1430,serd,,NOT_FOUND,,,
1431,servletapi4,,NOT_FOUND,,,
1432,servletapi5,,NOT_FOUND,,,
1433,setserial,,NOT_FOUND,,,
1434,setuptool,,NOT_FOUND,,,
1435,sgpio,,NOT_FOUND,,,
1436,shapelib,,NOT_FOUND,,,
1437,sip,Archana,,,,
1438,skkdic,Archana,https://github.com/microsoft/azurelinux/pull/11834,,,
1439,slirp4netns,Archana,,,,
1440,smc-tools,,NOT_FOUND,,,
1441,sombok,,NOT_FOUND,,,
1442,sord,,NOT_FOUND,,,
1443,sound-theme-freedesktop,,NOT_FOUND,,,
1444,soundtouch,Archana,https://github.com/microsoft/azurelinux/pull/11835,,,
1445,sox,,NOT_FOUND,,,
1446,soxr,,NOT_FOUND,,,
1447,sparsehash,,NOT_FOUND,,,
1448,spausedd,Archana,,,,
1449,speex,,NOT_FOUND,,,
1450,speexdsp,Archana,,,,
1451,spice-protocol,Archana,,,,
1452,spice-vdagent,,NOT_FOUND,,,
1453,spirv-headers,,NOT_FOUND,,,
1454,spirv-tools,,NOT_FOUND,,,
1455,splix,,NOT_FOUND,,,
1456,squid,,NOT_FOUND,,,
1457,sratom,,NOT_FOUND,,,
1458,star,,NOT_FOUND,,,
1459,startup-notification,,NOT_FOUND,,,
1460,stunnel,,NOT_FOUND,,,
1461,subscription-manager,,NOT_FOUND,,,
1462,suitesparse,,NOT_FOUND,,,
1463,switcheroo-control,,NOT_FOUND,,,
1464,sysfsutils,,NOT_FOUND,,,
1465,systemd-bootchart,,NOT_FOUND,,,
1466,t1lib,,NOT_FOUND,,,
1467,t1utils,,NOT_FOUND,,,
1468,taglib,Archana,,,,
1469,tang,,NOT_FOUND,,,
1470,targetcli,Archana,,,,
1471,tbb,,NOT_FOUND,,,
1472,tcl-pgtcl,,NOT_FOUND,,,
1473,tclx,,NOT_FOUND,,,
1474,teckit,Archana,,,,
1475,telnet,,NOT_FOUND,,,
1476,tix,,NOT_FOUND,,,
1477,tk,,NOT_FOUND,,,
1478,tlog,,NOT_FOUND,,,
1479,tmpwatch,,NOT_FOUND,,,
1480,tn5250,Archana,,,,
1481,tofrodos,,NOT_FOUND,,,
1482,tpm-quote-tools,,NOT_FOUND,,,
1483,tpm-tools,,NOT_FOUND,,,
1484,trilead-ssh2,,NOT_FOUND,,,
1485,tss2,Archana,,,,
1486,ttmkfdir,,NOT_FOUND,,,
1487,twolame,Archana,,,,
1488,uchardet,Archana,,,,
1489,ucpp,,NOT_FOUND,,,
1490,ucs-miscfixed-fonts,,NOT_FOUND,,,
1491,udftools,Archana,,,,
1492,udica,,NOT_FOUND,,,
1493,udisks2,,NOT_FOUND,,,
1494,uglify-js,,NOT_FOUND,,,
1495,umoci,,NOT_FOUND,,,
1496,unicode-emoji,Jagadeesh,,,,
1497,unicode-ucd,Jagadeesh,,,,
1498,unique3,,NOT_FOUND,,,
1499,units,Jagadeesh,,,,
1500,upower,,NOT_FOUND,,,
1501,uriparser,,NOT_FOUND,,,
1502,urlview,,NOT_FOUND,,,
1503,usb_modeswitch,Jagadeesh,,,,
1504,usb_modeswitch-data,,NOT_FOUND,,,
1505,usbguard,,NOT_FOUND,,,
1506,usbmuxd,,NOT_FOUND,,,
1507,usermode,,NOT_FOUND,,,
1508,ustr,,NOT_FOUND,,,
1509,uthash,Jagadeesh,,,,
1510,uw-imap,,NOT_FOUND,,,
1511,v4l-utils,,NOT_FOUND,,,
1512,vhostmd,,NOT_FOUND,,,
1513,vino,,NOT_FOUND,,,
1514,virt-p2v,,NOT_FOUND,,,
1515,virt-top,Jagadeesh,,,,
1516,virt-who,,NOT_FOUND,,,
1517,vmem,,NOT_FOUND,,,
1518,volume_key,Jyoti,https://github.com/microsoft/azurelinux/pull/10952,,,
1519,vorbis-tools,,NOT_FOUND,,,
1520,watchdog,Akarsh,NOT_FOUND,,,
1521,wavpack,Akarsh,https://github.com/microsoft/azurelinux/pull/11645,,,
1522,web-assets,,NOT_FOUND,,,
1523,webrtc-audio-processing,Akarsh,https://github.com/microsoft/azurelinux/pull/11644,,,
1524,whois,Akarsh,NOT_FOUND,,,
1525,wireshark,,NOT_FOUND,,,
1526,woff2,,NOT_FOUND,,,
1527,wordnet,,NOT_FOUND,,,
1528,wpebackend-fdo,,NOT_FOUND,,,
1529,wsmancli,,NOT_FOUND,,,
1530,wvdial,,NOT_FOUND,,,
1531,x3270,,NOT_FOUND,,,
1532,xalan-j2,,NOT_FOUND,,,
1533,xapian-core,Aninda,,,,
1534,xbean,,NOT_FOUND,,,
1535,xcb-util,,NOT_FOUND,,,
1536,xcb-util-image,,NOT_FOUND,,,
1537,xcb-util-keysyms,,NOT_FOUND,,,
1538,xcb-util-renderutil,,NOT_FOUND,,,
1539,xcb-util-wm,Aninda,https://github.com/microsoft/azurelinux/pull/11683,,,
1540,xdelta,,NOT_FOUND,,,
1541,xdg-dbus-proxy,Aninda,https://github.com/microsoft/azurelinux/pull/11689,Suresh,In Review,
1542,xdg-utils,Aninda,https://github.com/microsoft/azurelinux/pull/11699,Suresh,In Review,
1543,xerces-j2,,NOT_FOUND,,,
1544,xfconf,Kevin,,,,
1545,xfsdump,Kevin,,,,
1546,xhtml1-dtds,,NOT_FOUND,,,
1547,xmldb-api,,NOT_FOUND,,,
1548,xmlrpc-c,Sumit,https://github.com/microsoft/azurelinux/pull/11243,,,
1549,xmlunit,,NOT_FOUND,,,
1550,xorg-x11-fonts,,NOT_FOUND,,,
1551,xorg-x11-utils,,NOT_FOUND,,,
1552,xpp2,,NOT_FOUND,,,
1553,xpp3,,NOT_FOUND,,,
1554,xrestop,Kevin,,,,
1555,xterm,,NOT_FOUND,,,
1556,yelp-tools,,NOT_FOUND,,,
1557,yelp-xsl,,NOT_FOUND,,,
1558,ykclient,,NOT_FOUND,,,
1559,ypserv,Kevin,,,,
1560,z3,,NOT_FOUND,,,
1561,zenity,,NOT_FOUND,,,
1562,zopfli,,NOT_FOUND,,,
1563,zziplib,,NOT_FOUND,,,
1564,DartSass,Sumit,,,,
1565,rubygem-sys-filesystem,Jyoti,https://github.com/microsoft/azurelinux/pull/10888,,,
1566,libimobiledevice-glue,Kevin,https://github.com/microsoft/azurelinux/pull/10898,,,
1567,rubygem-puppet-resource_api,Sumit,,,,
1568,rubygem-hocon,Sumit,https://github.com/microsoft/azurelinux/pull/11353,,,
1569,rubygem-deep_merge,Sumit,https://github.com/microsoft/azurelinux/pull/11354,,,
1570,hiera,Sumit,https://github.com/microsoft/azurelinux/pull/11358,,,
1571,libselinux,Sumit,https://github.com/microsoft/azurelinux/pull/11359,,,
1572,rubygem-racc,Sumit,,,,
1573,rubygem-scanf,Sumit,https://github.com/microsoft/azurelinux/pull/11356,,,
1574,rubygem-test-unit-ruby-core,Sumit,https://github.com/microsoft/azurelinux/pull/11357,,,
1575,perl-Test-RandomResult,Kevin,,,,
1576,NOVALIDPACKAGE,NO-DEV,NOT_FOUND,,,
1577,NOVALIDPACKAGE,NO-DEV,NOT_FOUND,,,
,,,,,,
,,,,,,
,,,,,,
,,,,,,
,,,,,,
,,,,,,
,,,,,,
,,,,,,
,,,,,,
,,,,,,
,,,,,,
,,,,,,
,,,,,,
,,,,,,
,,,,,,
,,,,,,
,,,,,,
,,,,,,
,,,,,,
,,,,,,
,,,,,,
,,,,,,
,,,,,,
,,,,,,
,,,,,,
,,,,,,
,,,,,,
,,,,,,
,,,,,,
,,,,,,
,,,,,,
,,,,,,
,,,,,,
,,,,,,
,,,,,,
,,,,,,
,,,,,,
,,,,,,
,,,,,,
,,,,,,
,,,,,,
,,,,,,
,,,,,,
,,,,,,
,,,,,,
,,,,,,
,,,,,,
,,,,,,
,,,,,,
,,,,,,
,,,,,,
,,,,,,
,,,,,,
,,,,,,
,,,,,,
,,,,,,
,,,,,,
,,,,,,
,,,,,,
,,,,,,
,,,,,,
,,,,,,
,,,,,,
,,,,,,
,,,,,,
,,,,,,
,,,,,,
,,,,,,
,,,,,,
,,,,,,
,,,,,,
,,,,,,
,,,,,,
,,,,,,
,,,,,,
,,,,,,
,,,,,,
,,,,,,
,,,,,,
,,,,,,
,,,,,,
,,,,,,
,,,,,,
,,,,,,
,,,,,,
,,,,,,
,,,,,,
,,,,,,
,,,,,,
,,,,,,
,,,,,,
,,,,,,
,,,,,,
,,,,,,
,,,,,,
,,,,,,
,,,,,,
,,,,,,
,,,,,,
,,,,,,
,,,,,,
,,,,,,
,,,,,,
,,,,,,
,,,,,,
,,,,,,
,,,,,,
,,,,,,
,,,,,,
,,,,,,
,,,,,,
,,,,,,
,,,,,,
,,,,,,
,,,,,,
,,,,,,
,,,,,,
,,,,,,
,,,,,,
,,,,,,
,,,,,,
,,,,,,
,,,,,,
,,,,,,
,,,,,,
,,,,,,
,,,,,,
,,,,,,
,,,,,,
,,,,,,
,,,,,,
,,,,,,
,,,,,,
,,,,,,
,,,,,,
,,,,,,
,,,,,,
,,,,,,
,,,,,,
,,,,,,
,,,,,,
,,,,,,
,,,,,,
,,,,,,
,,,,,,
,,,,,,
,,,,,,
,,,,,,
,,,,,,
,,,,,,
,,,,,,
,,,,,,
,,,,,,
,,,,,,
,,,,,,
,,,,,,
,,,,,,
,,,,,,
,,,,,,
,,,,,,
,,,,,,
,,,,,,
,,,,,,
,,,,,,
,,,,,,
,,,,,,
,,,,,,
,,,,,,
,,,,,,
,,,,,,
,,,,,,
,,,,,,
,,,,,,
,,,,,,
,,,,,,
,,,,,,
,,,,,,
,,,,,,
,,,,,,
,,,,,,
,,,,,,
,,,,,,
,,,,,,
,,,,,,
,,,,,,
,,,,,,
,,,,,,
,,,,,,
,,,,,,
,,,,,,
,,,,,,
,,,,,,
,,,,,,
,,,,,,
,,,,,,
,,,,,,
,,,,,,
,,,,,,
,,,,,,
,,,,,,
,,,,,,
,,,,,,
,,,,,,
,,,,,,
,,,,,,
,,,,,,
,,,,,,
,,,,,,
,,,,,,
,,,,,,
,,,,,,
,,,,,,
,,,,,,
,,,,,,
,,,,,,
,,,,,,
,,,,,,
,,,,,,
,,,,,,
,,,,,,
,,,,,,
,,,,,,
,,,,,,
,,,,,,
,,,,,,
,,,,,,
,,,,,,
,,,,,,
,,,,,,
,,,,,,
,,,,,,
,,,,,,
,,,,,,
,,,,,,
,,,,,,
,,,,,,
,,,,,,
,,,,,,
,,,,,,
,,,,,,
,,,,,,
,,,,,,
,,,,,,
,,,,,,
,,,,,,
,,,,,,
,,,,,,
,,,,,,
,,,,,,
,,,,,,
,,,,,,
,,,,,,
,,,,,,
,,,,,,
,,,,,,
,,,,,,
,,,,,,
,,,,,,
,,,,,,
,,,,,,
,,,,,,
,,,,,,
,,,,,,
,,,,,,
,,,,,,
,,,,,,
,,,,,,
,,,,,,
,,,,,,
,,,,,,
,,,,,,
,,,,,,
,,,,,,
,,,,,,
,,,,,,
,,,,,,
,,,,,,
,,,,,,
,,,,,,
,,,,,,
,,,,,,
,,,,,,
,,,,,,
,,,,,,
,,,,,,
,,,,,,
,,,,,,
,,,,,,
,,,,,,
,,,,,,
,,,,,,
,,,,,,
,,,,,,
,,,,,,
,,,,,,
,,,,,,
,,,,,,
,,,,,,
,,,,,,
,,,,,,
,,,,,,
,,,,,,
,,,,,,
,,,,,,
,,,,,,
,,,,,,
,,,,,,
,,,,,,
,,,,,,
,,,,,,
,,,,,,
,,,,,,
,,,,,,
,,,,,,
,,,,,,
,,,,,,
,,,,,,
,,,,,,
,,,,,,
,,,,,,
,,,,,,
,,,,,,
,,,,,,
,,,,,,
,,,,,,
,,,,,,
,,,,,,
,,,,,,
,,,,,,
,,,,,,
,,,,,,
,,,,,,
,,,,,,
,,,,,,
,,,,,,
,,,,,,
,,,,,,
,,,,,,
,,,,,,
,,,,,,
,,,,,,
,,,,,,
,,,,,,
,,,,,,
,,,,,,
,,,,,,
,,,,,,
,,,,,,
,,,,,,
,,,,,,
,,,,,,
,,,,,,
,,,,,,
,,,,,,
,,,,,,
,,,,,,
,,,,,,
,,,,,,
,,,,,,
,,,,,,
,,,,,,
,,,,,,
,,,,,,
,,,,,,
,,,,,,
,,,,,,
,,,,,,
,,,,,,
,,,,,,
,,,,,,
,,,,,,
,,,,,,
,,,,,,
,,,,,,
,,,,,,
,,,,,,
,,,,,,
,,,,,,
,,,,,,
,,,,,,
,,,,,,
,,,,,,
,,,,,,
,,,,,,
,,,,,,
,,,,,,
,,,,,,
,,,,,,
,,,,,,
,,,,,,
,,,,,,
,,,,,,
,,,,,,
,,,,,,
,,,,,,
,,,,,,
,,,,,,
,,,,,,
,,,,,,
,,,,,,
,,,,,,
,,,,,,
,,,,,,
,,,,,,
,,,,,,
,,,,,,
,,,,,,
,,,,,,
,,,,,,
,,,,,,
,,,,,,
,,,,,,
,,,,,,
,,,,,,
,,,,,,
,,,,,,
,,,,,,
,,,,,,
,,,,,,
,,,,,,
,,,,,,
,,,,,,
,,,,,,
,,,,,,
,,,,,,
,,,,,,
,,,,,,
,,,,,,
,,,,,,
,,,,,,
,,,,,,
,,,,,,
,,,,,,
,,,,,,
,,,,,,
,,,,,,
,,,,,,
,,,,,,
,,,,,,
,,,,,,
,,,,,,
,,,,,,
,,,,,,
,,,,,,
,,,,,,
,,,,,,
,,,,,,
,,,,,,
,,,,,,
,,,,,,
,,,,,,
,,,,,,
,,,,,,
,,,,,,
,,,,,,
,,,,,,
,,,,,,
,,,,,,
,,,,,,
,,,,,,
,,,,,,
,,,,,,
,,,,,,
,,,,,,
,,,,,,
,,,,,,
,,,,,,
,,,,,,
,,,,,,
,,,,,,
,,,,,,
,,,,,,
,,,,,,
,,,,,,
,,,,,,
,,,,,,
,,,,,,
,,,,,,
,,,,,,
,,,,,,
,,,,,,
,,,,,,
,,,,,,
,,,,,,
,,,,,,
,,,,,,
,,,,,,
,,,,,,
,,,,,,
,,,,,,
,,,,,,
,,,,,,
,,,,,,
,,,,,,
,,,,,,
,,,,,,
,,,,,,
,,,,,,
,,,,,,
,,,,,,
,,,,,,
,,,,,,
,,,,,,
,,,,,,
,,,,,,
,,,,,,
,,,,,,
,,,,,,
,,,,,,
,,,,,,
,,,,,,
,,,,,,
,,,,,,
,,,,,,
,,,,,,
,,,,,,
,,,,,,
,,,,,,
,,,,,,
,,,,,,
,,,,,,
,,,,,,
,,,,,,
,,,,,,
,,,,,,
,,,,,,
,,,,,,
,,,,,,
,,,,,,
,,,,,,
,,,,,,
,,,,,,
,,,,,,
,,,,,,
,,,,,,
,,,,,,
,,,,,,
,,,,,,
,,,,,,
,,,,,,
,,,,,,
,,,,,,
,,,,,,
,,,,,,
,,,,,,
,,,,,,
,,,,,,
,,,,,,
,,,,,,
,,,,,,
,,,,,,
,,,,,,
,,,,,,
,,,,,,
,,,,,,
,,,,,,
,,,,,,
,,,,,,
,,,,,,
,,,,,,
,,,,,,
,,,,,,
,,,,,,
,,,,,,
,,,,,,
,,,,,,
,,,,,,
,,,,,,
,,,,,,
,,,,,,
,,,,,,
,,,,,,
,,,,,,
,,,,,,
,,,,,,
,,,,,,
,,,,,,
,,,,,,
,,,,,,
,,,,,,
,,,,,,
,,,,,,
,,,,,,
,,,,,,
,,,,,,
,,,,,,
,,,,,,
,,,,,,
,,,,,,
,,,,,,
,,,,,,
,,,,,,
,,,,,,
,,,,,,
,,,,,,
,,,,,,
,,,,,,
,,,,,,
,,,,,,
,,,,,,
,,,,,,
,,,,,,
,,,,,,
,,,,,,
,,,,,,
,,,,,,
,,,,,,
,,,,,,
,,,,,,
,,,,,,
,,,,,,
,,,,,,
,,,,,,
,,,,,,
,,,,,,
,,,,,,
,,,,,,
,,,,,,
,,,,,,
,,,,,,
,,,,,,
,,,,,,
,,,,,,
,,,,,,
,,,,,,
,,,,,,
,,,,,,
,,,,,,
,,,,,,
,,,,,,
,,,,,,
,,,,,,
,,,,,,
,,,,,,
,,,,,,
,,,,,,
,,,,,,
,,,,,,
,,,,,,
,,,,,,
,,,,,,
,,,,,,
,,,,,,
,,,,,,
,,,,,,
,,,,,,
,,,,,,
,,,,,,
,,,,,,
,,,,,,
,,,,,,
,,,,,,
,,,,,,
,,,,,,
,,,,,,
,,,,,,
,,,,,,
,,,,,,
,,,,,,
,,,,,,
,,,,,,
,,,,,,
,,,,,,
,,,,,,
,,,,,,
,,,,,,
,,,,,,
,,,,,,
,,,,,,
,,,,,,
,,,,,,
,,,,,,
,,,,,,
,,,,,,
,,,,,,
,,,,,,
,,,,,,
,,,,,,
,,,,,,
,,,,,,
,,,,,,
,,,,,,
,,,,,,
,,,,,,
,,,,,,
,,,,,,
,,,,,,
,,,,,,
,,,,,,
,,,,,,
,,,,,,
,,,,,,
,,,,,,
,,,,,,
,,,,,,
,,,,,,
,,,,,,
,,,,,,
,,,,,,
,,,,,,
,,,,,,
,,,,,,
,,,,,,
,,,,,,
,,,,,,
,,,,,,
,,,,,,
,,,,,,
,,,,,,
,,,,,,
,,,,,,
,,,,,,
,,,,,,
,,,,,,
,,,,,,
,,,,,,
,,,,,,
,,,,,,
,,,,,,
,,,,,,
,,,,,,
,,,,,,
,,,,,,
,,,,,,
,,,,,,
,,,,,,
,,,,,,
,,,,,,
,,,,,,
,,,,,,
,,,,,,
,,,,,,
,,,,,,
,,,,,,
,,,,,,
,,,,,,
,,,,,,
,,,,,,
,,,,,,
,,,,,,
,,,,,,
,,,,,,
,,,,,,
,,,,,,
,,,,,,
,,,,,,
,,,,,,
,,,,,,
,,,,,,
,,,,,,
,,,,,,
,,,,,,
,,,,,,
,,,,,,
,,,,,,
,,,,,,
,,,,,,
,,,,,,
,,,,,,
,,,,,,
,,,,,,
,,,,,,
,,,,,,
,,,,,,
,,,,,,
,,,,,,
,,,,,,
,,,,,,
,,,,,,
,,,,,,
,,,,,,
,,,,,,
,,,,,,
,,,,,,
,,,,,,
,,,,,,
,,,,,,
,,,,,,
,,,,,,
,,,,,,
,,,,,,
,,,,,,
,,,,,,
,,,,,,
,,,,,,
,,,,,,
,,,,,,
,,,,,,
,,,,,,
,,,,,,
,,,,,,
,,,,,,
,,,,,,
,,,,,,
,,,,,,
,,,,,,
,,,,,,
,,,,,,
,,,,,,
,,,,,,
,,,,,,
,,,,,,
,,,,,,
,,,,,,
,,,,,,
,,,,,,
,,,,,,
,,,,,,
,,,,,,
,,,,,,
,,,,,,
,,,,,,
,,,,,,
,,,,,,
,,,,,,
,,,,,,
,,,,,,
,,,,,,
,,,,,,
,,,,,,
,,,,,,
,,,,,,
,,,,,,
,,,,,,
,,,,,,
,,,,,,
,,,,,,
,,,,,,
,,,,,,
,,,,,,
,,,,,,
,,,,,,
,,,,,,
,,,,,,
,,,,,,
,,,,,,
,,,,,,
,,,,,,
,,,,,,
,,,,,,
,,,,,,
,,,,,,
,,,,,,
,,,,,,
,,,,,,
,,,,,,
,,,,,,
,,,,,,
,,,,,,
,,,,,,
,,,,,,
,,,,,,
,,,,,,
,,,,,,
,,,,,,
,,,,,,
,,,,,,
,,,,,,
,,,,,,
,,,,,,
,,,,,,
,,,,,,
,,,,,,
,,,,,,
,,,,,,
,,,,,,
,,,,,,
,,,,,,
,,,,,,
,,,,,,
,,,,,,
,,,,,,
,,,,,,
,,,,,,
,,,,,,
,,,,,,
,,,,,,
,,,,,,
,,,,,,
,,,,,,
,,,,,,
,,,,,,
,,,,,,
,,,,,,
,,,,,,
,,,,,,
,,,,,,
,,,,,,
,,,,,,
,,,,,,
,,,,,,
,,,,,,
,,,,,,
,,,,,,
,,,,,,
,,,,,,
,,,,,,
,,,,,,
,,,,,,
,,,,,,
,,,,,,
,,,,,,
,,,,,,
,,,,,,
,,,,,,
,,,,,,
,,,,,,
,,,,,,
,,,,,,
,,,,,,
,,,,,,
,,,,,,
,,,,,,
,,,,,,
,,,,,,
,,,,,,
,,,,,,
,,,,,,
,,,,,,
,,,,,,
,,,,,,
,,,,,,
,,,,,,
,,,,,,
,,,,,,
,,,,,,
,,,,,,
,,,,,,
,,,,,,
,,,,,,
,,,,,,
,,,,,,
,,,,,,
,,,,,,
,,,,,,
,,,,,,
,,,,,,
,,,,,,
,,,,,,
,,,,,,
,,,,,,
,,,,,,
,,,,,,
,,,,,,
,,,,,,
,,,,,,
,,,,,,
,,,,,,
,,,,,,
,,,,,,
,,,,,,
,,,,,,
,,,,,,
,,,,,,
,,,,,,
,,,,,,
,,,,,,
,,,,,,
,,,,,,
,,,,,,
,,,,,,
,,,,,,
,,,,,,
,,,,,,
,,,,,,
,,,,,,
,,,,,,
,,,,,,
,,,,,,
,,,,,,
,,,,,,
,,,,,,
,,,,,,
,,,,,,
,,,,,,
,,,,,,
,,,,,,
,,,,,,
,,,,,,
,,,,,,
,,,,,,
,,,,,,
,,,,,,
,,,,,,
,,,,,,
,,,,,,
,,,,,,
,,,,,,
,,,,,,
,,,,,,
,,,,,,
,,,,,,
,,,,,,
,,,,,,
,,,,,,
,,,,,,
,,,,,,
,,,,,,
,,,,,,
,,,,,,
,,,,,,
,,,,,,
,,,,,,
,,,,,,
,,,,,,
,,,,,,
,,,,,,
,,,,,,
,,,,,,
,,,,,,
,,,,,,
,,,,,,
,,,,,,
,,,,,,
,,,,,,
,,,,,,
,,,,,,
,,,,,,
,,,,,,
,,,,,,
,,,,,,
,,,,,,
,,,,,,
,,,,,,
,,,,,,
,,,,,,
,,,,,,
,,,,,,
,,,,,,
,,,,,,
,,,,,,
,,,,,,
,,,,,,
,,,,,,
,,,,,,
,,,,,,
,,,,,,
,,,,,,
,,,,,,
,,,,,,
,,,,,,
,,,,,,
,,,,,,
,,,,,,
,,,,,,
,,,,,,
,,,,,,
,,,,,,
,,,,,,
,,,,,,
,,,,,,
,,,,,,
,,,,,,
,,,,,,
,,,,,,
,,,,,,
,,,,,,
,,,,,,
,,,,,,
,,,,,,
,,,,,,
,,,,,,
,,,,,,
,,,,,,
,,,,,,
,,,,,,
,,,,,,
,,,,,,
,,,,,,
,,,,,,
,,,,,,
,,,,,,
,,,,,,
,,,,,,
,,,,,,
,,,,,,
,,,,,,
,,,,,,
,,,,,,
,,,,,,
,,,,,,
,,,,,,
,,,,,,
,,,,,,
,,,,,,
,,,,,,
,,,,,,
,,,,,,
,,,,,,
,,,,,,
,,,,,,
,,,,,,
,,,,,,
,,,,,,
,,,,,,
,,,,,,
,,,,,,
,,,,,,
,,,,,,
,,,,,,
,,,,,,
,,,,,,
,,,,,,
,,,,,,
,,,,,,
,,,,,,
,,,,,,
,,,,,,
,,,,,,
,,,,,,
,,,,,,
,,,,,,
,,,,,,
,,,,,,
,,,,,,
,,,,,,
,,,,,,
,,,,,,
,,,,,,
,,,,,,
,,,,,,
,,,,,,
,,,,,,
,,,,,,
,,,,,,
,,,,,,
,,,,,,
,,,,,,
,,,,,,
,,,,,,
,,,,,,
,,,,,,
,,,,,,
,,,,,,
,,,,,,
,,,,,,
,,,,,,
,,,,,,
,,,,,,
,,,,,,
,,,,,,
,,,,,,
,,,,,,
,,,,,,
,,,,,,
,,,,,,
,,,,,,
,,,,,,
,,,,,,
,,,,,,
,,,,,,
,,,,,,
,,,,,,
,,,,,,
,,,,,,
,,,,,,
,,,,,,
,,,,,,
,,,,,,
,,,,,,
,,,,,,
,,,,,,
,,,,,,
,,,,,,
,,,,,,
,,,,,,
,,,,,,
,,,,,,
,,,,,,
,,,,,,
,,,,,,
,,,,,,
,,,,,,
,,,,,,
,,,,,,
,,,,,,
,,,,,,
,,,,,,
,,,,,,
,,,,,,
,,,,,,
,,,,,,
,,,,,,
,,,,,,
,,,,,,
,,,,,,
,,,,,,
,,,,,,
,,,,,,
,,,,,,
,,,,,,
,,,,,,
,,,,,,
,,,,,,
,,,,,,
,,,,,,
,,,,,,
,,,,,,
,,,,,,
,,,,,,
,,,,,,
,,,,,,
,,,,,,
,,,,,,
,,,,,,
,,,,,,
,,,,,,
,,,,,,
,,,,,,
,,,,,,
,,,,,,
,,,,,,
,,,,,,
,,,,,,
,,,,,,
,,,,,,
,,,,,,
,,,,,,
,,,,,,
,,,,,,
,,,,,,
,,,,,,
,,,,,,
,,,,,,
,,,,,,
,,,,,,
,,,,,,
,,,,,,
,,,,,,
,,,,,,
,,,,,,
,,,,,,
,,,,,,
,,,,,,
,,,,,,
,,,,,,
,,,,,,
,,,,,,
,,,,,,
,,,,,,
,,,,,,
,,,,,,
,,,,,,
,,,,,,
,,,,,,
,,,,,,
,,,,,,
,,,,,,
,,,,,,
,,,,,,
,,,,,,
,,,,,,
,,,,,,
,,,,,,
,,,,,,
,,,,,,
,,,,,,
,,,,,,
,,,,,,
,,,,,,
,,,,,,
,,,,,,
,,,,,,
,,,,,,
,,,,,,
,,,,,,
,,,,,,
,,,,,,
,,,,,,
,,,,,,
,,,,,,
,,,,,,
,,,,,,
,,,,,,
,,,,,,
,,,,,,
,,,,,,
,,,,,,
,,,,,,
,,,,,,
,,,,,,
,,,,,,
,,,,,,
,,,,,,
,,,,,,
,,,,,,
,,,,,,
,,,,,,
,,,,,,
,,,,,,
,,,,,,
,,,,,,
,,,,,,
,,,,,,
,,,,,,
,,,,,,
,,,,,,
,,,,,,
,,,,,,
,,,,,,
,,,,,,
,,,,,,
,,,,,,
,,,,,,
,,,,,,
,,,,,,
,,,,,,
,,,,,,
,,,,,,
,,,,,,
,,,,,,
,,,,,,
,,,,,,
,,,,,,
,,,,,,
,,,,,,
,,,,,,
,,,,,,
,,,,,,
,,,,,,
,,,,,,
,,,,,,
,,,,,,
,,,,,,
,,,,,,
,,,,,,
,,,,,,
,,,,,,
,,,,,,
,,,,,,
,,,,,,
,,,,,,
,,,,,,
,,,,,,
,,,,,,
,,,,,,
,,,,,,
,,,,,,
,,,,,,
,,,,,,
,,,,,,
,,,,,,
,,,,,,
,,,,,,
,,,,,,
,,,,,,
,,,,,,
,,,,,,
,,,,,,
,,,,,,
,,,,,,
,,,,,,
,,,,,,
,,,,,,
,,,,,,
,,,,,,
,,,,,,
,,,,,,
,,,,,,
,,,,,,
,,,,,,
,,,,,,
,,,,,,
,,,,,,
,,,,,,
,,,,,,
,,,,,,
,,,,,,
,,,,,,
,,,,,,
,,,,,,
,,,,,,
,,,,,,
,,,,,,
,,,,,,
,,,,,,
,,,,,,
,,,,,,
,,,,,,
,,,,,,
,,,,,,
,,,,,,
,,,,,,
,,,,,,
,,,,,,
,,,,,,
,,,,,,
,,,,,,
,,,,,,
,,,,,,
,,,,,,
,,,,,,
,,,,,,
,,,,,,
,,,,,,
,,,,,,
,,,,,,
,,,,,,
,,,,,,
,,,,,,
,,,,,,
,,,,,,
,,,,,,
,,,,,,
,,,,,,
,,,,,,
,,,,,,
,,,,,,
,,,,,,
,,,,,,
,,,,,,
,,,,,,
,,,,,,
,,,,,,
,,,,,,
,,,,,,
,,,,,,
,,,,,,
,,,,,,
,,,,,,
,,,,,,
,,,,,,
,,,,,,
,,,,,,
,,,,,,
,,,,,,
,,,,,,
,,,,,,
,,,,,,
,,,,,,
,,,,,,
,,,,,,
,,,,,,
,,,,,,
,,,,,,
,,,,,,
,,,,,,
,,,,,,
,,,,,,
,,,,,,
,,,,,,
,,,,,,
,,,,,,
,,,,,,
,,,,,,
,,,,,,
,,,,,,
,,,,,,
,,,,,,
,,,,,,
,,,,,,
,,,,,,
,,,,,,
,,,,,,
,,,,,,
,,,,,,
,,,,,,
,,,,,,
,,,,,,
,,,,,,
,,,,,,
,,,,,,
,,,,,,
,,,,,,
,,,,,,
,,,,,,
,,,,,,
,,,,,,
,,,,,,
,,,,,,
,,,,,,
,,,,,,
,,,,,,
,,,,,,
,,,,,,
,,,,,,
,,,,,,
,,,,,,
,,,,,,
,,,,,,
,,,,,,
,,,,,,
,,,,,,
,,,,,,
,,,,,,
,,,,,,
,,,,,,
,,,,,,
,,,,,,
,,,,,,
,,,,,,
,,,,,,
,,,,,,
,,,,,,
,,,,,,
,,,,,,
,,,,,,
,,,,,,
,,,,,,
,,,,,,
,,,,,,
,,,,,,
,,,,,,
,,,,,,
,,,,,,
,,,,,,
,,,,,,
,,,,,,
,,,,,,
,,,,,,
,,,,,,
,,,,,,
,,,,,,
,,,,,,
,,,,,,
,,,,,,
,,,,,,
,,,,,,
,,,,,,
,,,,,,
,,,,,,
,,,,,,
,,,,,,
,,,,,,
,,,,,,
,,,,,,
,,,,,,
,,,,,,
,,,,,,
,,,,,,
,,,,,,
,,,,,,
,,,,,,
,,,,,,
,,,,,,
,,,,,,
,,,,,,
,,,,,,
,,,,,,
,,,,,,
,,,,,,
,,,,,,
,,,,,,
,,,,,,
,,,,,,
,,,,,,
,,,,,,
,,,,,,
,,,,,,
,,,,,,
,,,,,,
,,,,,,
,,,,,,
,,,,,,
,,,,,,
,,,,,,
,,,,,,
,,,,,,
,,,,,,
,,,,,,
,,,,,,
,,,,,,
,,,,,,
,,,,,,
,,,,,,
,,,,,,
,,,,,,
,,,,,,
,,,,,,
,,,,,,
,,,,,,
,,,,,,
,,,,,,
,,,,,,
,,,,,,
,,,,,,
,,,,,,
,,,,,,
,,,,,,
,,,,,,
,,,,,,
,,,,,,
,,,,,,
,,,,,,
,,,,,,
,,,,,,
,,,,,,
,,,,,,
,,,,,,
,,,,,,
,,,,,,
,,,,,,
,,,,,,
,,,,,,
,,,,,,
,,,,,,
,,,,,,
,,,,,,
,,,,,,
,,,,,,
,,,,,,
,,,,,,
,,,,,,
,,,,,,
,,,,,,
,,,,,,
,,,,,,
,,,,,,
,,,,,,
,,,,,,
,,,,,,
,,,,,,
,,,,,,
,,,,,,
,,,,,,
,,,,,,
,,,,,,
,,,,,,
,,,,,,
,,,,,,
,,,,,,
,,,,,,
,,,,,,
,,,,,,
,,,,,,
,,,,,,
,,,,,,
,,,,,,
,,,,,,
,,,,,,
,,,,,,
,,,,,,
,,,,,,
,,,,,,
,,,,,,
,,,,,,
,,,,,,
,,,,,,
,,,,,,
,,,,,,
,,,,,,
,,,,,,
,,,,,,
,,,,,,
,,,,,,
,,,,,,
,,,,,,
,,,,,,
,,,,,,
,,,,,,
,,,,,,
,,,,,,
,,,,,,
,,,,,,
,,,,,,
,,,,,,
,,,,,,
,,,,,,
,,,,,,
,,,,,,
,,,,,,
,,,,,,
,,,,,,
,,,,,,
,,,,,,
,,,,,,
,,,,,,
,,,,,,
,,,,,,
,,,,,,
,,,,,,
,,,,,,
,,,,,,
,,,,,,
,,,,,,
,,,,,,
,,,,,,
,,,,,,
,,,,,,
,,,,,,
,,,,,,
,,,,,,
,,,,,,
,,,,,,
,,,,,,
,,,,,,
,,,,,,
,,,,,,
,,,,,,
,,,,,,
,,,,,,
,,,,,,
,,,,,,
,,,,,,
,,,,,,
,,,,,,
,,,,,,
,,,,,,
,,,,,,
,,,,,,
,,,,,,
,,,,,,
,,,,,,
,,,,,,
,,,,,,
,,,,,,
,,,,,,
,,,,,,
,,,,,,
,,,,,,
,,,,,,
,,,,,,
,,,,,,
,,,,,,
,,,,,,
,,,,,,
,,,,,,
,,,,,,
,,,,,,
,,,,,,
,,,,,,
,,,,,,
,,,,,,
,,,,,,
,,,,,,
,,,,,,
,,,,,,
,,,,,,
,,,,,,
,,,,,,
,,,,,,
,,,,,,
,,,,,,
,,,,,,
,,,,,,
,,,,,,
,,,,,,
,,,,,,
,,,,,,
,,,,,,
,,,,,,
,,,,,,
,,,,,,
,,,,,,
,,,,,,
,,,,,,
,,,,,,
,,,,,,
,,,,,,
,,,,,,
,,,,,,
,,,,,,
,,,,,,
,,,,,,
,,,,,,
,,,,,,
,,,,,,
,,,,,,
,,,,,,
,,,,,,
,,,,,,
,,,,,,
,,,,,,
,,,,,,
,,,,,,
,,,,,,
,,,,,,
,,,,,,
,,,,,,
,,,,,,
,,,,,,
,,,,,,
,,,,,,
,,,,,,
,,,,,,
,,,,,,
,,,,,,
,,,,,,
,,,,,,
,,,,,,
,,,,,,
,,,,,,
,,,,,,
,,,,,,
,,,,,,
,,,,,,
,,,,,,
,,,,,,
,,,,,,
,,,,,,
,,,,,,
,,,,,,
,,,,,,
,,,,,,
,,,,,,
,,,,,,
,,,,,,
,,,,,,
,,,,,,
,,,,,,
,,,,,,
,,,,,,
,,,,,,
,,,,,,
,,,,,,
,,,,,,
,,,,,,
,,,,,,
,,,,,,
,,,,,,
,,,,,,
,,,,,,
,,,,,,
,,,,,,
,,,,,,
,,,,,,
,,,,,,
,,,,,,
,,,,,,
,,,,,,
,,,,,,
,,,,,,
,,,,,,
,,,,,,
,,,,,,
,,,,,,
,,,,,,
,,,,,,
,,,,,,
,,,,,,
,,,,,,
,,,,,,
,,,,,,
,,,,,,
,,,,,,
,,,,,,
,,,,,,
,,,,,,
,,,,,,
,,,,,,
,,,,,,
,,,,,,
,,,,,,
,,,,,,
,,,,,,
,,,,,,
,,,,,,
,,,,,,
,,,,,,
,,,,,,
,,,,,,
,,,,,,
,,,,,,
,,,,,,
,,,,,,
,,,,,,
,,,,,,
,,,,,,
,,,,,,
,,,,,,
,,,,,,
,,,,,,
,,,,,,
,,,,,,
,,,,,,
,,,,,,
,,,,,,
,,,,,,
,,,,,,
,,,,,,
,,,,,,
,,,,,,
,,,,,,
,,,,,,
,,,,,,
,,,,,,
,,,,,,
,,,,,,
,,,,,,
,,,,,,
,,,,,,
,,,,,,
,,,,,,
,,,,,,
,,,,,,
,,,,,,
,,,,,,
,,,,,,
,,,,,,
,,,,,,
,,,,,,
,,,,,,
,,,,,,
,,,,,,
,,,,,,
,,,,,,
,,,,,,
,,,,,,
,,,,,,
,,,,,,
,,,,,,
,,,,,,
,,,,,,
,,,,,,
,,,,,,
,,,,,,
,,,,,,
,,,,,,
,,,,,,
,,,,,,
,,,,,,
,,,,,,
,,,,,,
,,,,,,
,,,,,,
,,,,,,
,,,,,,
,,,,,,
,,,,,,
,,,,,,
,,,,,,
,,,,,,
,,,,,,
,,,,,,
,,,,,,
,,,,,,
,,,,,,
,,,,,,
,,,,,,
,,,,,,
,,,,,,
,,,,,,
,,,,,,
,,,,,,
,,,,,,
,,,,,,
,,,,,,
,,,,,,
,,,,,,
,,,,,,
,,,,,,
,,,,,,
,,,,,,
,,,,,,
,,,,,,
,,,,,,
,,,,,,
,,,,,,
,,,,,,
,,,,,,
,,,,,,
,,,,,,
,,,,,,
,,,,,,
,,,,,,
,,,,,,
,,,,,,
,,,,,,
,,,,,,
,,,,,,
,,,,,,
,,,,,,
,,,,,,
,,,,,,
,,,,,,
,,,,,,
,,,,,,
,,,,,,
,,,,,,
,,,,,,
,,,,,,
,,,,,,
,,,,,,
,,,,,,
,,,,,,
,,,,,,
,,,,,,
,,,,,,
,,,,,,
,,,,,,
,,,,,,
,,,,,,
,,,,,,
,,,,,,
,,,,,,
,,,,,,
,,,,,,
,,,,,,
,,,,,,
,,,,,,
,,,,,,
,,,,,,
,,,,,,
,,,,,,
,,,,,,
,,,,,,
,,,,,,
,,,,,,
,,,,,,
,,,,,,
,,,,,,
,,,,,,
,,,,,,
,,,,,,
,,,,,,
,,,,,,
,,,,,,
,,,,,,
,,,,,,
,,,,,,
,,,,,,
,,,,,,
,,,,,,
,,,,,,
,,,,,,
,,,,,,
,,,,,,
,,,,,,
,,,,,,
,,,,,,
,,,,,,
,,,,,,
,,,,,,
,,,,,,
,,,,,,
,,,,,,
,,,,,,
,,,,,,
,,,,,,
,,,,,,
,,,,,,
,,,,,,
,,,,,,
,,,,,,
,,,,,,
,,,,,,
,,,,,,
,,,,,,
,,,,,,
,,,,,,
,,,,,,
,,,,,,
,,,,,,
,,,,,,
,,,,,,
,,,,,,
,,,,,,
,,,,,,
,,,,,,
,,,,,,
,,,,,,
,,,,,,
,,,,,,
,,,,,,
,,,,,,
,,,,,,
,,,,,,
,,,,,,
,,,,,,
,,,,,,
,,,,,,
,,,,,,
,,,,,,
,,,,,,
,,,,,,
,,,,,,
,,,,,,
,,,,,,
,,,,,,
,,,,,,
,,,,,,
,,,,,,
,,,,,,
,,,,,,
,,,,,,
,,,,,,
,,,,,,
,,,,,,
,,,,,,
,,,,,,
,,,,,,
,,,,,,
,,,,,,
,,,,,,
,,,,,,
,,,,,,
,,,,,,
,,,,,,
,,,,,,
,,,,,,
,,,,,,
,,,,,,
,,,,,,
,,,,,,
,,,,,,
,,,,,,
,,,,,,
,,,,,,
,,,,,,
,,,,,,
,,,,,,
,,,,,,
,,,,,,
,,,,,,
,,,,,,
,,,,,,
,,,,,,
,,,,,,
,,,,,,
,,,,,,
,,,,,,
,,,,,,
,,,,,,
,,,,,,
,,,,,,
,,,,,,
,,,,,,
,,,,,,
,,,,,,
,,,,,,
,,,,,,
,,,,,,
,,,,,,
,,,,,,
,,,,,,
,,,,,,
,,,,,,
,,,,,,
,,,,,,
,,,,,,
,,,,,,
,,,,,,
,,,,,,
,,,,,,
,,,,,,
,,,,,,
,,,,,,
,,,,,,
,,,,,,
,,,,,,
,,,,,,
,,,,,,
,,,,,,
,,,,,,
,,,,,,
,,,,,,
,,,,,,
,,,,,,
,,,,,,
,,,,,,
,,,,,,
,,,,,,
,,,,,,
,,,,,,
,,,,,,
,,,,,,
,,,,,,
,,,,,,
,,,,,,
,,,,,,
,,,,,,
,,,,,,
,,,,,,
,,,,,,
,,,,,,
,,,,,,
,,,,,,
,,,,,,
,,,,,,
,,,,,,
,,,,,,
,,,,,,
,,,,,,
,,,,,,
,,,,,,
,,,,,,
,,,,,,
,,,,,,
,,,,,,
,,,,,,
,,,,,,
,,,,,,
,,,,,,
,,,,,,
,,,,,,
,,,,,,
,,,,,,
,,,,,,
,,,,,,
,,,,,,
,,,,,,
,,,,,,
,,,,,,
,,,,,,
,,,,,,
,,,,,,
,,,,,,
,,,,,,
,,,,,,
,,,,,,
,,,,,,
,,,,,,
,,,,,,
,,,,,,
,,,,,,
,,,,,,
,,,,,,
,,,,,,
,,,,,,
,,,,,,
,,,,,,
,,,,,,
,,,,,,
,,,,,,
,,,,,,
,,,,,,
,,,,,,
,,,,,,
,,,,,,
,,,,,,
,,,,,,
,,,,,,
,,,,,,
,,,,,,
,,,,,,
,,,,,,
,,,,,,
,,,,,,
,,,,,,
,,,,,,
,,,,,,
,,,,,,
,,,,,,
,,,,,,
,,,,,,
,,,,,,
,,,,,,
,,,,,,
,,,,,,
,,,,,,
,,,,,,
,,,,,,
,,,,,,
,,,,,,
,,,,,,
,,,,,,
,,,,,,
,,,,,,
,,,,,,
,,,,,,
,,,,,,
,,,,,,
,,,,,,
,,,,,,
,,,,,,
,,,,,,
,,,,,,
,,,,,,
,,,,,,
,,,,,,
,,,,,,
,,,,,,
,,,,,,
,,,,,,
,,,,,,
,,,,,,
,,,,,,
,,,,,,
,,,,,,
,,,,,,
,,,,,,
,,,,,,
,,,,,,
,,,,,,
,,,,,,
,,,,,,
,,,,,,
,,,,,,
,,,,,,
,,,,,,
,,,,,,
,,,,,,
,,,,,,
,,,,,,
,,,,,,
,,,,,,
,,,,,,
,,,,,,
,,,,,,
,,,,,,
,,,,,,
,,,,,,
,,,,,,
,,,,,,
,,,,,,
,,,,,,
,,,,,,
,,,,,,
,,,,,,
,,,,,,
,,,,,,
,,,,,,
,,,,,,
,,,,,,
,,,,,,
,,,,,,
,,,,,,
,,,,,,
,,,,,,
,,,,,,
,,,,,,
,,,,,,
,,,,,,
,,,,,,
,,,,,,
,,,,,,
,,,,,,
,,,,,,
,,,,,,
,,,,,,
,,,,,,
,,,,,,
,,,,,,
,,,,,,
,,,,,,
,,,,,,
,,,,,,
,,,,,,
,,,,,,
,,,,,,
,,,,,,
,,,,,,
,,,,,,
,,,,,,
,,,,,,
,,,,,,
,,,,,,
,,,,,,
,,,,,,
,,,,,,
,,,,,,
,,,,,,
,,,,,,
,,,,,,
,,,,,,
,,,,,,
,,,,,,
,,,,,,
,,,,,,
,,,,,,
,,,,,,
,,,,,,
,,,,,,
,,,,,,
,,,,,,
,,,,,,
,,,,,,
,,,,,,
,,,,,,
,,,,,,
,,,,,,
,,,,,,
,,,,,,
,,,,,,
,,,,,,
,,,,,,
,,,,,,
,,,,,,
,,,,,,
,,,,,,
,,,,,,
,,,,,,
,,,,,,
,,,,,,
,,,,,,
,,,,,,
,,,,,,
,,,,,,
,,,,,,
,,,,,,
,,,,,,
,,,,,,
,,,,,,
,,,,,,
,,,,,,
,,,,,,
,,,,,,
,,,,,,
,,,,,,
,,,,,,
,,,,,,
,,,,,,
,,,,,,
,,,,,,
,,,,,,
,,,,,,
,,,,,,
,,,,,,
,,,,,,
,,,,,,
,,,,,,
,,,,,,
,,,,,,
,,,,,,
,,,,,,
,,,,,,
,,,,,,
,,,,,,
,,,,,,
,,,,,,
,,,,,,
,,,,,,
,,,,,,
,,,,,,
,,,,,,
,,,,,,
,,,,,,
,,,,,,
,,,,,,
,,,,,,
,,,,,,
,,,,,,
,,,,,,
,,,,,,
,,,,,,
,,,,,,
,,,,,,
,,,,,,
,,,,,,
,,,,,,
,,,,,,
,,,,,,
,,,,,,
,,,,,,
,,,,,,
,,,,,,
,,,,,,
,,,,,,
,,,,,,
,,,,,,
,,,,,,
,,,,,,
,,,,,,
,,,,,,
,,,,,,
,,,,,,
,,,,,,
,,,,,,
,,,,,,
,,,,,,
,,,,,,
,,,,,,
,,,,,,
,,,,,,
,,,,,,
,,,,,,
,,,,,,
,,,,,,
,,,,,,
,,,,,,
,,,,,,
,,,,,,
,,,,,,
,,,,,,
,,,,,,
,,,,,,
,,,,,,
,,,,,,
,,,,,,
,,,,,,
,,,,,,
,,,,,,
,,,,,,
,,,,,,
,,,,,,
,,,,,,
,,,,,,
,,,,,,
,,,,,,
,,,,,,
,,,,,,
,,,,,,
,,,,,,
,,,,,,
,,,,,,
,,,,,,
,,,,,,
,,,,,,
,,,,,,
,,,,,,
,,,,,,
,,,,,,
,,,,,,
,,,,,,
,,,,,,
,,,,,,
,,,,,,
,,,,,,
,,,,,,
,,,,,,
,,,,,,
,,,,,,
,,,,,,
,,,,,,
,,,,,,
,,,,,,
,,,,,,
,,,,,,
,,,,,,
,,,,,,
,,,,,,
,,,,,,
,,,,,,
,,,,,,
,,,,,,
,,,,,,
,,,,,,
,,,,,,
,,,,,,
,,,,,,
,,,,,,
,,,,,,
,,,,,,
,,,,,,
,,,,,,
,,,,,,
,,,,,,
,,,,,,
,,,,,,
,,,,,,
,,,,,,
,,,,,,
,,,,,,
,,,,,,
,,,,,,
,,,,,,
,,,,,,
,,,,,,
,,,,,,
,,,,,,
,,,,,,
,,,,,,
,,,,,,
,,,,,,
,,,,,,
,,,,,,
,,,,,,
,,,,,,
,,,,,,
,,,,,,
,,,,,,
,,,,,,
,,,,,,
,,,,,,
,,,,,,
,,,,,,
,,,,,,
,,,,,,
,,,,,,
,,,,,,
,,,,,,
,,,,,,
,,,,,,
,,,,,,
,,,,,,
,,,,,,
,,,,,,
,,,,,,
,,,,,,
,,,,,,
,,,,,,
,,,,,,
,,,,,,
,,,,,,
,,,,,,
,,,,,,
,,,,,,
,,,,,,
,,,,,,
,,,,,,
,,,,,,
,,,,,,
,,,,,,
,,,,,,
,,,,,,
,,,,,,
,,,,,,
,,,,,,
,,,,,,
,,,,,,
,,,,,,
,,,,,,
,,,,,,
,,,,,,
,,,,,,
,,,,,,
,,,,,,
,,,,,,
,,,,,,
,,,,,,
,,,,,,
,,,,,,
,,,,,,
,,,,,,
,,,,,,
,,,,,,
,,,,,,
,,,,,,
,,,,,,
,,,,,,
,,,,,,
,,,,,,
,,,,,,
,,,,,,
,,,,,,
,,,,,,
,,,,,,
,,,,,,
,,,,,,
,,,,,,
,,,,,,
,,,,,,
,,,,,,
,,,,,,
,,,,,,
,,,,,,
,,,,,,
,,,,,,
,,,,,,
,,,,,,
,,,,,,
,,,,,,
,,,,,,
,,,,,,
,,,,,,
,,,,,,
,,,,,,
,,,,,,
,,,,,,
,,,,,,
,,,,,,
,,,,,,
,,,,,,
,,,,,,
,,,,,,
,,,,,,
,,,,,,
,,,,,,
,,,,,,
,,,,,,
,,,,,,
,,,,,,
,,,,,,
,,,,,,
,,,,,,
,,,,,,
,,,,,,
,,,,,,
,,,,,,
,,,,,,
,,,,,,
,,,,,,
,,,,,,
,,,,,,
,,,,,,
,,,,,,
,,,,,,
,,,,,,
,,,,,,
,,,,,,
,,,,,,
,,,,,,
,,,,,,
,,,,,,
,,,,,,
,,,,,,
,,,,,,
,,,,,,
,,,,,,
,,,,,,
,,,,,,
,,,,,,
,,,,,,
,,,,,,
,,,,,,
,,,,,,
,,,,,,
,,,,,,
,,,,,,
,,,,,,
,,,,,,
,,,,,,
,,,,,,
,,,,,,
,,,,,,
,,,,,,
,,,,,,
,,,,,,
,,,,,,
,,,,,,
,,,,,,
,,,,,,
,,,,,,
,,,,,,
,,,,,,
,,,,,,
,,,,,,
,,,,,,
,,,,,,
,,,,,,
,,,,,,
,,,,,,
,,,,,,
,,,,,,
,,,,,,
,,,,,,
,,,,,,
,,,,,,
,,,,,,
,,,,,,
,,,,,,
,,,,,,
,,,,,,
,,,,,,
,,,,,,
,,,,,,
,,,,,,
,,,,,,
,,,,,,
,,,,,,
,,,,,,
,,,,,,
,,,,,,
,,,,,,
,,,,,,
,,,,,,
,,,,,,
,,,,,,
,,,,,,
,,,,,,
,,,,,,
,,,,,,
,,,,,,
,,,,,,
,,,,,,
,,,,,,
,,,,,,
,,,,,,
,,,,,,
,,,,,,
,,,,,,
,,,,,,
,,,,,,
,,,,,,
,,,,,,
,,,,,,
,,,,,,
,,,,,,
,,,,,,
,,,,,,
,,,,,,
,,,,,,
,,,,,,
,,,,,,
,,,,,,
,,,,,,
,,,,,,
,,,,,,
,,,,,,
,,,,,,
,,,,,,
,,,,,,
,,,,,,
,,,,,,
,,,,,,
,,,,,,
,,,,,,
,,,,,,
,,,,,,
,,,,,,
,,,,,,
,,,,,,
,,,,,,
,,,,,,
,,,,,,
,,,,,,
,,,,,,
,,,,,,
,,,,,,
,,,,,,
,,,,,,
,,,,,,
,,,,,,
,,,,,,
,,,,,,
,,,,,,
,,,,,,
,,,,,,
,,,,,,
,,,,,,
,,,,,,
,,,,,,
,,,,,,
,,,,,,
,,,,,,
,,,,,,
,,,,,,
,,,,,,
,,,,,,
,,,,,,
,,,,,,
,,,,,,
,,,,,,
,,,,,,
,,,,,,
,,,,,,
,,,,,,
,,,,,,
,,,,,,
,,,,,,
,,,,,,
,,,,,,
,,,,,,
,,,,,,
,,,,,,
,,,,,,
,,,,,,
,,,,,,
,,,,,,
,,,,,,
,,,,,,
,,,,,,
,,,,,,
,,,,,,
,,,,,,
,,,,,,
,,,,,,
,,,,,,
,,,,,,
,,,,,,
,,,,,,
,,,,,,
,,,,,,
,,,,,,
,,,,,,
,,,,,,
,,,,,,
,,,,,,
,,,,,,
,,,,,,
,,,,,,
,,,,,,
,,,,,,
,,,,,,
,,,,,,
,,,,,,
,,,,,,
,,,,,,
,,,,,,
,,,,,,
,,,,,,
,,,,,,
,,,,,,
,,,,,,
,,,,,,
,,,,,,
,,,,,,
,,,,,,
,,,,,,
,,,,,,
,,,,,,
,,,,,,
,,,,,,
,,,,,,
,,,,,,
,,,,,,
,,,,,,
,,,,,,
,,,,,,
,,,,,,
,,,,,,
,,,,,,
,,,,,,
,,,,,,
,,,,,,
,,,,,,
,,,,,,
,,,,,,
,,,,,,
,,,,,,
,,,,,,
,,,,,,
,,,,,,
,,,,,,
,,,,,,
,,,,,,
,,,,,,
,,,,,,
,,,,,,
,,,,,,
,,,,,,
,,,,,,
,,,,,,
,,,,,,
,,,,,,
,,,,,,
,,,,,,
,,,,,,
,,,,,,
,,,,,,
,,,,,,
,,,,,,
,,,,,,
,,,,,,
,,,,,,
,,,,,,
,,,,,,
,,,,,,
,,,,,,
,,,,,,
,,,,,,
,,,,,,
,,,,,,
,,,,,,
,,,,,,
,,,,,,
,,,,,,
,,,,,,
,,,,,,
,,,,,,
,,,,,,
,,,,,,
,,,,,,
,,,,,,
,,,,,,
,,,,,,
,,,,,,
,,,,,,
,,,,,,
,,,,,,
,,,,,,
,,,,,,
,,,,,,
,,,,,,
,,,,,,
,,,,,,
,,,,,,
,,,,,,
,,,,,,
,,,,,,
,,,,,,
,,,,,,
,,,,,,
,,,,,,
,,,,,,
,,,,,,
,,,,,,
,,,,,,
,,,,,,
,,,,,,
,,,,,,
,,,,,,
,,,,,,
,,,,,,
,,,,,,
,,,,,,
,,,,,,
,,,,,,
,,,,,,
,,,,,,
,,,,,,
,,,,,,
,,,,,,
,,,,,,
,,,,,,
,,,,,,
,,,,,,
,,,,,,
,,,,,,
,,,,,,
,,,,,,
,,,,,,
,,,,,,
,,,,,,
,,,,,,
,,,,,,
,,,,,,
,,,,,,
,,,,,,
,,,,,,
,,,,,,
,,,,,,
,,,,,,
,,,,,,
,,,,,,
,,,,,,
,,,,,,
,,,,,,
,,,,,,
,,,,,,
,,,,,,
,,,,,,
,,,,,,
,,,,,,
,,,,,,
,,,,,,
,,,,,,
,,,,,,
,,,,,,
,,,,,,
,,,,,,
,,,,,,
,,,,,,
,,,,,,
,,,,,,
,,,,,,
,,,,,,
,,,,,,
,,,,,,
,,,,,,
,,,,,,
,,,,,,
,,,,,,
,,,,,,
,,,,,,
,,,,,,
,,,,,,
,,,,,,
,,,,,,
,,,,,,
,,,,,,
,,,,,,
,,,,,,
,,,,,,
,,,,,,
,,,,,,
,,,,,,
,,,,,,
,,,,,,
,,,,,,
,,,,,,
,,,,,,
,,,,,,
,,,,,,
,,,,,,
,,,,,,
,,,,,,
,,,,,,
,,,,,,
,,,,,,
,,,,,,
,,,,,,
,,,,,,
,,,,,,
,,,,,,
,,,,,,
,,,,,,
,,,,,,
,,,,,,
,,,,,,
,,,,,,
,,,,,,
,,,,,,
,,,,,,
,,,,,,
,,,,,,
,,,,,,
,,,,,,
,,,,,,
,,,,,,
,,,,,,
,,,,,,
,,,,,,
,,,,,,
,,,,,,
,,,,,,
,,,,,,
,,,,,,
,,,,,,
,,,,,,
,,,,,,
,,,,,,
,,,,,,
,,,,,,
,,,,,,
,,,,,,
,,,,,,
,,,,,,
,,,,,,
,,,,,,
,,,,,,
,,,,,,
,,,,,,
,,,,,,
,,,,,,
,,,,,,
,,,,,,
,,,,,,
,,,,,,
,,,,,,
,,,,,,
,,,,,,
,,,,,,
,,,,,,
,,,,,,
,,,,,,
,,,,,,
,,,,,,
,,,,,,
,,,,,,
,,,,,,
,,,,,,
,,,,,,
,,,,,,
,,,,,,
,,,,,,
,,,,,,
,,,,,,
,,,,,,
,,,,,,
,,,,,,
,,,,,,
,,,,,,
,,,,,,
,,,,,,
,,,,,,
,,,,,,
,,,,,,
,,,,,,
,,,,,,
,,,,,,
,,,,,,
,,,,,,
,,,,,,
,,,,,,
,,,,,,
,,,,,,
,,,,,,
,,,,,,
,,,,,,
,,,,,,
,,,,,,
,,,,,,
,,,,,,
,,,,,,
,,,,,,
,,,,,,
,,,,,,
,,,,,,
,,,,,,
,,,,,,
,,,,,,
,,,,,,
,,,,,,
,,,,,,
,,,,,,
,,,,,,
,,,,,,
,,,,,,
,,,,,,
,,,,,,
,,,,,,
,,,,,,
,,,,,,
,,,,,,
,,,,,,
,,,,,,
,,,,,,
,,,,,,
,,,,,,
,,,,,,
,,,,,,
,,,,,,
,,,,,,
,,,,,,
,,,,,,
,,,,,,
,,,,,,
,,,,,,
,,,,,,
,,,,,,
,,,,,,
,,,,,,
,,,,,,
,,,,,,
,,,,,,
,,,,,,
,,,,,,
,,,,,,
,,,,,,
,,,,,,
,,,,,,
,,,,,,
,,,,,,
,,,,,,
,,,,,,
,,,,,,
,,,,,,
,,,,,,
,,,,,,
,,,,,,
,,,,,,
,,,,,,
,,,,,,
,,,,,,
,,,,,,
,,,,,,
,,,,,,
,,,,,,
,,,,,,
,,,,,,
,,,,,,
,,,,,,
,,,,,,
,,,,,,
,,,,,,
,,,,,,
,,,,,,
,,,,,,
,,,,,,
,,,,,,
,,,,,,
,,,,,,
,,,,,,
,,,,,,
,,,,,,
,,,,,,
,,,,,,
,,,,,,
,,,,,,
,,,,,,
,,,,,,
,,,,,,
,,,,,,
,,,,,,
,,,,,,
,,,,,,
,,,,,,
,,,,,,
,,,,,,
,,,,,,
,,,,,,
,,,,,,
,,,,,,
,,,,,,
,,,,,,
,,,,,,
,,,,,,
,,,,,,
,,,,,,
,,,,,,
,,,,,,
,,,,,,
,,,,,,
,,,,,,
,,,,,,
,,,,,,
,,,,,,
,,,,,,
,,,,,,
,,,,,,
,,,,,,
,,,,,,
,,,,,,
,,,,,,
,,,,,,
,,,,,,
,,,,,,
,,,,,,
,,,,,,
,,,,,,
,,,,,,
,,,,,,
,,,,,,
,,,,,,
,,,,,,
,,,,,,
,,,,,,
,,,,,,
,,,,,,
,,,,,,
,,,,,,
,,,,,,
,,,,,,
,,,,,,
,,,,,,
,,,,,,
,,,,,,
,,,,,,
,,,,,,
,,,,,,
,,,,,,
,,,,,,
,,,,,,
,,,,,,
,,,,,,
,,,,,,
,,,,,,
,,,,,,
,,,,,,
,,,,,,
,,,,,,
,,,,,,
,,,,,,
,,,,,,
,,,,,,
,,,,,,
,,,,,,
,,,,,,
,,,,,,
,,,,,,
,,,,,,
,,,,,,
,,,,,,
,,,,,,
,,,,,,
,,,,,,
,,,,,,
,,,,,,
,,,,,,
,,,,,,
,,,,,,
,,,,,,
,,,,,,
,,,,,,
,,,,,,
,,,,,,
,,,,,,
,,,,,,
,,,,,,
,,,,,,
,,,,,,
,,,,,,
,,,,,,
,,,,,,
,,,,,,
,,,,,,
,,,,,,
,,,,,,
,,,,,,
,,,,,,
,,,,,,
,,,,,,
,,,,,,
,,,,,,
,,,,,,
,,,,,,
,,,,,,
,,,,,,
,,,,,,
,,,,,,
,,,,,,
,,,,,,
,,,,,,
,,,,,,
,,,,,,
,,,,,,
,,,,,,
,,,,,,
,,,,,,
,,,,,,
,,,,,,
,,,,,,
,,,,,,
,,,,,,
,,,,,,
,,,,,,
,,,,,,
,,,,,,
,,,,,,
,,,,,,
,,,,,,
,,,,,,
,,,,,,
,,,,,,
,,,,,,
,,,,,,
,,,,,,
,,,,,,
,,,,,,
,,,,,,
,,,,,,
,,,,,,
,,,,,,
,,,,,,
,,,,,,
,,,,,,
,,,,,,
,,,,,,
,,,,,,
,,,,,,
,,,,,,
,,,,,,
,,,,,,
,,,,,,
,,,,,,
,,,,,,
,,,,,,
,,,,,,
,,,,,,
,,,,,,
,,,,,,
,,,,,,
,,,,,,
,,,,,,
,,,,,,
,,,,,,
,,,,,,
,,,,,,
,,,,,,
,,,,,,
,,,,,,
,,,,,,
,,,,,,
,,,,,,
,,,,,,
,,,,,,
,,,,,,
,,,,,,
,,,,,,
,,,,,,
,,,,,,
,,,,,,
,,,,,,
,,,,,,
,,,,,,
,,,,,,
,,,,,,
,,,,,,
,,,,,,
,,,,,,
,,,,,,
,,,,,,
,,,,,,
,,,,,,
,,,,,,
,,,,,,
,,,,,,
,,,,,,
,,,,,,
,,,,,,
,,,,,,
,,,,,,
,,,,,,
,,,,,,
,,,,,,
,,,,,,
,,,,,,
,,,,,,
,,,,,,
,,,,,,
,,,,,,
,,,,,,
,,,,,,
,,,,,,
,,,,,,
,,,,,,
,,,,,,
,,,,,,
,,,,,,
,,,,,,
,,,,,,
,,,,,,
,,,,,,
,,,,,,
,,,,,,
,,,,,,
,,,,,,
,,,,,,
,,,,,,
,,,,,,
,,,,,,
,,,,,,
,,,,,,
,,,,,,
,,,,,,
,,,,,,
,,,,,,
,,,,,,
,,,,,,
,,,,,,
,,,,,,
,,,,,,
,,,,,,
,,,,,,
,,,,,,
,,,,,,
,,,,,,
,,,,,,
,,,,,,
,,,,,,
,,,,,,
,,,,,,
,,,,,,
,,,,,,
,,,,,,
,,,,,,
,,,,,,
,,,,,,
,,,,,,
,,,,,,
,,,,,,
,,,,,,
,,,,,,
,,,,,,
,,,,,,
,,,,,,
,,,,,,
,,,,,,
,,,,,,
,,,,,,
,,,,,,
,,,,,,
,,,,,,
,,,,,,
,,,,,,
,,,,,,
,,,,,,
,,,,,,
,,,,,,
,,,,,,
,,,,,,
,,,,,,
,,,,,,
,,,,,,
,,,,,,
,,,,,,
,,,,,,
,,,,,,
,,,,,,
,,,,,,
,,,,,,
,,,,,,
,,,,,,
,,,,,,
,,,,,,
,,,,,,
,,,,,,
,,,,,,
,,,,,,
,,,,,,
,,,,,,
,,,,,,
,,,,,,
,,,,,,
,,,,,,
,,,,,,
,,,,,,
,,,,,,
,,,,,,
,,,,,,
,,,,,,
,,,,,,
,,,,,,
,,,,,,
,,,,,,
,,,,,,
,,,,,,
,,,,,,
,,,,,,
,,,,,,
,,,,,,
,,,,,,
,,,,,,
,,,,,,
,,,,,,
,,,,,,
,,,,,,
,,,,,,
,,,,,,
,,,,,,
,,,,,,
,,,,,,
,,,,,,
,,,,,,
,,,,,,
,,,,,,
,,,,,,
,,,,,,
,,,,,,
,,,,,,
,,,,,,
,,,,,,
,,,,,,
,,,,,,
,,,,,,
,,,,,,
,,,,,,
,,,,,,
,,,,,,
,,,,,,
,,,,,,
,,,,,,
,,,,,,
,,,,,,
,,,,,,
,,,,,,
,,,,,,
,,,,,,
,,,,,,
,,,,,,
,,,,,,
,,,,,,
,,,,,,
,,,,,,
,,,,,,
,,,,,,
,,,,,,
,,,,,,
,,,,,,
,,,,,,
,,,,,,
,,,,,,
,,,,,,
,,,,,,
,,,,,,
,,,,,,
,,,,,,
,,,,,,
,,,,,,
,,,,,,
,,,,,,
,,,,,,
,,,,,,
,,,,,,
,,,,,,
,,,,,,
,,,,,,
,,,,,,
,,,,,,
,,,,,,
,,,,,,
,,,,,,
,,,,,,
,,,,,,
,,,,,,
,,,,,,
,,,,,,
,,,,,,
,,,,,,
,,,,,,
,,,,,,
,,,,,,
,,,,,,
,,,,,,
,,,,,,
,,,,,,
,,,,,,
,,,,,,
,,,,,,
,,,,,,
,,,,,,
,,,,,,
,,,,,,
,,,,,,
,,,,,,
,,,,,,
,,,,,,
,,,,,,
,,,,,,
,,,,,,
,,,,,,
,,,,,,
,,,,,,
,,,,,,
,,,,,,
,,,,,,
,,,,,,
,,,,,,
,,,,,,
,,,,,,
,,,,,,
,,,,,,
,,,,,,
,,,,,,
,,,,,,
,,,,,,
,,,,,,
,,,,,,
,,,,,,
,,,,,,
,,,,,,
,,,,,,
,,,,,,
,,,,,,
,,,,,,
,,,,,,
,,,,,,
,,,,,,
,,,,,,
,,,,,,
,,,,,,
,,,,,,
,,,,,,
,,,,,,
,,,,,,
,,,,,,
,,,,,,
,,,,,,
,,,,,,
,,,,,,
,,,,,,
,,,,,,
,,,,,,
,,,,,,
,,,,,,
,,,,,,
,,,,,,
,,,,,,
,,,,,,
,,,,,,
,,,,,,
,,,,,,
,,,,,,
,,,,,,
,,,,,,
,,,,,,
,,,,,,
,,,,,,
,,,,,,
,,,,,,
,,,,,,
,,,,,,
,,,,,,
,,,,,,
,,,,,,
,,,,,,
,,,,,,
,,,,,,
,,,,,,
,,,,,,
,,,,,,
,,,,,,
,,,,,,
,,,,,,
,,,,,,
,,,,,,
,,,,,,
,,,,,,
,,,,,,
,,,,,,
,,,,,,
,,,,,,
,,,,,,
,,,,,,
,,,,,,
,,,,,,
,,,,,,
,,,,,,
,,,,,,
,,,,,,
,,,,,,
,,,,,,
,,,,,,
,,,,,,
,,,,,,
,,,,,,
,,,,,,
,,,,,,
,,,,,,
,,,,,,
,,,,,,
,,,,,,
,,,,,,
,,,,,,
,,,,,,
,,,,,,
,,,,,,
,,,,,,
,,,,,,
,,,,,,
,,,,,,
,,,,,,
,,,,,,
,,,,,,
,,,,,,
,,,,,,
,,,,,,
,,,,,,
,,,,,,
,,,,,,
,,,,,,
,,,,,,
,,,,,,
,,,,,,
,,,,,,
,,,,,,
,,,,,,
,,,,,,
,,,,,,
,,,,,,
,,,,,,
,,,,,,
,,,,,,
,,,,,,
,,,,,,
,,,,,,
,,,,,,
,,,,,,
,,,,,,
,,,,,,
,,,,,,
,,,,,,
,,,,,,
,,,,,,
,,,,,,
,,,,,,
,,,,,,
,,,,,,
,,,,,,
,,,,,,
,,,,,,
,,,,,,
,,,,,,
,,,,,,
,,,,,,
,,,,,,
,,,,,,
,,,,,,
,,,,,,
,,,,,,
,,,,,,
,,,,,,
,,,,,,
,,,,,,
,,,,,,
,,,,,,
,,,,,,
,,,,,,
,,,,,,
,,,,,,
,,,,,,
,,,,,,
,,,,,,
,,,,,,
,,,,,,
,,,,,,
,,,,,,
,,,,,,
,,,,,,
,,,,,,
,,,,,,
,,,,,,
,,,,,,
,,,,,,
,,,,,,
,,,,,,
,,,,,,
,,,,,,
,,,,,,
,,,,,,
,,,,,,
,,,,,,
,,,,,,
,,,,,,
,,,,,,
,,,,,,
,,,,,,
,,,,,,
,,,,,,
,,,,,,
,,,,,,
,,,,,,
,,,,,,
,,,,,,
,,,,,,
,,,,,,
,,,,,,
,,,,,,
,,,,,,
,,,,,,
,,,,,,
,,,,,,
,,,,,,
,,,,,,
,,,,,,
,,,,,,
,,,,,,
,,,,,,
,,,,,,
,,,,,,
,,,,,,
,,,,,,
,,,,,,
,,,,,,
,,,,,,
,,,,,,
,,,,,,
,,,,,,
,,,,,,
,,,,,,
,,,,,,
,,,,,,
,,,,,,
,,,,,,
,,,,,,
,,,,,,
,,,,,,
,,,,,,
,,,,,,
,,,,,,
,,,,,,
,,,,,,
,,,,,,
,,,,,,
,,,,,,
,,,,,,
,,,,,,
,,,,,,
,,,,,,
,,,,,,
,,,,,,
,,,,,,
,,,,,,
,,,,,,
,,,,,,
,,,,,,
,,,,,,
,,,,,,
,,,,,,
,,,,,,
,,,,,,
,,,,,,
,,,,,,
,,,,,,
,,,,,,
,,,,,,
,,,,,,
,,,,,,
,,,,,,
,,,,,,
,,,,,,
,,,,,,
,,,,,,
,,,,,,
,,,,,,
,,,,,,
,,,,,,
,,,,,,
,,,,,,
,,,,,,
,,,,,,
,,,,,,
,,,,,,
,,,,,,
,,,,,,
,,,,,,
,,,,,,
,,,,,,
,,,,,,
,,,,,,
,,,,,,
,,,,,,
,,,,,,
,,,,,,
,,,,,,
,,,,,,
,,,,,,
,,,,,,
,,,,,,
,,,,,,
,,,,,,
,,,,,,
,,,,,,
,,,,,,
,,,,,,
,,,,,,
,,,,,,
,,,,,,
,,,,,,
,,,,,,
,,,,,,
,,,,,,
,,,,,,
,,,,,,
,,,,,,
,,,,,,
,,,,,,
,,,,,,
,,,,,,
,,,,,,
,,,,,,
,,,,,,
,,,,,,
,,,,,,
,,,,,,
,,,,,,
,,,,,,
,,,,,,
,,,,,,
,,,,,,
,,,,,,
,,,,,,
,,,,,,
,,,,,,
,,,,,,
,,,,,,
,,,,,,
,,,,,,
,,,,,,
,,,,,,
,,,,,,
,,,,,,
,,,,,,
,,,,,,
,,,,,,
,,,,,,
,,,,,,
,,,,,,
,,,,,,
,,,,,,
,,,,,,
,,,,,,
,,,,,,
,,,,,,
,,,,,,
,,,,,,
,,,,,,
,,,,,,
,,,,,,
,,,,,,
,,,,,,
,,,,,,
,,,,,,
,,,,,,
,,,,,,
,,,,,,
,,,,,,
,,,,,,
,,,,,,
,,,,,,
,,,,,,
,,,,,,
,,,,,,
,,,,,,
,,,,,,
,,,,,,
,,,,,,
,,,,,,
,,,,,,
,,,,,,
,,,,,,
,,,,,,
,,,,,,
,,,,,,
,,,,,,
,,,,,,
,,,,,,
,,,,,,
,,,,,,
,,,,,,
,,,,,,
,,,,,,
,,,,,,
,,,,,,
,,,,,,
,,,,,,
,,,,,,
,,,,,,
,,,,,,
,,,,,,
,,,,,,
,,,,,,
,,,,,,
,,,,,,
,,,,,,
,,,,,,
,,,,,,
,,,,,,
,,,,,,
,,,,,,
,,,,,,
,,,,,,
,,,,,,
,,,,,,
,,,,,,
,,,,,,
,,,,,,
,,,,,,
,,,,,,
,,,,,,
,,,,,,
,,,,,,
,,,,,,
,,,,,,
,,,,,,
,,,,,,
,,,,,,
,,,,,,
,,,,,,
,,,,,,
,,,,,,
,,,,,,
,,,,,,
,,,,,,
,,,,,,
,,,,,,
,,,,,,
,,,,,,
,,,,,,
,,,,,,
,,,,,,
,,,,,,
,,,,,,
,,,,,,
,,,,,,
,,,,,,
,,,,,,
,,,,,,
,,,,,,
,,,,,,
,,,,,,
,,,,,,
,,,,,,
,,,,,,
,,,,,,
,,,,,,
,,,,,,
,,,,,,
,,,,,,
,,,,,,
,,,,,,
,,,,,,
,,,,,,
,,,,,,
,,,,,,
,,,,,,
,,,,,,
,,,,,,
,,,,,,
,,,,,,
,,,,,,
,,,,,,
,,,,,,
,,,,,,
,,,,,,
,,,,,,
,,,,,,
,,,,,,
,,,,,,
,,,,,,
,,,,,,
,,,,,,
,,,,,,
,,,,,,
,,,,,,
,,,,,,
,,,,,,
,,,,,,
,,,,,,
,,,,,,
,,,,,,
,,,,,,
,,,,,,
,,,,,,
,,,,,,
,,,,,,
,,,,,,
,,,,,,
,,,,,,
,,,,,,
,,,,,,
,,,,,,
,,,,,,
,,,,,,
,,,,,,
,,,,,,
,,,,,,
,,,,,,
,,,,,,
,,,,,,
,,,,,,
,,,,,,
,,,,,,
,,,,,,
,,,,,,
,,,,,,
,,,,,,
,,,,,,
,,,,,,
,,,,,,
,,,,,,
,,,,,,
,,,,,,
,,,,,,
,,,,,,
,,,,,,
,,,,,,
,,,,,,
,,,,,,
,,,,,,
,,,,,,
,,,,,,
,,,,,,
,,,,,,
,,,,,,
,,,,,,
,,,,,,
,,,,,,
,,,,,,
,,,,,,
,,,,,,
,,,,,,
,,,,,,
,,,,,,
,,,,,,
,,,,,,
,,,,,,
,,,,,,
,,,,,,
,,,,,,
,,,,,,
,,,,,,
,,,,,,
,,,,,,
,,,,,,
,,,,,,
,,,,,,
,,,,,,
,,,,,,
,,,,,,
,,,,,,
,,,,,,
,,,,,,
,,,,,,
,,,,,,
,,,,,,
,,,,,,
,,,,,,
,,,,,,
,,,,,,
,,,,,,
,,,,,,
,,,,,,
,,,,,,
,,,,,,
,,,,,,
,,,,,,
,,,,,,
,,,,,,
,,,,,,
,,,,,,
,,,,,,
,,,,,,
,,,,,,
,,,,,,
,,,,,,
,,,,,,
,,,,,,
,,,,,,
,,,,,,
,,,,,,
,,,,,,
,,,,,,
,,,,,,
,,,,,,
,,,,,,
,,,,,,
,,,,,,
,,,,,,
,,,,,,
,,,,,,
,,,,,,
,,,,,,
,,,,,,
,,,,,,
,,,,,,
,,,,,,
,,,,,,
,,,,,,
,,,,,,
,,,,,,
,,,,,,
,,,,,,
,,,,,,
,,,,,,
,,,,,,
,,,,,,
,,,,,,
,,,,,,
,,,,,,
,,,,,,
,,,,,,
,,,,,,
,,,,,,
,,,,,,
,,,,,,
,,,,,,
,,,,,,
,,,,,,
,,,,,,
,,,,,,
,,,,,,
,,,,,,
,,,,,,
,,,,,,
,,,,,,
,,,,,,
,,,,,,
,,,,,,
,,,,,,
,,,,,,
,,,,,,
,,,,,,
,,,,,,
,,,,,,
,,,,,,
,,,,,,
,,,,,,
,,,,,,
,,,,,,
,,,,,,
,,,,,,
,,,,,,
,,,,,,
,,,,,,
,,,,,,
,,,,,,
,,,,,,
,,,,,,
,,,,,,
,,,,,,
,,,,,,
,,,,,,
,,,,,,
,,,,,,
,,,,,,
,,,,,,
,,,,,,
,,,,,,
,,,,,,
,,,,,,
,,,,,,
,,,,,,
,,,,,,
,,,,,,
,,,,,,
,,,,,,
,,,,,,
,,,,,,
,,,,,,
,,,,,,
,,,,,,
,,,,,,
,,,,,,
,,,,,,
,,,,,,
,,,,,,
,,,,,,
,,,,,,
,,,,,,
,,,,,,
,,,,,,
,,,,,,
,,,,,,
,,,,,,
,,,,,,
,,,,,,
,,,,,,
,,,,,,
,,,,,,
,,,,,,
,,,,,,
,,,,,,
,,,,,,
,,,,,,
,,,,,,
,,,,,,
,,,,,,
,,,,,,
,,,,,,
,,,,,,
,,,,,,
,,,,,,
,,,,,,
,,,,,,
,,,,,,
,,,,,,
,,,,,,
,,,,,,
,,,,,,
,,,,,,
,,,,,,
,,,,,,
,,,,,,
,,,,,,
,,,,,,
,,,,,,
,,,,,,
,,,,,,
,,,,,,
,,,,,,
,,,,,,
,,,,,,
,,,,,,
,,,,,,
,,,,,,
,,,,,,
,,,,,,
,,,,,,
,,,,,,
,,,,,,
,,,,,,
,,,,,,
,,,,,,
,,,,,,
,,,,,,
,,,,,,
,,,,,,
,,,,,,
,,,,,,
,,,,,,
,,,,,,
,,,,,,
,,,,,,
,,,,,,
,,,,,,
,,,,,,
,,,,,,
,,,,,,
,,,,,,
,,,,,,
,,,,,,
,,,,,,
,,,,,,
,,,,,,
,,,,,,
,,,,,,
,,,,,,
,,,,,,
,,,,,,
,,,,,,
,,,,,,
,,,,,,
,,,,,,
,,,,,,
,,,,,,
,,,,,,
,,,,,,
,,,,,,
,,,,,,
,,,,,,
,,,,,,
,,,,,,
,,,,,,
,,,,,,
,,,,,,
,,,,,,
,,,,,,
,,,,,,
,,,,,,
,,,,,,
,,,,,,
,,,,,,
,,,,,,
,,,,,,
,,,,,,
,,,,,,
,,,,,,
,,,,,,
,,,,,,
,,,,,,
,,,,,,
,,,,,,
,,,,,,
,,,,,,
,,,,,,
,,,,,,
,,,,,,
,,,,,,
,,,,,,
,,,,,,
,,,,,,
,,,,,,
,,,,,,
,,,,,,
,,,,,,
,,,,,,
,,,,,,
,,,,,,
,,,,,,
,,,,,,
,,,,,,
,,,,,,
,,,,,,
,,,,,,
,,,,,,
,,,,,,
,,,,,,
,,,,,,
,,,,,,
,,,,,,
,,,,,,
,,,,,,
,,,,,,
,,,,,,
,,,,,,
,,,,,,
,,,,,,
,,,,,,
,,,,,,
,,,,,,
,,,,,,
,,,,,,
,,,,,,
,,,,,,
,,,,,,
,,,,,,
,,,,,,
,,,,,,
,,,,,,
,,,,,,
,,,,,,
,,,,,,
,,,,,,
,,,,,,
,,,,,,
,,,,,,
,,,,,,
,,,,,,
,,,,,,
,,,,,,
,,,,,,
,,,,,,
,,,,,,
,,,,,,
,,,,,,
,,,,,,
,,,,,,
,,,,,,
,,,,,,
,,,,,,
,,,,,,
,,,,,,
,,,,,,
,,,,,,
,,,,,,
,,,,,,
,,,,,,
,,,,,,
,,,,,,
,,,,,,
,,,,,,
,,,,,,
,,,,,,
,,,,,,
,,,,,,
,,,,,,
,,,,,,
,,,,,,
,,,,,,
,,,,,,
,,,,,,
,,,,,,
,,,,,,
,,,,,,
,,,,,,
,,,,,,
,,,,,,
,,,,,,
,,,,,,
,,,,,,
,,,,,,
,,,,,,
,,,,,,
,,,,,,
,,,,,,
,,,,,,
,,,,,,
,,,,,,
,,,,,,
,,,,,,
,,,,,,
,,,,,,
,,,,,,
,,,,,,
,,,,,,
,,,,,,
,,,,,,
,,,,,,
,,,,,,
,,,,,,
,,,,,,
,,,,,,
,,,,,,
,,,,,,
,,,,,,
,,,,,,
,,,,,,
,,,,,,
,,,,,,
,,,,,,
,,,,,,
,,,,,,
,,,,,,
,,,,,,
,,,,,,
,,,,,,
,,,,,,
,,,,,,
,,,,,,
,,,,,,
,,,,,,
,,,,,,
,,,,,,
,,,,,,
,,,,,,
,,,,,,
,,,,,,
,,,,,,
,,,,,,
,,,,,,
,,,,,,
,,,,,,
,,,,,,
,,,,,,
,,,,,,
,,,,,,
,,,,,,
,,,,,,
,,,,,,
,,,,,,
,,,,,,
,,,,,,
,,,,,,
,,,,,,
,,,,,,
,,,,,,
,,,,,,
,,,,,,
,,,,,,
,,,,,,
,,,,,,
,,,,,,
,,,,,,
,,,,,,
,,,,,,
,,,,,,
,,,,,,
,,,,,,
,,,,,,
,,,,,,
,,,,,,
,,,,,,
,,,,,,
,,,,,,
,,,,,,
,,,,,,
,,,,,,
,,,,,,
,,,,,,
,,,,,,
,,,,,,
,,,,,,
,,,,,,
,,,,,,
,,,,,,
,,,,,,
,,,,,,
,,,,,,
,,,,,,
,,,,,,
,,,,,,
,,,,,,
,,,,,,
,,,,,,
,,,,,,
,,,,,,
,,,,,,
,,,,,,
,,,,,,
,,,,,,
,,,,,,
,,,,,,
,,,,,,
,,,,,,
,,,,,,
,,,,,,
,,,,,,
,,,,,,
,,,,,,
,,,,,,
,,,,,,
,,,,,,
,,,,,,
,,,,,,
,,,,,,
,,,,,,
,,,,,,
,,,,,,
,,,,,,
,,,,,,
,,,,,,
,,,,,,
,,,,,,
,,,,,,
,,,,,,
,,,,,,
,,,,,,
,,,,,,
,,,,,,
,,,,,,
,,,,,,
,,,,,,
,,,,,,
,,,,,,
,,,,,,
,,,,,,
,,,,,,
,,,,,,
,,,,,,
,,,,,,
,,,,,,
,,,,,,
,,,,,,
,,,,,,
,,,,,,
,,,,,,
,,,,,,
,,,,,,
,,,,,,
,,,,,,
,,,,,,
,,,,,,
,,,,,,
,,,,,,
,,,,,,
,,,,,,
,,,,,,
,,,,,,
,,,,,,
,,,,,,
,,,,,,
,,,,,,
,,,,,,
,,,,,,
,,,,,,
,,,,,,
,,,,,,
,,,,,,
,,,,,,
,,,,,,
,,,,,,
,,,,,,
,,,,,,
,,,,,,
,,,,,,
,,,,,,
,,,,,,
,,,,,,
,,,,,,
,,,,,,
,,,,,,
,,,,,,
,,,,,,
,,,,,,
,,,,,,
,,,,,,
,,,,,,
,,,,,,
,,,,,,
,,,,,,
,,,,,,
,,,,,,
,,,,,,
,,,,,,
,,,,,,
,,,,,,
,,,,,,
,,,,,,
,,,,,,
,,,,,,
,,,,,,
,,,,,,
,,,,,,
,,,,,,
,,,,,,
,,,,,,
,,,,,,
,,,,,,
,,,,,,
,,,,,,
,,,,,,
,,,,,,
,,,,,,
,,,,,,
,,,,,,
,,,,,,
,,,,,,
,,,,,,
,,,,,,
,,,,,,
,,,,,,
,,,,,,
,,,,,,
,,,,,,
,,,,,,
,,,,,,
,,,,,,
,,,,,,
,,,,,,
,,,,,,
,,,,,,
,,,,,,
,,,,,,
,,,,,,
,,,,,,
,,,,,,
,,,,,,
,,,,,,
,,,,,,
,,,,,,
,,,,,,
,,,,,,
,,,,,,
,,,,,,
,,,,,,
,,,,,,
,,,,,,
,,,,,,
,,,,,,
,,,,,,
,,,,,,
,,,,,,
,,,,,,
,,,,,,
,,,,,,
,,,,,,
,,,,,,
,,,,,,
,,,,,,
,,,,,,
,,,,,,
,,,,,,
,,,,,,
,,,,,,
,,,,,,
,,,,,,
,,,,,,
,,,,,,
,,,,,,
,,,,,,
,,,,,,
,,,,,,
,,,,,,
,,,,,,
,,,,,,
,,,,,,
,,,,,,
,,,,,,
,,,,,,
,,,,,,
,,,,,,
,,,,,,
,,,,,,
,,,,,,
,,,,,,
,,,,,,
,,,,,,
,,,,,,
,,,,,,
,,,,,,
,,,,,,
,,,,,,
,,,,,,
,,,,,,
,,,,,,
,,,,,,
,,,,,,
,,,,,,
,,,,,,
,,,,,,
,,,,,,
,,,,,,
,,,,,,
,,,,,,
,,,,,,
,,,,,,
,,,,,,
,,,,,,
,,,,,,
,,,,,,
,,,,,,
,,,,,,
,,,,,,
,,,,,,
,,,,,,
,,,,,,
,,,,,,
,,,,,,
,,,,,,
,,,,,,
,,,,,,
,,,,,,
,,,,,,
,,,,,,
,,,,,,
,,,,,,
,,,,,,
,,,,,,
,,,,,,
,,,,,,
,,,,,,
,,,,,,
,,,,,,
,,,,,,
,,,,,,
,,,,,,
,,,,,,
,,,,,,
,,,,,,
,,,,,,
,,,,,,
,,,,,,
,,,,,,
,,,,,,
,,,,,,
,,,,,,
,,,,,,
,,,,,,
,,,,,,
,,,,,,
,,,,,,
,,,,,,
,,,,,,
,,,,,,
,,,,,,
,,,,,,
,,,,,,
,,,,,,
,,,,,,
,,,,,,
,,,,,,
,,,,,,
,,,,,,
,,,,,,
,,,,,,
,,,,,,
,,,,,,
,,,,,,
,,,,,,
,,,,,,
,,,,,,
,,,,,,
,,,,,,
,,,,,,
,,,,,,
,,,,,,
,,,,,,
,,,,,,
,,,,,,
,,,,,,
,,,,,,
,,,,,,
,,,,,,
,,,,,,
,,,,,,
,,,,,,
,,,,,,
,,,,,,
,,,,,,
,,,,,,
,,,,,,
,,,,,,
,,,,,,
,,,,,,
,,,,,,
,,,,,,
,,,,,,
,,,,,,
,,,,,,
,,,,,,
,,,,,,
,,,,,,
,,,,,,
,,,,,,
,,,,,,
,,,,,,
,,,,,,
,,,,,,
,,,,,,
,,,,,,
,,,,,,
,,,,,,
,,,,,,
,,,,,,
,,,,,,
,,,,,,
,,,,,,
,,,,,,
,,,,,,
,,,,,,
,,,,,,
,,,,,,
,,,,,,
,,,,,,
,,,,,,
,,,,,,
,,,,,,
,,,,,,
,,,,,,
,,,,,,
,,,,,,
,,,,,,
,,,,,,
,,,,,,
,,,,,,
,,,,,,
,,,,,,
,,,,,,
,,,,,,
,,,,,,
,,,,,,
,,,,,,
,,,,,,
,,,,,,
,,,,,,
,,,,,,
,,,,,,
,,,,,,
,,,,,,
,,,,,,
,,,,,,
,,,,,,
,,,,,,
,,,,,,
,,,,,,
,,,,,,
,,,,,,
,,,,,,
,,,,,,
,,,,,,
,,,,,,
,,,,,,
,,,,,,
,,,,,,
,,,,,,
,,,,,,
,,,,,,
,,,,,,
,,,,,,
,,,,,,
,,,,,,
,,,,,,
,,,,,,
,,,,,,
,,,,,,
,,,,,,
,,,,,,
,,,,,,
,,,,,,
,,,,,,
,,,,,,
,,,,,,
,,,,,,
,,,,,,
,,,,,,
,,,,,,
,,,,,,
,,,,,,
,,,,,,
,,,,,,
,,,,,,
,,,,,,
,,,,,,
,,,,,,
,,,,,,
,,,,,,
,,,,,,
,,,,,,
,,,,,,
,,,,,,
,,,,,,
,,,,,,
,,,,,,
,,,,,,
,,,,,,
,,,,,,
,,,,,,
,,,,,,
,,,,,,
,,,,,,
,,,,,,
,,,,,,
,,,,,,
,,,,,,
,,,,,,
,,,,,,
,,,,,,
,,,,,,
,,,,,,
,,,,,,
,,,,,,
,,,,,,
,,,,,,
,,,,,,
,,,,,,
,,,,,,
,,,,,,
,,,,,,
,,,,,,
,,,,,,
,,,,,,
,,,,,,
,,,,,,
,,,,,,
,,,,,,
,,,,,,
,,,,,,
,,,,,,
,,,,,,
,,,,,,
,,,,,,
,,,,,,
,,,,,,
,,,,,,
,,,,,,
,,,,,,
,,,,,,
,,,,,,
,,,,,,
,,,,,,
,,,,,,
,,,,,,
,,,,,,
,,,,,,
,,,,,,
,,,,,,
,,,,,,
,,,,,,
,,,,,,
,,,,,,
,,,,,,
,,,,,,
,,,,,,
,,,,,,
,,,,,,
,,,,,,
,,,,,,
,,,,,,
,,,,,,
,,,,,,
,,,,,,
,,,,,,
,,,,,,
,,,,,,
,,,,,,
,,,,,,
,,,,,,
,,,,,,
,,,,,,
,,,,,,
,,,,,,
,,,,,,
,,,,,,
,,,,,,
,,,,,,
,,,,,,
,,,,,,
,,,,,,
,,,,,,
,,,,,,
,,,,,,
,,,,,,
,,,,,,
,,,,,,
,,,,,,
,,,,,,
,,,,,,
,,,,,,
,,,,,,
,,,,,,
,,,,,,
,,,,,,
,,,,,,
,,,,,,
,,,,,,
,,,,,,
,,,,,,
,,,,,,
,,,,,,
,,,,,,
,,,,,,
,,,,,,
,,,,,,
,,,,,,
,,,,,,
,,,,,,
,,,,,,
,,,,,,
,,,,,,
,,,,,,
,,,,,,
,,,,,,
,,,,,,
,,,,,,
,,,,,,
,,,,,,
,,,,,,
,,,,,,
,,,,,,
,,,,,,
,,,,,,
,,,,,,
,,,,,,
,,,,,,
,,,,,,
,,,,,,
,,,,,,
,,,,,,
,,,,,,
,,,,,,
,,,,,,
,,,,,,
,,,,,,
,,,,,,
,,,,,,
,,,,,,
,,,,,,
,,,,,,
,,,,,,
,,,,,,
,,,,,,
,,,,,,
,,,,,,
,,,,,,
,,,,,,
,,,,,,
,,,,,,
,,,,,,
,,,,,,
,,,,,,
,,,,,,
,,,,,,
,,,,,,
,,,,,,
,,,,,,
,,,,,,
,,,,,,
,,,,,,
,,,,,,
,,,,,,
,,,,,,
,,,,,,
,,,,,,
,,,,,,
,,,,,,
,,,,,,
,,,,,,
,,,,,,
,,,,,,
,,,,,,
,,,,,,
,,,,,,
,,,,,,
,,,,,,
,,,,,,
,,,,,,
,,,,,,
,,,,,,
,,,,,,
,,,,,,
,,,,,,
,,,,,,
,,,,,,
,,,,,,
,,,,,,
,,,,,,
,,,,,,
,,,,,,
,,,,,,
,,,,,,
,,,,,,
,,,,,,
,,,,,,
,,,,,,
,,,,,,
,,,,,,
,,,,,,
,,,,,,
,,,,,,
,,,,,,
,,,,,,
,,,,,,
,,,,,,
,,,,,,
,,,,,,
,,,,,,
,,,,,,
,,,,,,
,,,,,,
,,,,,,
,,,,,,
,,,,,,
,,,,,,
,,,,,,
,,,,,,
,,,,,,
,,,,,,
,,,,,,
,,,,,,
,,,,,,
,,,,,,
,,,,,,
,,,,,,
,,,,,,
,,,,,,
,,,,,,
,,,,,,
,,,,,,
,,,,,,
,,,,,,
,,,,,,
,,,,,,
,,,,,,
,,,,,,
,,,,,,
,,,,,,
,,,,,,
,,,,,,
,,,,,,
,,,,,,
,,,,,,
,,,,,,
,,,,,,
,,,,,,
,,,,,,
,,,,,,
,,,,,,
,,,,,,
,,,,,,
,,,,,,
,,,,,,
,,,,,,
,,,,,,
,,,,,,
,,,,,,
,,,,,,
,,,,,,
,,,,,,
,,,,,,
,,,,,,
,,,,,,
,,,,,,
,,,,,,
,,,,,,
,,,,,,
,,,,,,
,,,,,,
,,,,,,
,,,,,,
,,,,,,
,,,,,,
,,,,,,
,,,,,,
,,,,,,
,,,,,,
,,,,,,
,,,,,,
,,,,,,
,,,,,,
,,,,,,
,,,,,,
,,,,,,
,,,,,,
,,,,,,
,,,,,,
,,,,,,
,,,,,,
,,,,,,
,,,,,,
,,,,,,
,,,,,,
,,,,,,
,,,,,,
,,,,,,
,,,,,,
,,,,,,
,,,,,,
,,,,,,
,,,,,,
,,,,,,
,,,,,,
,,,,,,
,,,,,,
,,,,,,
,,,,,,
,,,,,,
,,,,,,
,,,,,,
,,,,,,
,,,,,,
,,,,,,
,,,,,,
,,,,,,
,,,,,,
,,,,,,
,,,,,,
,,,,,,
,,,,,,
,,,,,,
,,,,,,
,,,,,,
,,,,,,
,,,,,,
,,,,,,
,,,,,,
,,,,,,
,,,,,,
,,,,,,
,,,,,,
,,,,,,
,,,,,,
,,,,,,
,,,,,,
,,,,,,
,,,,,,
,,,,,,
,,,,,,
,,,,,,
,,,,,,
,,,,,,
,,,,,,
,,,,,,
,,,,,,
,,,,,,
,,,,,,
,,,,,,
,,,,,,
,,,,,,
,,,,,,
,,,,,,
,,,,,,
,,,,,,
,,,,,,
,,,,,,
,,,,,,
,,,,,,
,,,,,,
,,,,,,
,,,,,,
,,,,,,
,,,,,,
,,,,,,
,,,,,,
,,,,,,
,,,,,,
,,,,,,
,,,,,,
,,,,,,
,,,,,,
,,,,,,
,,,,,,
,,,,,,
,,,,,,
,,,,,,
,,,,,,
,,,,,,
,,,,,,
,,,,,,
,,,,,,
,,,,,,
,,,,,,
,,,,,,
,,,,,,
,,,,,,
,,,,,,
,,,,,,
,,,,,,
,,,,,,
,,,,,,
,,,,,,
,,,,,,
,,,,,,
,,,,,,
,,,,,,
,,,,,,
,,,,,,
,,,,,,
,,,,,,
,,,,,,
,,,,,,
,,,,,,
,,,,,,
,,,,,,
,,,,,,
,,,,,,
,,,,,,
,,,,,,
,,,,,,
,,,,,,
,,,,,,
,,,,,,
,,,,,,
,,,,,,
,,,,,,
,,,,,,
,,,,,,
,,,,,,
,,,,,,
,,,,,,
,,,,,,
,,,,,,
,,,,,,
,,,,,,
,,,,,,
,,,,,,
,,,,,,
,,,,,,
,,,,,,
,,,,,,
,,,,,,
,,,,,,
,,,,,,
,,,,,,
,,,,,,
,,,,,,
,,,,,,
,,,,,,
,,,,,,
,,,,,,
,,,,,,
,,,,,,
,,,,,,
,,,,,,
,,,,,,
,,,,,,
,,,,,,
,,,,,,
,,,,,,
,,,,,,
,,,,,,
,,,,,,
,,,,,,
,,,,,,
,,,,,,
,,,,,,
,,,,,,
,,,,,,
,,,,,,
,,,,,,
,,,,,,
,,,,,,
,,,,,,
,,,,,,
,,,,,,
,,,,,,
,,,,,,
,,,,,,
,,,,,,
,,,,,,
,,,,,,
,,,,,,
,,,,,,
,,,,,,
,,,,,,
,,,,,,
,,,,,,
,,,,,,
,,,,,,
,,,,,,
,,,,,,
,,,,,,
,,,,,,
,,,,,,
,,,,,,
,,,,,,
,,,,,,
,,,,,,
,,,,,,
,,,,,,
,,,,,,
,,,,,,
,,,,,,
,,,,,,
,,,,,,
,,,,,,
,,,,,,
,,,,,,
,,,,,,
,,,,,,
,,,,,,
,,,,,,
,,,,,,
,,,,,,
,,,,,,
,,,,,,
,,,,,,
,,,,,,
,,,,,,
,,,,,,
,,,,,,
,,,,,,
,,,,,,
,,,,,,
,,,,,,
,,,,,,
,,,,,,
,,,,,,
,,,,,,
,,,,,,
,,,,,,
,,,,,,
,,,,,,
,,,,,,
,,,,,,
,,,,,,
,,,,,,
,,,,,,
,,,,,,
,,,,,,
,,,,,,
,,,,,,
,,,,,,
,,,,,,
,,,,,,
,,,,,,
,,,,,,
,,,,,,
,,,,,,
,,,,,,
,,,,,,
,,,,,,
,,,,,,
,,,,,,
,,,,,,
,,,,,,
,,,,,,
,,,,,,
,,,,,,
,,,,,,
,,,,,,
,,,,,,
,,,,,,
,,,,,,
,,,,,,
,,,,,,
,,,,,,
,,,,,,
,,,,,,
,,,,,,
,,,,,,
,,,,,,
,,,,,,
,,,,,,
,,,,,,
,,,,,,
,,,,,,
,,,,,,
,,,,,,
,,,,,,
,,,,,,
,,,,,,
,,,,,,
,,,,,,
,,,,,,
,,,,,,
,,,,,,
,,,,,,
,,,,,,
,,,,,,
,,,,,,
,,,,,,
,,,,,,
,,,,,,
,,,,,,
,,,,,,
,,,,,,
,,,,,,
,,,,,,
,,,,,,
,,,,,,
,,,,,,
,,,,,,
,,,,,,
,,,,,,
,,,,,,
,,,,,,
,,,,,,
,,,,,,
,,,,,,
,,,,,,
,,,,,,
,,,,,,
,,,,,,
,,,,,,
,,,,,,
,,,,,,
,,,,,,
,,,,,,
,,,,,,
,,,,,,
,,,,,,
,,,,,,
,,,,,,
,,,,,,
,,,,,,
,,,,,,
,,,,,,
,,,,,,
,,,,,,
,,,,,,
,,,,,,
,,,,,,
,,,,,,
,,,,,,
,,,,,,
,,,,,,
,,,,,,
,,,,,,
,,,,,,
,,,,,,
,,,,,,
,,,,,,
,,,,,,
,,,,,,
,,,,,,
,,,,,,
,,,,,,
,,,,,,
,,,,,,
,,,,,,
,,,,,,
,,,,,,
,,,,,,
,,,,,,
,,,,,,
,,,,,,
,,,,,,
,,,,,,
,,,,,,
,,,,,,
,,,,,,
,,,,,,
,,,,,,
,,,,,,
,,,,,,
,,,,,,
,,,,,,
,,,,,,
,,,,,,
,,,,,,
,,,,,,
,,,,,,
,,,,,,
,,,,,,
,,,,,,
,,,,,,
,,,,,,
,,,,,,
,,,,,,
,,,,,,
,,,,,,
,,,,,,
,,,,,,
,,,,,,
,,,,,,
,,,,,,
,,,,,,
,,,,,,
,,,,,,
,,,,,,
,,,,,,
,,,,,,
,,,,,,
,,,,,,
,,,,,,
,,,,,,
,,,,,,
,,,,,,
,,,,,,
,,,,,,
,,,,,,
,,,,,,
,,,,,,
,,,,,,
,,,,,,
,,,,,,
,,,,,,
,,,,,,
,,,,,,
,,,,,,
,,,,,,
,,,,,,
,,,,,,
,,,,,,
,,,,,,
,,,,,,
,,,,,,
,,,,,,
,,,,,,
,,,,,,
,,,,,,
,,,,,,
,,,,,,
,,,,,,
,,,,,,
,,,,,,
,,,,,,
,,,,,,
,,,,,,
,,,,,,
,,,,,,
,,,,,,
,,,,,,
,,,,,,
,,,,,,
,,,,,,
,,,,,,
,,,,,,
,,,,,,
,,,,,,
,,,,,,
,,,,,,
,,,,,,
,,,,,,
,,,,,,
,,,,,,
,,,,,,
,,,,,,
,,,,,,
,,,,,,
,,,,,,
,,,,,,
,,,,,,
,,,,,,
,,,,,,
,,,,,,
,,,,,,
,,,,,,
,,,,,,
,,,,,,
,,,,,,
,,,,,,
,,,,,,
,,,,,,
,,,,,,
,,,,,,
,,,,,,
,,,,,,
,,,,,,
,,,,,,
,,,,,,
,,,,,,
,,,,,,
,,,,,,
,,,,,,
,,,,,,
,,,,,,
,,,,,,
,,,,,,
,,,,,,
,,,,,,
,,,,,,
,,,,,,
,,,,,,
,,,,,,
,,,,,,
,,,,,,
,,,,,,
,,,,,,
,,,,,,
,,,,,,
,,,,,,
,,,,,,
,,,,,,
,,,,,,
,,,,,,
,,,,,,
,,,,,,
,,,,,,
,,,,,,
,,,,,,
,,,,,,
,,,,,,
,,,,,,
,,,,,,
,,,,,,
,,,,,,
,,,,,,
,,,,,,
,,,,,,
,,,,,,
,,,,,,
,,,,,,
,,,,,,
,,,,,,
,,,,,,
,,,,,,
,,,,,,
,,,,,,
,,,,,,
,,,,,,
,,,,,,
,,,,,,
,,,,,,
,,,,,,
,,,,,,
,,,,,,
,,,,,,
,,,,,,
,,,,,,
,,,,,,
,,,,,,
,,,,,,
,,,,,,
,,,,,,
,,,,,,
,,,,,,
,,,,,,
,,,,,,
,,,,,,
,,,,,,
,,,,,,
,,,,,,
,,,,,,
,,,,,,
,,,,,,
,,,,,,
,,,,,,
,,,,,,
,,,,,,
,,,,,,
,,,,,,
,,,,,,
,,,,,,
,,,,,,
,,,,,,
,,,,,,
,,,,,,
,,,,,,
,,,,,,
,,,,,,
,,,,,,
,,,,,,
,,,,,,
,,,,,,
