Package,New Name of Package,Package Priority,Developer in Master List,PR Number,Link of PR Raised,PR Status,PR Creation Date,Upgrade Required,Final Upgrade Decision (Y/N),Build Status,Version in Build Status,Release in Build Status,Download Success,Number SRPMs downloaded,Dowloaded SRPM 1,Dowloaded SRPM 2,Dowloaded SRPM 3,Version Downloaded SRPM,Release Downloaded SRPM,Package location info,Package Version in 3.0-dev,Bulk Build Success,Bulk Build Number of SRPMs,Developer from under review sheet,Under Review PR Link,Reviewer,Review Status,PR Origin,TopicBranch
CharLS,NA,P1,Jyoti,10532,https://github.com/microsoft/azurelinux/pull/10532,MERGED,2024-09-24T13:58:56Z,N,Y,Built,2.4.2,1.azl3,1,1,CharLS-2.4.2-6.fc41.src.rpm,Default Initialized,Default Initialized,2.4.2,6.fc41,EXISTS_IN_EXT,2.4.2,Y,1,Jyoti,NA,Falak,NA,https://github.com/jykanase/azurelinux.git,topic_CharLS
GConf2,NA,P1,Jyoti,NA,NA,NA,NA,N,N,Built,3.2.6,31.azl3,1,1,GConf2-3.2.6-42.fc41.src.rpm,Default Initialized,Default Initialized,3.2.6,42.fc41,EXISTS_IN_EXT,3.2.6,Y,1,Jyoti,NA,NA,NA,NA,NA
GeoIP,NA,P1,Jyoti,NA,NA,NA,NA,N,N,Built,1.6.12,8.azl3,1,1,GeoIP-1.6.12-19.fc41.src.rpm,Default Initialized,Default Initialized,1.6.12,19.fc41,EXISTS_IN_EXT,1.6.12,Y,1,Jyoti,NA,NA,NA,NA,NA
GeoIP-GeoLite-data,NA,P1,Jyoti,NA,NA,NA,NA,N,N,Built,2018.06,12.azl3,1,1,GeoIP-GeoLite-data-2018.06-17.fc41.src.rpm,Default Initialized,Default Initialized,2018.06,17.fc41,EXISTS_IN_EXT,2018.06,Y,1,Jyoti,NA,NA,NA,NA,NA
Judy,NA,P1,Jyoti,NA,NA,NA,NA,N,N,Built,1.0.5,23.azl3,1,1,Judy-1.0.5-37.fc41.src.rpm,Default Initialized,Default Initialized,1.0.5,37.fc41,EXISTS_IN_EXT,1.0.5,Y,1,Jyoti,NA,NA,NA,NA,NA
LibRaw,NA,P1,Jyoti,10618,https://github.com/microsoft/azurelinux/pull/10618,MERGED,2024-10-03T15:18:51Z,Y,Y,Built,0.19.5,5.azl3,1,1,LibRaw-0.21.3-1.fc41.src.rpm,Default Initialized,Default Initialized,0.21.3,1.fc41,EXISTS_IN_EXT,0.19.5,Y,1,Jyoti,https://github.com/microsoft/azurelinux/pull/10618,Falak,NA,https://github.com/jykanase/azurelinux.git,topic_LibRaw
ORBit2,NA,P1,Jyoti,NA,NA,NA,NA,N,N,Built,2.14.19,30.azl3,1,1,ORBit2-2.14.19-37.fc41.src.rpm,Default Initialized,Default Initialized,2.14.19,37.fc41,EXISTS_IN_EXT,2.14.19,N,0,Jyoti,NA,NA,NA,NA,NA
OpenEXR,openexr,P1,Jyoti,NA,NA,NA,NA,Y,Y,Built,2.3.0,6.azl3,1,1,openexr-3.2.4-3.fc41.src.rpm,Default Initialized,Default Initialized,3.2.4,3.fc41,EXISTS_IN_EXT,2.3.0,N,0,Jyoti,NA,NA,NA,NA,NA
PEGTL,NA,P1,Jyoti,10695,https://github.com/microsoft/azurelinux/pull/10695,MERGED,2024-10-11T07:28:26Z,N,Y,Built,2.8.3,2.azl3,1,1,PEGTL-2.8.3-11.fc41.src.rpm,Default Initialized,Default Initialized,2.8.3,11.fc41,EXISTS_IN_EXT,2.8.3,Y,1,Jyoti,https://github.com/microsoft/azurelinux/pull/10695,Falak,NA,https://github.com/jykanase/azurelinux.git,topic_PEGTL
PyGreSQL,NA,P1,Jyoti,10544,https://github.com/microsoft/azurelinux/pull/10544,DRAFT,2024-09-25T08:34:42Z,Y,Y,Built,5.2.2,3.azl3,1,1,PyGreSQL-6.0.1-3.fc41.src.rpm,Default Initialized,Default Initialized,6.0.1,3.fc41,EXISTS_IN_EXT,5.2.2,N,0,Jyoti,NA,Falak,NA,https://github.com/jykanase/azurelinux.git,topic_PyGreSQL
SDL,sdl12-compat,P1,Jyoti,NA,NA,NA,NA,Y,Y,Built,1.2.15,45.azl3,1,1,sdl12-compat-1.2.68-3.fc41.src.rpm,Default Initialized,Default Initialized,1.2.68,3.fc41,EXISTS_IN_EXT,1.2.15,N,0,Jyoti,NA,NA,NA,NA,NA
SDL2,NA,P1,Jyoti,NA,NA,NA,NA,Y,Y,Failed,2.24.0,2.azl3,1,1,SDL2-2.30.9-1.fc41.src.rpm,Default Initialized,Default Initialized,2.30.9,1.fc41,EXISTS_IN_EXT,2.24.0,N,0,Jyoti,NA,NA,NA,NA,NA
SDL_sound,NA,P1,Jyoti,NA,NA,NA,NA,N,N,Built,1.0.3,32.azl3,1,1,SDL_sound-1.0.3-37.fc41.src.rpm,Default Initialized,Default Initialized,1.0.3,37.fc41,EXISTS_IN_EXT,1.0.3,N,0,Jyoti,NA,NA,NA,NA,NA
SuperLU,NA,P1,Jyoti,10744,https://github.com/microsoft/azurelinux/pull/10744,MERGED,2024-10-16T07:01:47Z,Y,Y,Built,5.2.1,10.azl3,1,1,SuperLU-6.0.1-6.fc41.src.rpm,Default Initialized,Default Initialized,6.0.1,6.fc41,EXISTS_IN_EXT,5.2.1,N,0,Jyoti,NA,Suresh,Dev Approved,https://github.com/jykanase/azurelinux.git,topic_SuperLU
Xaw3d,NA,P1,Jyoti,10762,https://github.com/microsoft/azurelinux/pull/10762,MERGED,2024-10-17T06:48:47Z,Y,Y,Built,1.6.3,3.azl3,1,1,Xaw3d-1.6.6-2.fc41.src.rpm,Default Initialized,Default Initialized,1.6.6,2.fc41,EXISTS_IN_EXT,1.6.3,Y,1,Jyoti,https://github.com/microsoft/azurelinux/pull/10762,Bala,Dev Approved,https://github.com/jykanase/azurelinux.git,topic_Xaw3d
a52dec,NA,P1,Jyoti,NA,NA,NA,NA,N,N,Built,0.7.4,38.azl3,1,1,a52dec-0.7.4-49.fc41.src.rpm,Default Initialized,Default Initialized,0.7.4,49.fc41,EXISTS_IN_EXT,0.7.4,Y,1,Jyoti,NA,NA,NA,NA,NA
accountsservice,NA,P1,Jyoti,10766,https://github.com/microsoft/azurelinux/pull/10766,MERGED,2024-10-17T13:07:05Z,Y,Y,Failed,0.6.55,4.azl3,1,1,accountsservice-23.13.9-5.fc41.src.rpm,Default Initialized,Default Initialized,23.13.9,5.fc41,EXISTS_IN_EXT,0.6.55,N,0,Jyoti,https://github.com/microsoft/azurelinux/pull/10766,Bala,Dev Approved,https://github.com/jykanase/azurelinux.git,topic_accountsservice
acpid,NA,P1,Jyoti,10696,https://github.com/microsoft/azurelinux/pull/10696,MERGED,2024-10-11T08:08:30Z,Y,Y,Built,2.0.32,3.azl3,1,1,acpid-2.0.34-10.fc41.src.rpm,Default Initialized,Default Initialized,2.0.34,10.fc41,EXISTS_IN_EXT,2.0.32,Y,1,Jyoti,https://github.com/microsoft/azurelinux/pull/10696,Suresh,Dev Approved,https://github.com/jykanase/azurelinux.git,topic_acpid
adcli,NA,CP_batch1,Jyoti,NA,NA,NA,NA,N,N,Built,0.9.2,2.azl3,1,1,adcli-0.9.2-7.fc41.src.rpm,Default Initialized,Default Initialized,0.9.2,7.fc41,EXISTS_IN_EXT,0.9.2,N,0,Jyoti,NA,NA,NA,NA,NA
adobe-mappings-cmap,NA,P1,Jyoti,10765,https://github.com/microsoft/azurelinux/pull/10765,MERGED,2024-10-17T12:11:54Z,Y,Y,Built,20171205,8.azl3,1,1,adobe-mappings-cmap-20231115-1.fc41.src.rpm,Default Initialized,Default Initialized,20231115,1.fc41,EXISTS_IN_EXT,20171205,Y,1,Jyoti,https://github.com/microsoft/azurelinux/pull/10765,Bala,Dev Approved,https://github.com/jykanase/azurelinux.git,topic_adobe-mappings-cmap
adobe-mappings-pdf,NA,P1,Jyoti,10792,https://github.com/microsoft/azurelinux/pull/10792,MERGED,2024-10-21T07:52:08Z,Y,Y,Built,20180407,6.azl3,1,1,adobe-mappings-pdf-20190401-8.fc41.src.rpm,Default Initialized,Default Initialized,20190401,8.fc41,EXISTS_IN_EXT,20180407,Y,1,Jyoti,https://github.com/microsoft/azurelinux/pull/10792,Bala,Dev Approved,https://github.com/jykanase/azurelinux.git,topic_adobe-mappings-pdf
advancecomp,NA,P1,Jagadeesh,10697,https://github.com/microsoft/azurelinux/pull/10697,MERGED,2024-10-11T10:07:18Z,Y,Y,Built,2.5,1.azl3,1,1,advancecomp-2.6-8.fc41.src.rpm,Default Initialized,Default Initialized,2.6,8.fc41,EXISTS_IN_EXT,2.5,N,0,Jagadeesh,NA,Falak,NA,https://github.com/durgajagadeesh/azurelinux_djpalli.git,Topic_advancecomp
alsa-firmware,NA,CP_batch1,Jagadeesh,NA,NA,NA,NA,N,N,Built,1.2.4,8.azl3,1,1,alsa-firmware-1.2.4-13.fc41.src.rpm,Default Initialized,Default Initialized,1.2.4,13.fc41,EXISTS_IN_EXT,1.2.4,N,0,Jagadeesh,NA,NA,NA,NA,NA
alsa-plugins,NA,P1,Jagadeesh,NA,NA,NA,NA,Y,Y,Built,1.2.7.1,3.azl3,1,1,alsa-plugins-1.2.12-3.fc41.src.rpm,Default Initialized,Default Initialized,1.2.12,3.fc41,EXISTS_IN_EXT,1.2.7.1,N,0,Jagadeesh,NA,NA,NA,NA,NA
amtk,NA,P1,Jagadeesh,NA,NA,NA,NA,Y,Y,Built,5.0.2,3.azl3,1,1,amtk-5.6.1-7.fc41.src.rpm,Default Initialized,Default Initialized,5.6.1,7.fc41,EXISTS_IN_EXT,5.0.2,Y,1,Jagadeesh,NA,NA,NA,NA,NA
amtterm,NA,P1,Jagadeesh,NA,NA,NA,NA,N,N,Built,1.6,10.azl3,1,1,amtterm-1.6-21.fc41.src.rpm,Default Initialized,Default Initialized,1.6,21.fc41,EXISTS_IN_EXT,1.6,Y,1,Jagadeesh,NA,NA,NA,NA,NA
annobin,NA,P1,Jagadeesh,NA,NA,NA,NA,Revisit No Bld Ver,Revisit No Bld Ver,Not Found,Not Found,Not Found,1,1,annobin-12.69-1.fc41.src.rpm,Default Initialized,Default Initialized,12.69,1.fc41,MOVED_TO_CORE,Not Found,N,0,Jagadeesh,NA,NA,NA,NA,NA
ansible-freeipa,NA,P1,Jagadeesh,11028,https://github.com/microsoft/azurelinux/pull/11028,OPEN,2024-11-12T14:53:43Z,Y,Y,Built,0.3.4,2.azl3,1,1,ansible-freeipa-1.14.2-1.fc41.src.rpm,Default Initialized,Default Initialized,1.14.2,1.fc41,EXISTS_IN_EXT,0.3.4,N,0,Jagadeesh,NA,NA,NA,https://github.com/durgajagadeesh/azurelinux_djpalli.git,Topic_ansible-freeipa
aopalliance,NA,P1,Jagadeesh,10671,https://github.com/microsoft/azurelinux/pull/10671,MERGED,2024-10-09T08:04:51Z,N,Y,Failed,1.0,4.azl3,1,1,aopalliance-1.0-40.fc41.src.rpm,Default Initialized,Default Initialized,1.0,40.fc41,EXISTS_IN_EXT,1.0,N,0,Jagadeesh,https://github.com/microsoft/azurelinux/pull/10671,Falak,NA,https://github.com/durgajagadeesh/azurelinux_djpalli.git,Topic_aopalliance
apache-commons-beanutils,NA,P1,Jagadeesh,NA,NA,NA,NA,N,N,Built,1.9.4,5.azl3,1,1,apache-commons-beanutils-1.9.4-21.fc41.src.rpm,Default Initialized,Default Initialized,1.9.4,21.fc41,EXISTS_IN_EXT,1.9.4,N,0,Jagadeesh,NA,NA,NA,NA,NA
apache-commons-codec,NA,P1,Jagadeesh,NA,NA,NA,NA,Y,Y,Built,1.15,2.azl3,1,1,apache-commons-codec-1.17.1-2.fc41.src.rpm,Default Initialized,Default Initialized,1.17.1,2.fc41,EXISTS_IN_EXT,1.15,N,0,Jagadeesh,NA,NA,NA,NA,NA
apache-commons-collections,NA,P1,Jagadeesh,NA,NA,NA,NA,N,N,Built,3.2.2,7.azl3,1,1,apache-commons-collections-3.2.2-37.fc41.src.rp,Default Initialized,Default Initialized,3.2.2,37.fc41.src.rp,EXISTS_IN_EXT,3.2.2,N,0,Jagadeesh,NA,NA,NA,NA,NA
apache-commons-collections4,NA,P1,Jagadeesh,NA,NA,NA,NA,Y,Y,Failed,4.1,2.azl3,1,1,apache-commons-collections4-4.4-16.fc41.src.rpm,Default Initialized,Default Initialized,4.4,16.fc41,EXISTS_IN_EXT,4.1,N,0,Jagadeesh,NA,NA,NA,NA,NA
apache-commons-compress,NA,P1,Jagadeesh,NA,NA,NA,NA,Y,Y,Failed,1.19,3.azl3,1,1,apache-commons-compress-1.25.0-7.fc41.src.rpm,Default Initialized,Default Initialized,1.25.0,7.fc41,EXISTS_IN_EXT,1.19,N,0,Jagadeesh,NA,NA,NA,NA,NA
apache-commons-daemon,NA,CP_batch1,Jagadeesh,12654,https://github.com/microsoft/azurelinux/pull/12654,OPEN,2025-02-27T11:28:05Z,Revisit No Dnld Ver,Revisit No Dnld Ver,Failed,1.2.3,2.azl3,0,0,Default Initialized,Default Initialized,Default Initialized,Not Found,Not Found,EXISTS_IN_EXT,1.2.3,N,0,Jagadeesh,NA,NA,NA,https://github.com/durgajagadeesh/azurelinux_djpalli.git,Topic_apache-commons-daemon
apache-commons-dbcp,NA,P1,Jagadeesh,NA,NA,NA,NA,Revisit No Dnld Ver,Revisit No Dnld Ver,Failed,2.1.1,8.azl3,0,0,Default Initialized,Default Initialized,Default Initialized,Not Found,Not Found,EXISTS_IN_EXT,2.1.1,N,0,Jagadeesh,NA,NA,NA,NA,NA
apache-commons-digester,NA,P1,Jagadeesh,NA,NA,NA,NA,N,N,Failed,2.1,4.azl3,1,1,apache-commons-digester-2.1-31.fc41.src.rpm,Default Initialized,Default Initialized,2.1,31.fc41,EXISTS_IN_EXT,2.1,N,0,Jagadeesh,NA,NA,NA,NA,NA
apache-commons-httpclient,NA,P1,Jagadeesh,NA,NA,NA,NA,Revisit No Dnld Ver,Revisit No Dnld Ver,Built,3.1,14.azl3,0,0,Default Initialized,Default Initialized,Default Initialized,Not Found,Not Found,EXISTS_IN_EXT,3.1,N,0,Jagadeesh,NA,NA,NA,NA,NA
apache-commons-io,NA,P1,Jagadeesh,NA,NA,NA,NA,Y,Y,Built,2.14.0,1.azl3,1,1,apache-commons-io-2.16.1-2.fc41.src.rpm,Default Initialized,Default Initialized,2.16.1,2.fc41,EXISTS_IN_EXT,2.14.0,N,0,Jagadeesh,NA,NA,NA,NA,NA
apache-commons-jexl,NA,P1,Jagadeesh,NA,NA,NA,NA,Y,Y,Failed,2.1.1,3.azl3,1,1,apache-commons-jexl-3.4.0-3.fc41.src.rpm,Default Initialized,Default Initialized,3.4.0,3.fc41,EXISTS_IN_EXT,2.1.1,N,0,Jagadeesh,NA,NA,NA,NA,NA
apache-commons-lang,NA,CP_batch1,Jagadeesh,NA,NA,NA,NA,Revisit No Dnld Ver,Revisit No Dnld Ver,Failed,2.6,17.azl3,0,0,Default Initialized,Default Initialized,Default Initialized,Not Found,Not Found,EXISTS_IN_EXT,2.6,N,0,Jagadeesh,NA,NA,NA,NA,NA
apache-commons-net,NA,P1,Jagadeesh,NA,NA,NA,NA,Y,Y,Failed,3.6,3.azl3,1,1,apache-commons-net-3.11.0-4.fc41.src.rpm,Default Initialized,Default Initialized,3.11.0,4.fc41,EXISTS_IN_EXT,3.6,N,0,Jagadeesh,NA,NA,NA,NA,NA
apache-commons-pool,NA,P1,Jagadeesh,NA,NA,NA,NA,N,N,Built,1.6,1.azl3,1,1,apache-commons-pool-1.6-38.fc41.src.rpm,Default Initialized,Default Initialized,1.6,38.fc41,EXISTS_IN_EXT,1.6,N,0,Jagadeesh,NA,NA,NA,NA,NA
apache-commons-pool2,NA,P1,Jagadeesh,NA,NA,NA,NA,Revisit No Dnld Ver,Revisit No Dnld Ver,Failed,2.4.2,7.azl3,0,0,Default Initialized,Default Initialized,Default Initialized,Not Found,Not Found,EXISTS_IN_EXT,2.4.2,N,0,Jagadeesh,NA,NA,NA,NA,NA
apache-commons-validator,NA,P1,Jagadeesh,NA,NA,NA,NA,Revisit No Dnld Ver,Revisit No Dnld Ver,Failed,1.5.0,1.azl3,0,0,Default Initialized,Default Initialized,Default Initialized,Not Found,Not Found,EXISTS_IN_EXT,1.5.0,N,0,Jagadeesh,NA,NA,NA,NA,NA
apache-commons-vfs2,apache-commons-vfs,P1,Jagadeesh,NA,NA,NA,NA,Y,Y,Failed,2.2,3.azl3,1,1,apache-commons-vfs-2.9.0-7.fc41.src.rpm,Default Initialized,Default Initialized,2.9.0,7.fc41,EXISTS_IN_EXT,2.2,N,0,Jagadeesh,NA,NA,NA,NA,NA
apache-parent,NA,P1,Jagadeesh,11281,https://github.com/microsoft/azurelinux/pull/11281,MERGED,2024-12-02T18:45:16Z,Y,Y,Built,21,2.azl3,1,1,apache-parent-31-6.fc41.src.rpm,Default Initialized,Default Initialized,31,6.fc41,EXISTS_IN_EXT,21,N,0,Jagadeesh,https://github.com/microsoft/azurelinux/pull/11281,NA,NA,https://github.com/durgajagadeesh/azurelinux_djpalli.git,Topic_apache-parent
argparse-manpage,NA,P1,Kevin,NA,NA,NA,NA,Revisit No Bld Ver,Revisit No Bld Ver,Not Found,Not Found,Not Found,1,1,argparse-manpage-4.6-3.fc41.src.rpm,Default Initialized,Default Initialized,4.6,3.fc41,REMOVED_FROM_BOTH,Not Found,N,0,Kevin,NA,NA,NA,NA,NA
args4j,NA,P1,Kevin,NA,NA,NA,NA,N,N,Failed,2.33,2.azl3,1,1,args4j-2.33-27.fc41.src.rpm,Default Initialized,Default Initialized,2.33,27.fc41,EXISTS_IN_EXT,2.33,N,0,Kevin,NA,NA,NA,NA,NA
arptables,NA,P1,Kevin,NA,NA,NA,NA,N,N,Built,0.0.5,3.azl3,1,1,arptables-0.0.5-13.fc41.src.rpm,Default Initialized,Default Initialized,0.0.5,13.fc41,EXISTS_IN_EXT,0.0.5,Y,1,Kevin,NA,NA,NA,NA,NA
arpwatch,NA,P1,Kevin,NA,NA,NA,NA,Y,Y,Built,2.1a15,51.azl3,1,1,arpwatch-3.7-9.fc41.src.rpm,Default Initialized,Default Initialized,3.7,9.fc41,EXISTS_IN_EXT,2.1a15,Y,1,Kevin,NA,NA,NA,NA,NA
asio,NA,P1,Kevin,10678,https://github.com/microsoft/azurelinux/pull/10678,MERGED,2024-10-09T22:15:12Z,Y,Y,Built,1.10.8,12.azl3,1,1,asio-1.30.2-4.fc41.src.rpm,Default Initialized,Default Initialized,1.30.2,4.fc41,EXISTS_IN_EXT,1.10.8,Y,1,Kevin,https://github.com/microsoft/azurelinux/pull/10678,Bala,Dev Approved,https://github.com/kevin-b-lockwood/azurelinux.git,kevin-b-lockwood/asio-1.31.0-1
aspell-en,NA,P0,Kevin,NA,NA,NA,NA,Y,Y,Built,2019.10.06,4.azl3,1,1,aspell-en-2020.12.07-11.fc41.src.rpm,Default Initialized,Default Initialized,2020.12.07,11.fc41,EXISTS_IN_EXT,2019.10.06,Y,1,Kevin,NA,NA,NA,NA,NA
audiofile,NA,P1,Kevin,NA,NA,NA,NA,N,N,Built,0.3.6,27.azl3,1,1,audiofile-0.3.6-39.fc41.src.rpm,Default Initialized,Default Initialized,0.3.6,39.fc41,EXISTS_IN_EXT,0.3.6,Y,1,Kevin,NA,NA,NA,NA,NA
authselect,NA,P1,Kevin,11575,https://github.com/microsoft/azurelinux/pull/11575,MERGED,2024-12-19T23:10:40Z,Revisit No Dnld Ver,Revisit No Dnld Ver,Built,1.2.1,2.azl3,0,0,Default Initialized,Default Initialized,Default Initialized,Not Found,Not Found,EXISTS_IN_BOTH,Not Found,N,0,Kevin,https://github.com/microsoft/azurelinux/pull/11575,NA,NA,https://github.com/kevin-b-lockwood/azurelinux.git,kevin-b-lockwood/authselect-remove
babeltrace,NA,P1,Kevin,10590,https://github.com/microsoft/azurelinux/pull/10590,MERGED,2024-10-01T15:48:39Z,Y,Y,Built,1.5.7,7.azl3,1,1,babeltrace-1.5.11-9.fc41.src.rpm,Default Initialized,Default Initialized,1.5.11,9.fc41,EXISTS_IN_EXT,1.5.7,Y,1,Kevin,https://github.com/microsoft/azurelinux/pull/10590,Falak,In Review,https://github.com/kevin-b-lockwood/azurelinux.git,kevin-b-lockwood/babeltrace-1.5.11-1
babl,NA,P1,Kevin,11132,https://github.com/microsoft/azurelinux/pull/11132,MERGED,2024-11-19T00:52:44Z,Y,Y,Failed,0.1.82,3.azl3,1,1,babl-0.1.110-1.fc41.src.rpm,Default Initialized,Default Initialized,0.1.110,1.fc41,EXISTS_IN_EXT,0.1.82,N,0,Kevin,https://github.com/microsoft/azurelinux/pull/11132,NA,NA,https://github.com/kevin-b-lockwood/azurelinux.git,kevin-b-lockwood/babl-0.1.108-1
baekmuk-ttf-fonts,NA,P1,Kevin,NA,NA,NA,NA,N,N,Failed,2.2,52.azl3,1,1,baekmuk-ttf-fonts-2.2-63.fc41.src.rpm,Default Initialized,Default Initialized,2.2,63.fc41,EXISTS_IN_EXT,2.2,N,0,Kevin,NA,NA,NA,NA,NA
base64coder,NA,P1,Kevin,NA,NA,NA,NA,Revisit No Dnld Ver,Revisit No Dnld Ver,Built,20101219,4.azl3,0,0,Default Initialized,Default Initialized,Default Initialized,Not Found,Not Found,EXISTS_IN_EXT,20101219,N,0,Kevin,NA,NA,NA,NA,NA
bats,NA,P1,Kevin,10692,https://github.com/microsoft/azurelinux/pull/10692,OPEN,2024-10-10T21:59:43Z,Y,Y,Built,1.2.1,2.azl3,1,1,bats-1.11.0-3.fc41.src.rpm,Default Initialized,Default Initialized,1.11.0,3.fc41,EXISTS_IN_EXT,1.2.1,Y,1,Kevin,https://github.com/microsoft/azurelinux/pull/10692,Bala,In Review,https://github.com/kevin-b-lockwood/azurelinux.git,kevin-b-lockwood/bats-1.11.0-1
bcache-tools,NA,P1,Kevin,NA,NA,NA,NA,N,N,Built,1.1,3.azl3,1,1,bcache-tools-1.1-8.fc41.src.rpm,Default Initialized,Default Initialized,1.1,8.fc41,EXISTS_IN_EXT,1.1,Y,1,Kevin,NA,NA,NA,NA,NA
bcel,NA,P1,Kevin,NA,NA,NA,NA,Y,Y,Failed,5.2,37.azl3,1,1,bcel-6.8.1-3.fc41.src.rpm,Default Initialized,Default Initialized,6.8.1,3.fc41,EXISTS_IN_EXT,5.2,N,0,Kevin,NA,NA,NA,NA,NA
bea-stax,NA,P1,Kevin,NA,NA,NA,NA,Revisit No Dnld Ver,Revisit No Dnld Ver,Built,1.2.0,40.azl3,0,0,Default Initialized,Default Initialized,Default Initialized,Not Found,Not Found,EXISTS_IN_EXT,1.2.0,N,0,Kevin,NA,NA,NA,NA,NA
beust-jcommander,NA,P1,Kevin,10630,https://github.com/microsoft/azurelinux/pull/10630,MERGED,2024-10-04T22:34:19Z,Y,Y,Built,1.78,1.azl3,1,1,beust-jcommander-1.82-11.fc41.src.rpm,Default Initialized,Default Initialized,1.82,11.fc41,EXISTS_IN_EXT,1.78,N,0,Kevin,https://github.com/microsoft/azurelinux/pull/10630,NA,NA,https://github.com/kevin-b-lockwood/azurelinux.git,kevin-b-lockwood/beust-jcommander-2.0-1
biosdevname,NA,P1,Kevin,NA,NA,NA,NA,N,N,Built,0.7.3,7.azl3,1,1,biosdevname-0.7.3-17.fc41.src.rpm,Default Initialized,Default Initialized,0.7.3,17.fc41,EXISTS_IN_EXT,0.7.3,Y,1,Kevin,NA,NA,NA,NA,NA
blosc,NA,CP_batch1,Kevin,11172,https://github.com/microsoft/azurelinux/pull/11172,MERGED,2024-11-21T00:53:45Z,Y,Y,Built,1.21.4,2.azl3,1,1,blosc-1.21.6-1.fc41.src.rpm,Default Initialized,Default Initialized,1.21.6,1.fc41,EXISTS_IN_EXT,1.21.4,N,0,Kevin,https://github.com/microsoft/azurelinux/pull/11172,NA,NA,https://github.com/kevin-b-lockwood/azurelinux.git,kevin-b-lockwood/blosc-1.21.6-1
bogofilter,NA,P1,Kevin,NA,NA,NA,NA,Revisit No Bld Ver,Revisit No Bld Ver,Not Found,Not Found,Not Found,1,1,bogofilter-1.2.5-16.fc41.src.rpm,Default Initialized,Default Initialized,1.2.5,16.fc41,REMOVED_FROM_BOTH,Not Found,N,0,Kevin,NA,NA,NA,NA,NA
bolt,NA,CP_batch1,Akarsh,11208,https://github.com/microsoft/azurelinux/pull/11208,MERGED,2024-11-25T18:07:30Z,Y,Y,Built,0.9.2,2.azl3,1,1,bolt-0.9.8-3.fc41.src.rpm,Default Initialized,Default Initialized,0.9.8,3.fc41,EXISTS_IN_EXT,0.9.2,N,0,Akarsh,https://github.com/microsoft/azurelinux/pull/11208,Suresh,Dev Approved,https://github.com/AkarshHCL/azurelinux.git,topic_bolt
boom-boot,NA,P1,Akarsh,10919,https://github.com/microsoft/azurelinux/pull/10919,DRAFT,2024-11-04T07:48:08Z,Y,Y,Built,1.2,2.azl3,1,1,boom-boot-1.6.5-1.fc41.src.rpm,Default Initialized,Default Initialized,1.6.5,1.fc41,EXISTS_IN_EXT,1.2,Y,1,Akarsh,https://github.com/microsoft/azurelinux/pull/10919,NA,NA,https://github.com/AkarshHCL/azurelinux.git,topic_boom-boot
booth,NA,P1,Akarsh,NA,NA,NA,NA,Y,Y,Failed,1.0,8.azl3,1,1,booth-1.2-2.fc41.src.rpm,Default Initialized,Default Initialized,1.2,2.fc41,EXISTS_IN_EXT,1.0,N,0,Akarsh,NA,NA,NA,NA,NA
botan2,NA,P1,Akarsh,11051,https://github.com/microsoft/azurelinux/pull/11051,OPEN,2024-11-13T10:51:44Z,Y,Y,Built,2.14.0,2.azl3,1,1,botan2-2.19.5-4.fc41.src.rpm,Default Initialized,Default Initialized,2.19.5,4.fc41,EXISTS_IN_EXT,2.14.0,Y,1,Akarsh,NA,NA,NA,https://github.com/AkarshHCL/azurelinux.git,topic2_botan2
breezy,NA,P1,Akarsh,NA,NA,NA,NA,Y,Y,Failed,3.0.2,3.azl3,1,1,breezy-3.3.8-1.fc41.src.rpm,Default Initialized,Default Initialized,3.3.8,1.fc41,EXISTS_IN_EXT,3.0.2,N,0,Akarsh,NA,NA,NA,NA,NA
bsf,NA,P1,Akarsh,NA,NA,NA,NA,N,N,Failed,2.4.0,19.azl3,1,1,bsf-2.4.0-56.fc41.src.rpm,Default Initialized,Default Initialized,2.4.0,56.fc41,EXISTS_IN_EXT,2.4.0,N,0,Akarsh,NA,NA,NA,NA,NA
buildah,NA,P1,Akarsh,NA,NA,NA,NA,Y,Y,Built,1.18.0,28.azl3,1,1,buildah-1.38.0-2.fc41.src.rpm,Default Initialized,Default Initialized,1.38.0,2.fc41,EXISTS_IN_EXT,1.18.0,N,0,Akarsh,NA,NA,NA,NA,NA
bwidget,NA,P1,Akarsh,11050,https://github.com/microsoft/azurelinux/pull/11050,OPEN,2024-11-13T10:27:37Z,N,Y,Built,1.9.7,15.azl3,1,1,bwidget-1.9.7-23.fc41.src.rpm,Default Initialized,Default Initialized,1.9.7,23.fc41,EXISTS_IN_EXT,1.9.7,N,0,Akarsh,https://github.com/microsoft/azurelinux/pull/11050,NA,NA,https://github.com/AkarshHCL/azurelinux.git,topic_bwidget
cachefilesd,NA,P1,Akarsh,NA,NA,NA,NA,N,N,Built,0.10.10,9.azl3,1,1,cachefilesd-0.10.10-19.fc41.src.rpm,Default Initialized,Default Initialized,0.10.10,19.fc41,EXISTS_IN_EXT,0.10.10,Y,1,Akarsh,NA,NA,NA,NA,NA
cairomm,NA,P1,Akarsh,11256,https://github.com/microsoft/azurelinux/pull/11256,OPEN,2024-11-28T07:28:11Z,Y,Y,Built,1.12.0,15.azl3,1,1,cairomm-1.14.5-7.fc41.src.rpm,Default Initialized,Default Initialized,1.14.5,7.fc41,EXISTS_IN_EXT,1.12.0,N,0,Akarsh,NA,NA,NA,https://github.com/AkarshHCL/azurelinux.git,topic_cairomm
capstone,NA,P1,Akarsh,11254,https://github.com/microsoft/azurelinux/pull/11254,OPEN,2024-11-28T07:12:46Z,Y,Y,Built,4.0.2,4.azl3,1,1,capstone-5.0.1-6.fc41.src.rpm,Default Initialized,Default Initialized,5.0.1,6.fc41,EXISTS_IN_EXT,4.0.2,N,0,Akarsh,NA,NA,NA,https://github.com/AkarshHCL/azurelinux.git,topic_capstone
cassandra,NA,P1,Akarsh,NA,NA,NA,NA,Revisit No Dnld Ver,Revisit No Dnld Ver,Failed,4.0.10,1.azl3,0,0,Default Initialized,Default Initialized,Default Initialized,Not Found,Not Found,EXISTS_IN_EXT,4.0.10,N,0,Akarsh,NA,NA,NA,NA,NA
catatonit,NA,P1,Akarsh,NA,NA,NA,NA,N,N,Built,0.1.7,16.azl3,1,1,catatonit-0.1.7-23.fc41.src.rpm,Default Initialized,Default Initialized,0.1.7,23.fc41,EXISTS_IN_EXT,0.1.7,Y,1,Akarsh,NA,NA,NA,NA,NA
cdparanoia,NA,CP_batch1,Sumit,NA,NA,NA,NA,N,N,Built,10.2,1.azl3,1,1,cdparanoia-10.2-45.fc41.src.rpm,Default Initialized,Default Initialized,10.2,45.fc41,EXISTS_IN_EXT,10.2,N,0,Akarsh,NA,NA,NA,NA,NA
cdrdao,NA,P1,Akarsh,NA,NA,NA,NA,Y,Y,Built,1.2.4,11.azl3,1,1,cdrdao-1.2.5-12.fc41.src.rpm,Default Initialized,Default Initialized,1.2.5,12.fc41,EXISTS_IN_EXT,1.2.4,N,0,Akarsh,NA,NA,NA,NA,NA
celt051,NA,P1,Akarsh,NA,NA,NA,NA,N,N,Built,0.5.1.3,20.azl3,1,1,celt051-0.5.1.3-29.fc41.src.rpm,Default Initialized,Default Initialized,0.5.1.3,29.fc41,EXISTS_IN_EXT,0.5.1.3,Y,1,Akarsh,NA,NA,NA,NA,NA
certmonger,NA,P1,Akarsh,11371,https://github.com/microsoft/azurelinux/pull/11371,DRAFT,2024-12-09T16:47:17Z,Y,Y,Failed,0.79.13,2.azl3,1,1,certmonger-0.79.20-2.fc41.src.rpm,Default Initialized,Default Initialized,0.79.20,2.fc41,EXISTS_IN_EXT,0.79.13,N,0,Akarsh,NA,NA,NA,https://github.com/AkarshHCL/azurelinux.git,topic_certmonger
cfitsio,NA,CP_batch1,Akarsh,11252,https://github.com/microsoft/azurelinux/pull/11252,OPEN,2024-11-28T06:25:07Z,Y,Y,Built,4.0.0,5.azl3,1,1,cfitsio-4.5.0-4.fc41.src.rpm,Default Initialized,Default Initialized,4.5.0,4.fc41,EXISTS_IN_EXT,4.0.0,N,0,Akarsh,https://github.com/microsoft/azurelinux/pull/11252,NA,NA,https://github.com/AkarshHCL/azurelinux.git,topic_cfitsio
cgdcbxd,NA,P1,Akarsh,NA,NA,NA,NA,Revisit No Dnld Ver,Revisit No Dnld Ver,Built,1.0.2,12.azl3,0,0,Default Initialized,Default Initialized,Default Initialized,Not Found,Not Found,EXISTS_IN_EXT,1.0.2,N,0,Akarsh,NA,NA,NA,NA,NA
cglib,NA,P1,Akarsh,NA,NA,NA,NA,Y,Y,Built,3.2.4,3.azl3,1,1,cglib-3.3.0-16.fc41.src.rpm,Default Initialized,Default Initialized,3.3.0,16.fc41,EXISTS_IN_EXT,3.2.4,N,0,Akarsh,NA,NA,NA,NA,NA
chan,NA,P1,Neeraj,NA,NA,NA,NA,N,N,Built,0.0.4,3.azl3,1,1,chan-0.0.4-13.fc41.src.rpm,Default Initialized,Default Initialized,0.0.4,13.fc41,EXISTS_IN_EXT,0.0.4,Y,1,Neeraj,NA,NA,NA,NA,NA
cim-schema,NA,P0,Akarsh,11486,https://github.com/microsoft/azurelinux/pull/11486,OPEN,2024-12-17T05:41:59Z,Y,Y,Built,2.43.0,11.azl3,1,1,cim-schema-2.54.1-5.fc41.src.rpm,Default Initialized,Default Initialized,2.54.1,5.fc41,EXISTS_IN_EXT,2.43.0,Y,1,Akarsh,https://github.com/microsoft/azurelinux/pull/11486,NA,NA,https://github.com/AkarshHCL/azurelinux.git,topic_cim-schema
cjkuni-uming-fonts,NA,P1,Neeraj,NA,NA,NA,NA,Y,Y,Failed,0.2.20080216.1,65.azl3,1,1,cjkuni-uming-fonts-0.2.20080216.2-6.fc41.src.rp,Default Initialized,Default Initialized,0.2.20080216.2,6.fc41.src.rp,EXISTS_IN_EXT,0.2.20080216.1,N,0,Neeraj,NA,NA,NA,NA,NA
cjose,NA,P0,Akarsh,11488,https://github.com/microsoft/azurelinux/pull/11488,OPEN,2024-12-17T07:54:28Z,Y,Y,Failed,0.6.1,6.azl3,1,1,cjose-0.6.2.2-5.fc41.src.rpm,Default Initialized,Default Initialized,0.6.2.2,5.fc41,EXISTS_IN_EXT,0.6.1,Y,1,Akarsh,https://github.com/microsoft/azurelinux/pull/11488,NA,NA,https://github.com/AkarshHCL/azurelinux.git,topic_cjose
cldr-emoji-annotation,NA,P0,Akarsh,11587,https://github.com/microsoft/azurelinux/pull/11587,OPEN,2024-12-20T08:54:54Z,Y,Y,Built,37.0_13.0_0_1,2.azl3,1,1,cldr-emoji-annotation-46.1~beta2-1.fc41.src.rpm,Default Initialized,Default Initialized,46.1~beta2,1.fc41,EXISTS_IN_EXT,37.0_13.0_0_1,Y,1,Akarsh,https://github.com/microsoft/azurelinux/pull/11587,NA,NA,https://github.com/AkarshHCL/azurelinux.git,topic_cldr-emoji-annotation
clucene,NA,P1,Sumit,10858,https://github.com/microsoft/azurelinux/pull/10858,MERGED,2024-10-28T20:21:41Z,N,Y,Failed,2.3.3.4,39.azl3,1,1,clucene-2.3.3.4-49.20130812.e8e3d20git.fc41.src,Default Initialized,Default Initialized,2.3.3.4,49.20130812.e8e3d20git.fc41.src,EXISTS_IN_EXT,2.3.3.4,Y,1,Sumit,https://github.com/microsoft/azurelinux/pull/10858,NA,NA,https://github.com/SumitJenaHCL/azurelinux.git,topic_clucene
clutter,NA,P1,Archana,NA,NA,NA,NA,N,N,Built,1.26.4,10.azl3,1,1,clutter-1.26.4-14.fc41.src.rpm,Default Initialized,Default Initialized,1.26.4,14.fc41,EXISTS_IN_EXT,1.26.4,Y,1,Neeraj,NA,NA,NA,NA,NA
clutter-gst3,NA,P1,Archana,NA,NA,NA,NA,N,N,Built,3.0.27,15.azl3,1,1,clutter-gst3-3.0.27-19.fc41.src.rpm,Default Initialized,Default Initialized,3.0.27,19.fc41,EXISTS_IN_EXT,3.0.27,N,0,Neeraj,NA,NA,NA,NA,NA
clutter-gtk,NA,P1,Archana,NA,NA,NA,NA,N,N,Built,1.8.4,15.azl3,1,1,clutter-gtk-1.8.4-19.fc41.src.rpm,Default Initialized,Default Initialized,1.8.4,19.fc41,EXISTS_IN_EXT,1.8.4,Y,1,Neeraj,NA,NA,NA,NA,NA
cmake-fedora,NA,P1,Jyoti,NA,NA,NA,NA,N,N,Built,2.9.3,1.azl3,1,1,cmake-fedora-2.9.3-21.fc41.src.rpm,Default Initialized,Default Initialized,2.9.3,21.fc41,EXISTS_IN_EXT,2.9.3,N,0,Jyoti,NA,NA,NA,NA,NA
cogl,NA,P1,Archana,NA,NA,NA,NA,N,N,Built,1.22.8,7.azl3,1,1,cogl-1.22.8-11.fc41.src.rpm,Default Initialized,Default Initialized,1.22.8,11.fc41,EXISTS_IN_EXT,1.22.8,Y,1,Neeraj,NA,NA,NA,NA,NA
colorize,NA,P1,Archana,NA,NA,NA,NA,Revisit No Dnld Ver,Revisit No Dnld Ver,Built,0.3.4,22.azl3,0,0,Default Initialized,Default Initialized,Default Initialized,Not Found,Not Found,EXISTS_IN_EXT,0.3.4,N,0,Neeraj,NA,NA,NA,NA,NA
compat-lua,NA,P1,Archana,NA,NA,NA,NA,N,N,Built,5.1.5,17.azl3,1,1,compat-lua-5.1.5-26.fc41.src.rpm,Default Initialized,Default Initialized,5.1.5,26.fc41,EXISTS_IN_EXT,5.1.5,Y,1,Neeraj,NA,NA,NA,NA,NA
console-setup,NA,P0,Akarsh,11489,https://github.com/microsoft/azurelinux/pull/11489,OPEN,2024-12-17T08:50:10Z,Y,Y,Built,1.194,3.azl3,1,1,console-setup-1.230-1.fc41.src.rpm,Default Initialized,Default Initialized,1.230,1.fc41,EXISTS_IN_EXT,1.194,Y,1,Akarsh,https://github.com/microsoft/azurelinux/pull/11489,NA,NA,https://github.com/AkarshHCL/azurelinux.git,topic_console-setup
container-exception-logger,NA,P1,Archana,NA,NA,NA,NA,Revisit No Dnld Ver,Revisit No Dnld Ver,Built,1.0.3,7.azl3,0,0,Default Initialized,Default Initialized,Default Initialized,Not Found,Not Found,EXISTS_IN_EXT,1.0.3,N,0,Neeraj,NA,NA,NA,NA,NA
containernetworking-plugins,NA,P1,Archana,NA,NA,NA,NA,Y,Y,Built,1.1.1,13.azl3,1,1,containernetworking-plugins-1.6.0-1.fc41.src.rp,Default Initialized,Default Initialized,1.6.0,1.fc41.src.rp,EXISTS_IN_EXT,1.1.1,N,0,Neeraj,NA,NA,NA,NA,NA
convmv,NA,P1,Archana,NA,NA,NA,NA,N,N,Built,2.05,7.azl3,1,1,convmv-2.05-17.fc41.src.rpm,Default Initialized,Default Initialized,2.05,17.fc41,EXISTS_IN_EXT,2.05,Y,1,Neeraj,NA,NA,NA,NA,NA
corosync,NA,New P0,Akhila,12604,https://github.com/microsoft/azurelinux/pull/12604,DRAFT,2025-02-25T12:36:19Z,Y,Y,Failed,3.0.4,3.azl3,1,1,corosync-3.1.9-1.fc41.src.rpm,Default Initialized,Default Initialized,3.1.9,1.fc41,EXISTS_IN_EXT,3.0.4,Y,1,Neeraj,NA,NA,NA,https://github.com/akhila-guruju/azurelinux-test.git,topic_corosync
corosync-qdevice,NA,New P0,Akhila,NA,NA,NA,NA,Y,Y,Failed,3.0.1,3.azl3,1,1,corosync-qdevice-3.0.3-6.fc41.src.rpm,Default Initialized,Default Initialized,3.0.3,6.fc41,EXISTS_IN_EXT,3.0.1,Y,1,Neeraj,NA,NA,NA,NA,NA
cppcheck,NA,P1,Archana,NA,NA,NA,NA,Y,Y,Failed,2.7,2.azl3,1,1,cppcheck-2.16.0-1.fc41.src.rpm,Default Initialized,Default Initialized,2.16.0,1.fc41,EXISTS_IN_EXT,2.7,N,0,Neeraj,NA,NA,NA,NA,NA
cpptest,NA,P1,Archana,NA,NA,NA,NA,N,N,Built,1.1.2,20.azl3,1,1,cpptest-1.1.2-25.fc41.src.rpm,Default Initialized,Default Initialized,1.1.2,25.fc41,EXISTS_IN_EXT,1.1.2,Y,1,Neeraj,NA,NA,NA,NA,NA
cpuid,NA,P0,Akarsh,11491,https://github.com/microsoft/azurelinux/pull/11491,OPEN,2024-12-17T09:14:16Z,Y,Y,Built,20200427,2.azl3,1,1,cpuid-20240916-1.fc41.src.rpm,Default Initialized,Default Initialized,20240916,1.fc41,EXISTS_IN_EXT,20200427,Y,1,Akarsh,https://github.com/microsoft/azurelinux/pull/11491,NA,NA,https://github.com/AkarshHCL/azurelinux.git,topic_cpuid
crash-ptdump-command,NA,P1,Sreenivasulu,NA,NA,NA,NA,Revisit No Dnld Ver,Revisit No Dnld Ver,Built,1.0.7,3.azl3,0,0,Default Initialized,Default Initialized,Default Initialized,Not Found,Not Found,EXISTS_IN_EXT,1.0.7,N,0,Sreenivasulu,NA,NA,NA,NA,NA
criu,NA,P1,Sreenivasulu,NA,NA,NA,NA,Y,Y,Failed,3.15,3.azl3,1,1,criu-4.0-2.fc41.src.rpm,Default Initialized,Default Initialized,4.0,2.fc41,EXISTS_IN_EXT,3.15,N,0,Sreenivasulu,NA,NA,NA,NA,NA
crypto-policies,NA,P1,Sreenivasulu,NA,NA,NA,NA,Y,Y,Failed,20200619,5.azl3,1,1,crypto-policies-20241029-1.git8baf557.fc41.src.,Default Initialized,Default Initialized,20241029,1.git8baf557.fc41.src.,EXISTS_IN_EXT,20200619,N,0,Sreenivasulu,NA,NA,NA,NA,NA
cscope,NA,P1,Sreenivasulu,NA,NA,NA,NA,N,N,Built,15.9,8.azl3,1,1,cscope-15.9-26.fc41.src.rpm,Default Initialized,Default Initialized,15.9,26.fc41,EXISTS_IN_EXT,15.9,Y,1,Sreenivasulu,NA,NA,NA,NA,NA
custodia,NA,P1,Sreenivasulu,NA,NA,NA,NA,Revisit No Dnld Ver,Revisit No Dnld Ver,Built,0.6.0,13.azl3,0,0,Default Initialized,Default Initialized,Default Initialized,Not Found,Not Found,EXISTS_IN_EXT,0.6.0,N,0,Sreenivasulu,NA,NA,NA,NA,NA
dbus-c++,NA,P1,Sreenivasulu,NA,NA,NA,NA,N,N,Failed,0.9.0,23.azl3,1,1,dbus-c++-0.9.0-33.fc41.src.rpm,Default Initialized,Default Initialized,0.9.0,33.fc41,EXISTS_IN_EXT,0.9.0,N,0,Sreenivasulu,NA,NA,NA,NA,NA
dbxtool,fwupd,CP_batch1,Akhila,NA,NA,NA,NA,Revisit Ver Compare,Revisit Ver Compare,Failed,8,13.azl3,1,1,fwupd-1.9.27-1.fc41.src.rpm,Default Initialized,Default Initialized,1.9.27,1.fc41,EXISTS_IN_EXT,8,N,0,Sreenivasulu,NA,NA,NA,NA,NA
dcraw,NA,P1,Sreenivasulu,NA,NA,NA,NA,N,N,Built,9.28.0,10.azl3,1,1,dcraw-9.28.0-24.fc41.src.rpm,Default Initialized,Default Initialized,9.28.0,24.fc41,EXISTS_IN_EXT,9.28.0,Y,1,Sreenivasulu,NA,NA,NA,NA,NA
deltarpm,NA,P1,Sreenivasulu,10922,https://github.com/microsoft/azurelinux/pull/10922,MERGED,2024-11-04T10:59:19Z,Y,Y,Built,3.6.2,7.azl3,1,1,deltarpm-3.6.5-1.fc41.src.rpm,Default Initialized,Default Initialized,3.6.5,1.fc41,EXISTS_IN_EXT,3.6.2,Y,1,Sreenivasulu,https://github.com/microsoft/azurelinux/pull/10922,NA,NA,https://github.com/v-smalavathu/azurelinux1.git,topic_deltarpm1
delve,NA,P1,Sreenivasulu,NA,NA,NA,NA,Y,Y,Built,1.5.0,16.azl3,1,1,delve-1.23.1-1.fc41.src.rpm,Default Initialized,Default Initialized,1.23.1,1.fc41,EXISTS_IN_EXT,1.5.0,N,0,Sreenivasulu,NA,NA,NA,NA,NA
device-mapper-persistent-data,NA,P1,Sreenivasulu,NA,NA,NA,NA,Y,Y,Built,0.8.5,6.azl3,1,1,device-mapper-persistent-data-1.0.12-3.fc41.src,Default Initialized,Default Initialized,1.0.12,3.fc41.src,EXISTS_IN_EXT,0.8.5,N,0,Sreenivasulu,NA,NA,NA,NA,NA
diffstat,NA,P1,Sreenivasulu,10920,https://github.com/microsoft/azurelinux/pull/10920,MERGED,2024-11-04T08:20:51Z,Y,Y,Built,1.63,3.azl3,1,1,diffstat-1.66-2.fc41.src.rpm,Default Initialized,Default Initialized,1.66,2.fc41,EXISTS_IN_EXT,1.63,Y,1,Sreenivasulu,https://github.com/microsoft/azurelinux/pull/10920,Suresh,Dev Approved,https://github.com/v-smalavathu/azurelinux1.git,topic_diffstat
discount,NA,P1,Sreenivasulu,10844,https://github.com/microsoft/azurelinux/pull/10844,MERGED,2024-10-25T08:10:43Z,Y,Y,Built,2.2.4,5.azl3,1,1,discount-2.2.7-9.fc41.src.rpm,Default Initialized,Default Initialized,2.2.7,9.fc41,EXISTS_IN_EXT,2.2.4,Y,1,Sreenivasulu,https://github.com/microsoft/azurelinux/pull/10844,NA,NA,https://github.com/v-smalavathu/azurelinux1.git,topic_discount
distribution-gpg-keys,NA,P1,Kevin,NA,NA,NA,NA,Revisit No Bld Ver,Revisit No Bld Ver,Not Found,Not Found,Not Found,1,1,distribution-gpg-keys-1.106-1.fc41.src.rpm,Default Initialized,Default Initialized,1.106,1.fc41,MOVED_TO_CORE,Not Found,N,0,Kevin,NA,NA,NA,NA,NA
dleyna-connector-dbus,dleyna,P1,Sreenivasulu,NA,NA,NA,NA,Y,Y,Failed,0.3.0,8.azl3,1,1,dleyna-0.8.3-5.fc41.src.rpm,Default Initialized,Default Initialized,0.8.3,5.fc41,EXISTS_IN_EXT,0.3.0,N,0,Sreenivasulu,NA,NA,NA,NA,NA
dleyna-core,NA,P1,Sreenivasulu,NA,NA,NA,NA,Revisit No Dnld Ver,Revisit No Dnld Ver,Failed,0.6.0,15.azl3,0,0,Default Initialized,Default Initialized,Default Initialized,Not Found,Not Found,EXISTS_IN_EXT,0.6.0,N,0,Sreenivasulu,NA,NA,NA,NA,NA
dmraid,NA,P1,Sreenivasulu,NA,NA,NA,NA,Revisit Ver Compare,Revisit Ver Compare,Built,1.0.0.rc16,46.azl3,1,1,dmraid-1.0.0.rc16-60.fc41.src.rpm,Default Initialized,Default Initialized,1.0.0.rc16,60.fc41,EXISTS_IN_EXT,1.0.0.rc16,Y,1,Sreenivasulu,NA,NA,NA,NA,NA
docbook-simple,NA,P1,Sreenivasulu,NA,NA,NA,NA,N,N,Built,1.1,25.azl3,1,1,docbook-simple-1.1-33.fc41.src.rpm,Default Initialized,Default Initialized,1.1,33.fc41,EXISTS_IN_EXT,1.1,Y,1,Sreenivasulu,NA,NA,NA,NA,NA
docbook-slides,NA,P1,Sreenivasulu,NA,NA,NA,NA,N,N,Built,3.4.0,25.azl3,1,1,docbook-slides-3.4.0-34.fc41.src.rpm,Default Initialized,Default Initialized,3.4.0,34.fc41,EXISTS_IN_EXT,3.4.0,Y,1,Sreenivasulu,NA,NA,NA,NA,NA
docbook-utils,NA,P1,Sreenivasulu,NA,NA,NA,NA,N,N,Built,0.6.14,50.azl3,1,1,docbook-utils-0.6.14-62.fc41.src.rpm,Default Initialized,Default Initialized,0.6.14,62.fc41,EXISTS_IN_EXT,0.6.14,N,0,Sreenivasulu,NA,NA,NA,NA,NA
docbook5-style-xsl,NA,P1,Sreenivasulu,NA,NA,NA,NA,N,N,Built,1.79.2,11.azl3,1,1,docbook5-style-xsl-1.79.2-21.fc41.src.rpm,Default Initialized,Default Initialized,1.79.2,21.fc41,EXISTS_IN_EXT,1.79.2,Y,1,Sreenivasulu,NA,NA,NA,NA,NA
dogtail,NA,P1,Sumit,NA,NA,NA,NA,N,N,Built,0.9.11,8.azl3,1,1,dogtail-0.9.11-22.fc41.src.rpm,Default Initialized,Default Initialized,0.9.11,22.fc41,EXISTS_IN_EXT,0.9.11,Y,1,Sumit, ,NA,NA,NA,NA
dotconf,NA,P1,Sumit,10752,https://github.com/microsoft/azurelinux/pull/10752,MERGED,2024-10-16T15:08:13Z,Y,Y,Built,1.3,26.azl3,1,1,dotconf-1.4.1-3.fc41.src.rpm,Default Initialized,Default Initialized,1.4.1,3.fc41,EXISTS_IN_EXT,1.3,Y,1,Sumit,https://github.com/microsoft/azurelinux/pull/10752,NA,NA,https://github.com/SumitJenaHCL/azurelinux.git,topic_dotconf
dovecot,NA,P1,Sumit,10859,https://github.com/microsoft/azurelinux/pull/10859,OPEN,2024-10-28T20:23:27Z,Y,Y,Failed,2.3.20,1.azl3,1,1,dovecot-2.3.21.1-1.fc41.src.rpm,Default Initialized,Default Initialized,2.3.21.1,1.fc41,EXISTS_IN_EXT,2.3.20,N,0,Sumit,NA,NA,NA,https://github.com/SumitJenaHCL/azurelinux.git,topic_dovecot
dpkg,NA,P1,Sumit,10832,https://github.com/microsoft/azurelinux/pull/10832,OPEN,2024-10-24T18:21:38Z,Y,Y,Built,1.20.10,1.azl3,1,1,dpkg-1.22.11-1.fc41.src.rpm,Default Initialized,Default Initialized,1.22.11,1.fc41,EXISTS_IN_EXT,1.20.10,N,0,Sumit,https://github.com/microsoft/azurelinux/pull/10832,NA,NA,https://github.com/SumitJenaHCL/azurelinux.git,topic_dpkg
driverctl,NA,P1,Sumit,10833,https://github.com/microsoft/azurelinux/pull/10833,OPEN,2024-10-24T18:28:17Z,N,N,Built,0.111,2.azl3,1,1,driverctl-0.101-15.fc41.src.rpm,Default Initialized,Default Initialized,0.101,15.fc41,EXISTS_IN_EXT,0.111,Y,1,Sumit,https://github.com/microsoft/azurelinux/pull/10833,NA,NA,https://github.com/SumitJenaHCL/azurelinux.git,topic_driverctl
dropwatch,NA,P1,Sumit,10842,https://github.com/microsoft/azurelinux/pull/10842,MERGED,2024-10-25T01:25:55Z,Y,Y,Built,1.5.3,6.azl3,1,1,dropwatch-1.5.4-8.fc41.src.rpm,Default Initialized,Default Initialized,1.5.4,8.fc41,EXISTS_IN_EXT,1.5.3,Y,1,Sumit,https://github.com/microsoft/azurelinux/pull/10842,NA,NA,https://github.com/SumitJenaHCL/azurelinux.git,topic_dropwatch
drpm,NA,CP_batch1,Sumit,10847,https://github.com/microsoft/azurelinux/pull/10847,MERGED,2024-10-25T13:46:41Z,Y,Y,Built,0.5.0,2.azl3,1,1,drpm-0.5.2-6.fc41.src.rpm,Default Initialized,Default Initialized,0.5.2,6.fc41,EXISTS_IN_EXT,0.5.0,N,0,Sumit,https://github.com/microsoft/azurelinux/pull/10847,NA,NA,https://github.com/SumitJenaHCL/azurelinux.git,topic_drpm
dumpet,NA,P1,Sumit,NA,NA,NA,NA,N,N,Built,2.1,21.azl3,1,1,dumpet-2.1-30.fc41.src.rpm,Default Initialized,Default Initialized,2.1,30.fc41,EXISTS_IN_EXT,2.1,Y,1,Sumit, ,NA,NA,NA,NA
dvd+rw-tools,NA,P1,Sumit,NA,NA,NA,NA,N,N,Built,7.1,33.azl3,1,1,dvd+rw-tools-7.1-42.fc41.src.rpm,Default Initialized,Default Initialized,7.1,42.fc41,EXISTS_IN_EXT,7.1,Y,1,Sumit, ,NA,NA,NA,NA
dyninst,NA,P1,Sumit,NA,NA,NA,NA,Y,Y,Failed,10.1.0,18.azl3,1,1,dyninst-12.3.0-7.fc41.src.rpm,Default Initialized,Default Initialized,12.3.0,7.fc41,EXISTS_IN_EXT,10.1.0,N,0,Sumit, ,NA,NA,NA,NA
ecj,NA,P1,Sumit,NA,NA,NA,NA,Y,Y,Built,4.12,5.azl3,1,1,ecj-4.23-11.fc41.src.rpm,Default Initialized,Default Initialized,4.23,11.fc41,EXISTS_IN_EXT,4.12,N,0,Sumit, ,NA,NA,NA,NA
edac-utils,NA,P1,Sumit,10860,https://github.com/microsoft/azurelinux/pull/10860,MERGED,2024-10-28T21:12:43Z,Y,Y,Built,0.16,23.azl3,1,1,edac-utils-0.18-38.fc41.src.rpm,Default Initialized,Default Initialized,0.18,38.fc41,EXISTS_IN_EXT,0.16,Y,1,Sumit,https://github.com/microsoft/azurelinux/pull/10860,NA,NA,https://github.com/SumitJenaHCL/azurelinux.git,topic_edac-utils
efax,NA,P1,Sumit,NA,NA,NA,NA,Revisit Ver Compare,Revisit Ver Compare,Built,0.9a,34.azl3,1,1,efax-0.9a-44.001114.fc41.src.rpm,Default Initialized,Default Initialized,0.9a,44.001114.fc41,EXISTS_IN_EXT,0.9a,Y,1,Sumit, ,NA,NA,NA,NA
efi-rpm-macros,NA,CP_batch1,Sumit,10928,https://github.com/microsoft/azurelinux/pull/10928,MERGED,2024-11-04T22:04:47Z,Y,Y,Built,4,6.azl3,1,1,efi-rpm-macros-5-13.fc41.src.rpm,Default Initialized,Default Initialized,5,13.fc41,EXISTS_IN_EXT,4,N,0,Sumit,https://github.com/microsoft/azurelinux/pull/10928,NA,NA,https://github.com/SumitJenaHCL/azurelinux.git,topic_efi-rpm-macros
egl-wayland,NA,P1,Sumit,NA,NA,NA,NA,Revisit No Bld Ver,Revisit No Bld Ver,Not Found,Not Found,Not Found,1,1,egl-wayland-1.1.17^20241118giteeb29e1-5.fc41.sr,Default Initialized,Default Initialized,1.1.17^20241118giteeb29e1,5.fc41.sr,MOVED_TO_CORE,Not Found,N,0,Sumit, ,NA,NA,NA,NA
eglexternalplatform,NA,P1,Sumit,NA,NA,NA,NA,Revisit No Bld Ver,Revisit No Bld Ver,Not Found,Not Found,Not Found,1,1,eglexternalplatform-1.2-2.fc41.src.rpm,Default Initialized,Default Initialized,1.2,2.fc41,MOVED_TO_CORE,Not Found,N,0,Sumit, ,NA,NA,NA,NA
elinks,NA,P1,Sumit,NA,NA,NA,NA,Y,Y,Failed,0.16.0,3.azl3,1,1,elinks-0.17.0-5.fc41.src.rpm,Default Initialized,Default Initialized,0.17.0,5.fc41,EXISTS_IN_EXT,0.16.0,N,0,Sumit, ,NA,NA,NA,NA
enca,NA,P1,Sumit,NA,NA,NA,NA,N,N,Built,1.19,6.azl3,1,1,enca-1.19-15.fc41.src.rpm,Default Initialized,Default Initialized,1.19,15.fc41,EXISTS_IN_EXT,1.19,Y,1,Sumit, ,NA,NA,NA,NA
enchant,NA,P1,Sumit,NA,NA,NA,NA,N,N,Built,1.6.0,27.azl3,1,1,enchant-1.6.0-36.fc41.src.rpm,Default Initialized,Default Initialized,1.6.0,36.fc41,EXISTS_IN_EXT,1.6.0,Y,1,Sumit, ,NA,NA,NA,NA
enscript,NA,P1,Sumit,NA,NA,NA,NA,N,N,Built,1.6.6,25.azl3,1,1,enscript-1.6.6-35.fc41.src.rpm,Default Initialized,Default Initialized,1.6.6,35.fc41,EXISTS_IN_EXT,1.6.6,Y,1,Sumit, ,NA,NA,NA,NA
evemu,NA,P1,Sumit,NA,NA,NA,NA,N,N,Built,2.7.0,14.azl3,1,1,evemu-2.7.0-31.fc41.src.rpm,Default Initialized,Default Initialized,2.7.0,31.fc41,EXISTS_IN_EXT,2.7.0,Y,1,Sumit, ,NA,NA,NA,NA
exempi,NA,P1,Jyoti,10796,https://github.com/microsoft/azurelinux/pull/10796,MERGED,2024-10-21T09:18:43Z,Y,Y,Built,2.6.1,2.azl3,1,1,exempi-2.6.4-6.fc41.src.rpm,Default Initialized,Default Initialized,2.6.4,6.fc41,EXISTS_IN_EXT,2.6.1,Y,1,Jyoti,https://github.com/microsoft/azurelinux/pull/10796,Suresh,Dev Approved,https://github.com/jykanase/azurelinux.git,topic_exempi
exiv2,NA,P1,Jyoti,10820,https://github.com/microsoft/azurelinux/pull/10820,MERGED,2024-10-23T09:51:07Z,Y,Y,Built,0.28.0,1.azl3,1,1,exiv2-0.28.3-1.fc41.src.rpm,Default Initialized,Default Initialized,0.28.3,1.fc41,EXISTS_IN_EXT,0.28.0,Y,1,Jyoti,https://github.com/microsoft/azurelinux/pull/10820,NA,NA,https://github.com/jykanase/azurelinux.git,topic_exiv2
fabtests,NA,P1,Jyoti,10982,https://github.com/microsoft/azurelinux/pull/10982,MERGED,2024-11-08T10:08:37Z,Y,Y,Built,1.12.0,1.azl3,1,1,fabtests-1.18.0-8.fc41.src.rpm,Default Initialized,Default Initialized,1.18.0,8.fc41,EXISTS_IN_EXT,1.12.0,Y,1,Jyoti,https://github.com/microsoft/azurelinux/pull/10982,NA,NA,https://github.com/jykanase/azurelinux.git,topic_fabtests
facter,NA,P1,Jyoti,10889,https://github.com/microsoft/azurelinux/pull/10889,OPEN,2024-10-30T08:46:17Z,Y,Y,Built,4.2.13,1.azl3,1,1,facter-4.8.0-1.fc41.src.rpm,Default Initialized,Default Initialized,4.8.0,1.fc41,EXISTS_IN_EXT,4.2.13,N,0,Jyoti,NA,NA,NA,https://github.com/jykanase/azurelinux.git,topic_facter
fakechroot,NA,P1,Jyoti,NA,NA,NA,NA,N,N,Built,2.20.1,4.azl3,1,1,fakechroot-2.20.1-21.fc41.src.rpm,Default Initialized,Default Initialized,2.20.1,21.fc41,EXISTS_IN_EXT,2.20.1,Y,1,Jyoti,NA,NA,NA,NA,NA
fapolicyd,NA,P1,Jyoti,NA,NA,NA,NA,Revisit No Bld Ver,Revisit No Bld Ver,Not Found,Not Found,Not Found,1,1,fapolicyd-1.3.4-1.fc41.src.rpm,Default Initialized,Default Initialized,1.3.4,1.fc41,REMOVED_FROM_BOTH,Not Found,N,0,Jyoti,NA,NA,NA,NA,NA
fdk-aac-free,NA,P1,Jyoti,NA,NA,NA,NA,N,N,Built,2.0.0,4.azl3,1,1,fdk-aac-free-2.0.0-14.fc41.src.rpm,Default Initialized,Default Initialized,2.0.0,14.fc41,EXISTS_IN_EXT,2.0.0,Y,1,Jyoti,NA,NA,NA,NA,NA
fence-virt,fence-agents,P1,Jyoti,NA,NA,NA,NA,Y,Y,Failed,1.0.0,4.azl3,1,1,fence-agents-4.16.0-1.fc41.src.rpm,Default Initialized,Default Initialized,4.16.0,1.fc41,EXISTS_IN_EXT,1.0.0,N,0,Jyoti,NA,NA,NA,NA,NA
fetchmail,NA,P1,Jyoti,10856,https://github.com/microsoft/azurelinux/pull/10856,MERGED,2024-10-28T08:32:19Z,Y,Y,Built,6.4.22,1.azl3,1,1,fetchmail-6.4.39-1.fc41.src.rpm,Default Initialized,Default Initialized,6.4.39,1.fc41,EXISTS_IN_EXT,6.4.22,Y,1,Jyoti,https://github.com/microsoft/azurelinux/pull/10856,NA,NA,https://github.com/jykanase/azurelinux.git,topic_fetchmail
fftw,NA,P1,Jyoti,NA,NA,NA,NA,N,N,Built,3.3.10,4.azl3,1,1,fftw-3.3.10-13.fc41.src.rpm,Default Initialized,Default Initialized,3.3.10,13.fc41,EXISTS_IN_EXT,3.3.10,N,0,Jyoti,NA,NA,NA,NA,NA
filebench,NA,CP_batch1,Jyoti,NA,NA,NA,NA,N,N,Built,1.4.9.1,14.azl3,1,1,filebench-1.4.9.1-24.fc41.src.rpm,Default Initialized,Default Initialized,1.4.9.1,24.fc41,EXISTS_IN_EXT,1.4.9.1,N,0,Jyoti,NA,NA,NA,NA,NA
fipscheck,libkcapi,CP_batch1,Jyoti,12538,https://github.com/microsoft/azurelinux/pull/12538,MERGED,2025-02-21T04:16:47Z,N,N,Failed,1.5.0,9.azl3,1,1,libkcapi-1.5.0-4.fc41.src.rpm,Default Initialized,Default Initialized,1.5.0,4.fc41,EXISTS_IN_EXT,1.5.0,N,0,Jyoti,NA,NA,NA,https://github.com/jykanase/azurelinux.git,topic_fipscheck
flac,NA,P1,Jyoti,NA,NA,NA,NA,N,N,Built,1.4.3,1.azl3,1,1,flac-1.4.3-5.fc41.src.rpm,Default Initialized,Default Initialized,1.4.3,5.fc41,EXISTS_IN_EXT,1.4.3,Y,1,Jyoti,NA,NA,NA,NA,NA
flite,NA,P1,Jyoti,11269,https://github.com/microsoft/azurelinux/pull/11269,OPEN,2024-11-29T12:23:48Z,Y,Y,Built,1.3,36.azl3,1,1,flite-2.2-9.fc41.src.rpm,Default Initialized,Default Initialized,2.2,9.fc41,EXISTS_IN_EXT,1.3,N,0,Jyoti,NA,NA,NA,https://github.com/jykanase/azurelinux.git,topic_flite
fltk,NA,P1,Jyoti,11267,https://github.com/microsoft/azurelinux/pull/11267,MERGED,2024-11-29T09:16:04Z,Y,Y,Built,1.3.5,4.azl3,1,1,fltk-1.3.8-10.fc41.src.rpm,Default Initialized,Default Initialized,1.3.8,10.fc41,EXISTS_IN_EXT,1.3.5,N,0,Jyoti,https://github.com/microsoft/azurelinux/pull/11267,NA,NA,https://github.com/jykanase/azurelinux.git,topic_fltk
fonts-rpm-macros,NA,CP_batch1,Jyoti,NA,NA,NA,NA,N,N,Failed,2.0.5,13.azl3,1,1,fonts-rpm-macros-2.0.5-17.fc41.src.rpm,Default Initialized,Default Initialized,2.0.5,17.fc41,EXISTS_IN_EXT,2.0.5,N,0,Jyoti,NA,NA,NA,NA,NA
foomatic-db,NA,P1,Jyoti,10857,https://github.com/microsoft/azurelinux/pull/10857,OPEN,2024-10-28T13:39:44Z,N,Y,Built,4.0,71.azl3,1,1,foomatic-db-4.0-80.20230810.fc41.src.rpm,Default Initialized,Default Initialized,4.0,80.20230810.fc41,EXISTS_IN_EXT,4.0,Y,1,Jyoti,NA,NA,NA,https://github.com/jykanase/azurelinux.git,topic_foomatic-db
freeglut,NA,P1,Jyoti,NA,NA,NA,NA,Revisit No Bld Ver,Revisit No Bld Ver,Not Found,Not Found,Not Found,1,1,freeglut-3.6.0-2.fc41.src.rpm,Default Initialized,Default Initialized,3.6.0,2.fc41,MOVED_TO_CORE,Not Found,N,0,Jyoti,NA,NA,NA,NA,NA
freeradius,NA,P1,Jyoti,12201,https://github.com/microsoft/azurelinux/pull/12201,OPEN,2025-02-03T11:13:17Z,Y,Y,Failed,3.2.3,2.azl3,1,1,freeradius-3.2.5-2.fc41.src.rpm,Default Initialized,Default Initialized,3.2.5,2.fc41,EXISTS_IN_EXT,3.2.3,N,0,Jyoti,NA,NA,NA,https://github.com/jykanase/azurelinux.git,topic_freeradius
freexl,NA,P1,Jyoti,10855,https://github.com/microsoft/azurelinux/pull/10855,OPEN,2024-10-28T05:42:51Z,Y,Y,Built,1.0.6,19.azl3,1,1,freexl-2.0.0-8.fc41.src.rpm,Default Initialized,Default Initialized,2.0.0,8.fc41,EXISTS_IN_EXT,1.0.6,N,0,Jyoti,NA,NA,NA,https://github.com/jykanase/azurelinux.git,topic_freexl
fros,NA,P1,Jyoti,NA,NA,NA,NA,N,N,Built,1.1,23.azl3,1,1,fros-1.1-37.fc41.src.rpm,Default Initialized,Default Initialized,1.1,37.fc41,EXISTS_IN_EXT,1.1,Y,1,Jyoti,NA,NA,NA,NA,NA
fstrm,NA,P1,Jyoti,NA,NA,NA,NA,N,N,Built,0.6.1,1.azl3,1,1,fstrm-0.6.1-11.fc41.src.rpm,Default Initialized,Default Initialized,0.6.1,11.fc41,EXISTS_IN_EXT,0.6.1,Y,1,Jyoti,NA,NA,NA,NA,NA
fuse-overlayfs,NA,P1,Jyoti,10921,https://github.com/microsoft/azurelinux/pull/10921,MERGED,2024-11-04T08:25:54Z,Y,Y,Built,1.4.0,2.azl3,1,1,fuse-overlayfs-1.13-2.fc41.src.rpm,Default Initialized,Default Initialized,1.13,2.fc41,EXISTS_IN_EXT,1.4.0,Y,1,Jyoti,https://github.com/microsoft/azurelinux/pull/10921,NA,NA,https://github.com/jykanase/azurelinux.git,topic_fuse-overlayfs
fuse-sshfs,NA,P1,Jyoti,11268,https://github.com/microsoft/azurelinux/pull/11268,MERGED,2024-11-29T10:45:42Z,Y,Y,Built,3.7.1,2.azl3,1,1,fuse-sshfs-3.7.3-10.fc41.src.rpm,Default Initialized,Default Initialized,3.7.3,10.fc41,EXISTS_IN_EXT,3.7.1,Y,1,Jyoti,https://github.com/microsoft/azurelinux/pull/11268,NA,NA,https://github.com/jykanase/azurelinux.git,topic_fuse-sshfs
fxload,NA,P1,Jagadeesh,NA,NA,NA,NA,N,N,Built,2008_10_13,17.azl3,1,1,fxload-2008_10_13-28.fc41.src.rpm,Default Initialized,Default Initialized,2008_10_13,28.fc41,EXISTS_IN_EXT,2008_10_13,Y,1,Jagadeesh,NA,NA,NA,NA,NA
gavl,NA,P1,Jagadeesh,NA,NA,NA,NA,N,N,Built,1.4.0,21.azl3,1,1,gavl-1.4.0-27.fc41.src.rpm,Default Initialized,Default Initialized,1.4.0,27.fc41,EXISTS_IN_EXT,1.4.0,N,0,Jagadeesh,NA,NA,NA,NA,NA
gconf-editor,NA,P1,Jagadeesh,NA,NA,NA,NA,N,N,Built,3.0.1,20.azl3,1,1,gconf-editor-3.0.1-30.fc41.src.rpm,Default Initialized,Default Initialized,3.0.1,30.fc41,EXISTS_IN_EXT,3.0.1,N,0,Jagadeesh,NA,NA,NA,NA,NA
gcr,NA,P1,Jagadeesh,NA,NA,NA,NA,Y,Y,Failed,3.36.0,3.azl3,1,1,gcr-4.3.0-3.fc41.src.rpm,Default Initialized,Default Initialized,4.3.0,3.fc41,EXISTS_IN_EXT,3.36.0,N,0,Jagadeesh,NA,NA,NA,NA,NA
gdal,NA,P1,Jagadeesh,NA,NA,NA,NA,Y,Y,Built,3.6.3,2.azl3,1,1,gdal-3.9.3-1.fc41.src.rpm,Default Initialized,Default Initialized,3.9.3,1.fc41,EXISTS_IN_EXT,3.6.3,N,0,Jagadeesh,NA,NA,NA,NA,NA
gdisk,NA,P1,Jagadeesh,10950,https://github.com/microsoft/azurelinux/pull/10950,MERGED,2024-11-06T06:52:09Z,Y,Y,Built,1.0.9,3.azl3,1,1,gdisk-1.0.10-2.fc41.src.rpm,Default Initialized,Default Initialized,1.0.10,2.fc41,EXISTS_IN_EXT,1.0.9,Y,1,Jagadeesh,https://github.com/microsoft/azurelinux/pull/10950,Suresh,Dev Approved,https://github.com/durgajagadeesh/azurelinux_djpalli.git,Topic_gconf-editor
generic-logos,NA,P1,Jagadeesh,NA,NA,NA,NA,N,N,Built,18.0.0,11.azl3,1,1,generic-logos-18.0.0-23.fc41.src.rpm,Default Initialized,Default Initialized,18.0.0,23.fc41,EXISTS_IN_EXT,18.0.0,Y,1,Jagadeesh,NA,NA,NA,NA,NA
genwqe-tools,NA,P1,Jagadeesh,NA,NA,NA,NA,Revisit No Dnld Ver,Revisit No Dnld Ver,Built,4.0.20,12.azl3,0,0,Default Initialized,Default Initialized,Default Initialized,Not Found,Not Found,EXISTS_IN_EXT,4.0.20,N,0,Jagadeesh,NA,NA,NA,NA,NA
geoclue2,NA,P1,Jagadeesh,NA,NA,NA,NA,N,N,Built,2.7.0,1.azl3,1,1,geoclue2-2.7.0-6.fc41.src.rpm,Default Initialized,Default Initialized,2.7.0,6.fc41,EXISTS_IN_EXT,2.7.0,N,0,Jagadeesh,NA,NA,NA,NA,NA
geolite2,NA,P1,Jagadeesh,NA,NA,NA,NA,N,N,Built,20191217,3.azl3,1,1,geolite2-20191217-13.fc41.src.rpm,Default Initialized,Default Initialized,20191217,13.fc41,EXISTS_IN_EXT,20191217,Y,1,Jagadeesh,NA,NA,NA,NA,NA
geronimo-specs,NA,P1,Jagadeesh,NA,NA,NA,NA,Revisit No Dnld Ver,Revisit No Dnld Ver,Built,1.2,40.azl3,0,0,Default Initialized,Default Initialized,Default Initialized,Not Found,Not Found,EXISTS_IN_EXT,1.2,N,0,Jagadeesh,NA,NA,NA,NA,NA
ghc-srpm-macros,NA,P1,Jagadeesh,10788,https://github.com/microsoft/azurelinux/pull/10788,OPEN,2024-10-18T13:39:36Z,Y,Y,Built,1.5.0,3.azl3,1,1,ghc-srpm-macros-1.9.1-2.fc41.src.rpm,Default Initialized,Default Initialized,1.9.1,2.fc41,EXISTS_IN_EXT,1.5.0,Y,1,Jagadeesh,https://github.com/microsoft/azurelinux/pull/10788,NA,NA,https://github.com/durgajagadeesh/azurelinux_djpalli.git,Topic_apache-commons-lang
gl-manpages,NA,P1,Jagadeesh,NA,NA,NA,NA,N,N,Failed,1.1,21.azl3,1,1,gl-manpages-1.1-32.20190306.fc41.src.rpm,Default Initialized,Default Initialized,1.1,32.20190306.fc41,EXISTS_IN_EXT,1.1,Y,1,Jagadeesh,NA,NA,NA,NA,NA
glassfish-annotation-api,jakarta-annotations,CP_batch1,Jagadeesh,12674,https://github.com/microsoft/azurelinux/pull/12674,OPEN,2025-02-28T01:54:13Z,Y,Y,Failed,1.3.2,3.azl3,1,1,jakarta-annotations-1.3.5-23.fc41.src.rpm,Default Initialized,Default Initialized,1.3.5,23.fc41,EXISTS_IN_EXT,1.3.2,N,0,Jagadeesh,NA,NA,NA,https://github.com/durgajagadeesh/azurelinux_djpalli.git,Topic_glassfish-annotation-api
glew,NA,CP_batch1,Jagadeesh,10871,https://github.com/microsoft/azurelinux/pull/10871,MERGED,2024-10-29T12:23:51Z,Y,Y,Built,2.1.0,7.azl3,1,1,glew-2.2.0-8.fc41.src.rpm,Default Initialized,Default Initialized,2.2.0,8.fc41,EXISTS_IN_EXT,2.1.0,N,0,Jagadeesh,https://github.com/microsoft/azurelinux/pull/10871,NA,NA,https://github.com/durgajagadeesh/azurelinux_djpalli.git,Topic_glew
glm,NA,P1,Jagadeesh,11755,https://github.com/microsoft/azurelinux/pull/11755,MERGED,2025-01-03T04:33:35Z,Y,Y,Built,0.9.9.6,5.azl3,1,1,glm-1.0.1-2.fc41.src.rpm,Default Initialized,Default Initialized,1.0.1,2.fc41,EXISTS_IN_EXT,0.9.9.6,Y,1,Jagadeesh,https://github.com/microsoft/azurelinux/pull/11755,NA,NA,https://github.com/durgajagadeesh/azurelinux_djpalli.git,Topic_glm
gnome-desktop-testing,NA,P1,Jagadeesh,NA,NA,NA,NA,N,N,Failed,2018.1,4.azl3,1,1,gnome-desktop-testing-2018.1-14.fc41.src.rpm,Default Initialized,Default Initialized,2018.1,14.fc41,EXISTS_IN_EXT,2018.1,Y,1,Jagadeesh,NA,NA,NA,NA,NA
gnome-doc-utils,NA,P1,Jagadeesh,NA,NA,NA,NA,N,N,Built,0.20.10,24.azl3,1,1,gnome-doc-utils-0.20.10-39.fc41.src.rpm,Default Initialized,Default Initialized,0.20.10,39.fc41,EXISTS_IN_EXT,0.20.10,Y,1,Jagadeesh,NA,NA,NA,NA,NA
gnome-icon-theme,NA,P1,Jagadeesh,NA,NA,NA,NA,N,N,Built,3.12.0,16.azl3,1,1,gnome-icon-theme-3.12.0-24.fc41.src.rpm,Default Initialized,Default Initialized,3.12.0,24.fc41,EXISTS_IN_EXT,3.12.0,Y,1,Jagadeesh,NA,NA,NA,NA,NA
gnome-keyring,NA,P1,Jagadeesh,NA,NA,NA,NA,Y,Y,Failed,3.36.0,2.azl3,1,1,gnome-keyring-46.2-2.fc41.src.rpm,Default Initialized,Default Initialized,46.2,2.fc41,EXISTS_IN_EXT,3.36.0,N,0,Jagadeesh,NA,NA,NA,NA,NA
gnu-getopt,NA,P1,Jagadeesh,NA,NA,NA,NA,Revisit No Dnld Ver,Revisit No Dnld Ver,Built,1.0.14,3.azl3,0,0,Default Initialized,Default Initialized,Default Initialized,Not Found,Not Found,EXISTS_IN_EXT,1.0.14,N,0,Jagadeesh,NA,NA,NA,NA,NA
gnu-regexp,NA,P1,Jagadeesh,NA,NA,NA,NA,Revisit No Dnld Ver,Revisit No Dnld Ver,Built,1.1.4,294.azl3,0,0,Default Initialized,Default Initialized,Default Initialized,Not Found,Not Found,EXISTS_IN_EXT,1.1.4,N,0,Jagadeesh,NA,NA,NA,NA,NA
go-rpm-macros,NA,CP_batch1,Jagadeesh,11160,https://github.com/microsoft/azurelinux/pull/11160,MERGED,2024-11-20T17:08:12Z,Y,Y,Built,3.0.9,3.azl3,1,1,go-rpm-macros-3.6.0-3.fc41.src.rpm,Default Initialized,Default Initialized,3.6.0,3.fc41,EXISTS_IN_EXT,3.0.9,N,0,Jagadeesh,https://github.com/microsoft/azurelinux/pull/11160,NA,NA,https://github.com/durgajagadeesh/azurelinux_djpalli.git,Topic_go-rpm-macros
gom,NA,P1,Jagadeesh,11155,https://github.com/microsoft/azurelinux/pull/11155,MERGED,2024-11-20T10:12:00Z,Y,Y,Built,0.4,3.azl3,1,1,gom-0.5.3-1.fc41.src.rpm,Default Initialized,Default Initialized,0.5.3,1.fc41,EXISTS_IN_EXT,0.4,N,0,Jagadeesh,https://github.com/microsoft/azurelinux/pull/11155,NA,NA,https://github.com/durgajagadeesh/azurelinux_djpalli.git,Topic_gom
google-api-python-client,NA,CP_batch1,Jagadeesh,11175,https://github.com/microsoft/azurelinux/pull/11175,MERGED,2024-11-21T10:11:43Z,Y,Y,Built,2.73.0,2.azl3,1,1,google-api-python-client-2.140.0-1.fc41.src.rpm,Default Initialized,Default Initialized,2.140.0,1.fc41,EXISTS_IN_EXT,2.73.0,N,0,Jagadeesh,https://github.com/microsoft/azurelinux/pull/11175,NA,NA,https://github.com/durgajagadeesh/azurelinux_djpalli.git,Topic_google-api-python-client
google-crosextra-caladea-fonts,NA,P1,Jagadeesh,NA,NA,NA,NA,N,N,Failed,1.002,1.azl3,1,1,google-crosextra-caladea-fonts-1.002-0.19.20130,Default Initialized,Default Initialized,1.002,0.19.20130,EXISTS_IN_EXT,1.002,N,0,Jagadeesh,NA,NA,NA,NA,NA
google-crosextra-carlito-fonts,google-carlito-fonts,P1,Jagadeesh,NA,NA,NA,NA,N,N,Failed,1.103,1.azl3,1,1,google-carlito-fonts-1.103-0.25.20130920.fc41.s,Default Initialized,Default Initialized,1.103,0.25.20130920.fc41.s,EXISTS_IN_EXT,1.103,N,0,Jagadeesh,NA,NA,NA,NA,NA
google-noto-cjk-fonts,google-noto-sans-cjk-vf-fonts,P1,Jagadeesh,NA,NA,NA,NA,Revisit Ver Compare,Revisit Ver Compare,Failed,20190416,7.azl3,1,1,google-noto-sans-cjk-vf-fonts-2.004-8.fc41.src.,Default Initialized,Default Initialized,2.004,8.fc41.src.,EXISTS_IN_EXT,20190416,N,0,Jagadeesh,NA,NA,NA,NA,NA
google-noto-emoji-fonts,NA,P1,Jagadeesh,NA,NA,NA,NA,Y,Y,Failed,20200723,2.azl3,1,1,google-noto-emoji-fonts-20241008-1.fc41.src.rpm,Default Initialized,Default Initialized,20241008,1.fc41,EXISTS_IN_EXT,20200723,N,0,Jagadeesh,NA,NA,NA,NA,NA
gphoto2,NA,P1,Kevin,10776,https://github.com/microsoft/azurelinux/pull/10776,OPEN,2024-10-17T20:49:49Z,Y,Y,Built,2.5.27,2.azl3,1,1,gphoto2-2.5.28-2.fc41.src.rpm,Default Initialized,Default Initialized,2.5.28,2.fc41,EXISTS_IN_EXT,2.5.27,N,0,Kevin,https://github.com/microsoft/azurelinux/pull/10776,NA,NA,https://github.com/kevin-b-lockwood/azurelinux.git,kevin-b-lockwood/gphoto2-2.5.28-1
gpm,NA,P1,Kevin,NA,NA,NA,NA,N,N,Built,1.20.7,24.azl3,1,1,gpm-1.20.7-48.fc41.src.rpm,Default Initialized,Default Initialized,1.20.7,48.fc41,EXISTS_IN_EXT,1.20.7,Y,1,Kevin,NA,NA,NA,NA,NA
gpsbabel,NA,P1,Kevin,NA,NA,NA,NA,Y,Y,Failed,1.8.0,4.azl3,1,1,gpsbabel-1.9.0-7.fc41.src.rpm,Default Initialized,Default Initialized,1.9.0,7.fc41,EXISTS_IN_EXT,1.8.0,N,0,Kevin,NA,NA,NA,NA,NA
graphene,NA,P1,Kevin,10779,https://github.com/microsoft/azurelinux/pull/10779,MERGED,2024-10-17T21:29:26Z,Y,Y,Built,1.10.4,3.azl3,1,1,graphene-1.10.6-9.fc41.src.rpm,Default Initialized,Default Initialized,1.10.6,9.fc41,EXISTS_IN_EXT,1.10.4,Y,1,Kevin,https://github.com/microsoft/azurelinux/pull/10779,NA,NA,https://github.com/kevin-b-lockwood/azurelinux.git,kevin-b-lockwood/graphene-1.10.8-1
graphite2,NA,P1,Kevin,NA,NA,NA,NA,N,N,Built,1.3.14,3.azl3,1,1,graphite2-1.3.14-16.fc41.src.rpm,Default Initialized,Default Initialized,1.3.14,16.fc41,EXISTS_IN_EXT,1.3.14,N,0,Kevin,NA,NA,NA,NA,NA
gsl,NA,P1,Kevin,10740,https://github.com/microsoft/azurelinux/pull/10740,OPEN,2024-10-15T21:44:25Z,Y,Y,Built,2.6,3.azl3,1,1,gsl-2.7.1-11.fc41.src.rpm,Default Initialized,Default Initialized,2.7.1,11.fc41,EXISTS_IN_EXT,2.6,Y,1,Kevin,https://github.com/microsoft/azurelinux/pull/10740,NA,NA,https://github.com/kevin-b-lockwood/azurelinux.git,kevin-b-lockwood/gsl-2.8-1
gspell,NA,P1,Kevin,10741,https://github.com/microsoft/azurelinux/pull/10741,OPEN,2024-10-15T23:29:54Z,Y,Y,Built,1.8.4,2.azl3,1,1,gspell-1.14.0-1.fc41.src.rpm,Default Initialized,Default Initialized,1.14.0,1.fc41,EXISTS_IN_EXT,1.8.4,Y,1,Kevin,https://github.com/microsoft/azurelinux/pull/10741,NA,NA,https://github.com/kevin-b-lockwood/azurelinux.git,kevin-b-lockwood/gspell-1.14.0-1
gssdp,NA,P1,Kevin,10790,https://github.com/microsoft/azurelinux/pull/10790,MERGED,2024-10-18T22:43:11Z,Y,Y,Built,1.6.2,3.azl3,1,1,gssdp-1.6.3-3.fc41.src.rpm,Default Initialized,Default Initialized,1.6.3,3.fc41,EXISTS_IN_EXT,1.6.2,N,0,Kevin,https://github.com/microsoft/azurelinux/pull/10790,NA,NA,https://github.com/kevin-b-lockwood/azurelinux.git,kevin-b-lockwood/gssdp-1.6.3-1
gssntlmssp,NA,P1,Kevin,10791,https://github.com/microsoft/azurelinux/pull/10791,MERGED,2024-10-18T23:23:54Z,Y,Y,Built,0.9.0,2.azl3,1,1,gssntlmssp-1.3.1-3.fc41.src.rpm,Default Initialized,Default Initialized,1.3.1,3.fc41,EXISTS_IN_EXT,0.9.0,N,0,Kevin,https://github.com/microsoft/azurelinux/pull/10791,NA,NA,https://github.com/kevin-b-lockwood/azurelinux.git,kevin-b-lockwood/gssntlmssp-1.3.1-1
gstreamer1,NA,P1,Kevin,10805,https://github.com/microsoft/azurelinux/pull/10805,OPEN,2024-10-21T22:52:06Z,Y,Y,Built,1.20.0,2.azl3,1,1,gstreamer1-1.24.10-1.fc41.src.rpm,Default Initialized,Default Initialized,1.24.10,1.fc41,EXISTS_IN_EXT,1.20.0,N,0,Kevin,https://github.com/microsoft/azurelinux/pull/10805,NA,NA,https://github.com/kevin-b-lockwood/azurelinux.git,kevin-b-lockwood/gstreamer1-1.24.8-1
gstreamer1-plugins-base,NA,P1,Kevin,10828,https://github.com/microsoft/azurelinux/pull/10828,OPEN,2024-10-23T23:40:03Z,Y,Y,Built,1.20.0,2.azl3,1,1,gstreamer1-plugins-base-1.24.10-1.fc41.src.rpm,Default Initialized,Default Initialized,1.24.10,1.fc41,EXISTS_IN_EXT,1.20.0,N,0,Kevin,https://github.com/microsoft/azurelinux/pull/10828,NA,NA,https://github.com/kevin-b-lockwood/azurelinux.git,kevin-b-lockwood/gstreamer1-plugins-base-1.24.8-1
gtk-vnc,NA,P1,Kevin,10838,https://github.com/microsoft/azurelinux/pull/10838,OPEN,2024-10-24T20:09:01Z,Y,Y,Failed,1.3.0,3.azl3,1,1,gtk-vnc-1.3.1-6.fc41.src.rpm,Default Initialized,Default Initialized,1.3.1,6.fc41,EXISTS_IN_EXT,1.3.0,N,0,Kevin,https://github.com/microsoft/azurelinux/pull/10838,NA,NA,https://github.com/kevin-b-lockwood/azurelinux.git,kevin-b-lockwood/gtk-vnc-1.3.1-1
gtkspell,NA,P1,Kevin,NA,NA,NA,NA,N,N,Built,2.0.16,23.azl3,1,1,gtkspell-2.0.16-31.fc41.src.rpm,Default Initialized,Default Initialized,2.0.16,31.fc41,EXISTS_IN_EXT,2.0.16,Y,1,Kevin,NA,NA,NA,NA,NA
guava20,NA,CP_batch1,Kevin,12280,https://github.com/microsoft/azurelinux/pull/12280,MERGED,2025-02-11T00:58:26Z,Revisit No Dnld Ver,Revisit No Dnld Ver,Failed,20.0,5.azl3,0,0,Default Initialized,Default Initialized,Default Initialized,Not Found,Not Found,EXISTS_IN_EXT,20.0,N,0,Kevin,NA,NA,NA,https://github.com/kevin-b-lockwood/azurelinux.git,kevin-b-lockwood/guava20-remove
gupnp,NA,P1,Kevin,10839,https://github.com/microsoft/azurelinux/pull/10839,OPEN,2024-10-24T21:36:10Z,Y,Y,Failed,1.6.3,3.azl3,1,1,gupnp-1.6.7-1.fc41.src.rpm,Default Initialized,Default Initialized,1.6.7,1.fc41,EXISTS_IN_EXT,1.6.3,N,0,Kevin,NA,NA,NA,https://github.com/kevin-b-lockwood/azurelinux.git,kevin-b-lockwood/gupnp-1.6.7-1
gupnp-av,NA,P1,Kevin,10841,https://github.com/microsoft/azurelinux/pull/10841,OPEN,2024-10-24T23:14:41Z,Y,Y,Built,0.12.11,4.azl3,1,1,gupnp-av-0.14.1-7.fc41.src.rpm,Default Initialized,Default Initialized,0.14.1,7.fc41,EXISTS_IN_EXT,0.12.11,Y,1,Kevin,NA,NA,NA,https://github.com/kevin-b-lockwood/azurelinux.git,kevin-b-lockwood/gupnp-av-0.14.1-1
gupnp-dlna,NA,P1,Kevin,NA,NA,NA,NA,N,N,Failed,0.12.0,4.azl3,1,1,gupnp-dlna-0.12.0-8.fc41.src.rpm,Default Initialized,Default Initialized,0.12.0,8.fc41,EXISTS_IN_EXT,0.12.0,N,0,Kevin,NA,NA,NA,NA,NA
gupnp-igd,NA,P1,Kevin,10853,https://github.com/microsoft/azurelinux/pull/10853,OPEN,2024-10-25T23:12:42Z,Y,Y,Failed,1.2.0,7.azl3,1,1,gupnp-igd-1.6.0-5.fc41.src.rpm,Default Initialized,Default Initialized,1.6.0,5.fc41,EXISTS_IN_EXT,1.2.0,N,0,Kevin,NA,NA,NA,https://github.com/kevin-b-lockwood/azurelinux.git,kevin-b-lockwood/gupnp-igd-1.6.0-1
hawtjni-runtime,hawtjni,P1,Kevin,NA,NA,NA,NA,Y,Y,Failed,1.17,2.azl3,1,1,hawtjni-1.18-13.fc41.src.rpm,Default Initialized,Default Initialized,1.18,13.fc41,EXISTS_IN_EXT,1.17,N,0,Kevin,NA,NA,NA,NA,NA
hdf,NA,CP_batch1,Kevin,10864,https://github.com/microsoft/azurelinux/pull/10864,MERGED,2024-10-28T23:40:00Z,Y,Y,Built,4.2.15,13.azl3,1,1,hdf-4.2.16.2-2.fc41.src.rpm,Default Initialized,Default Initialized,4.2.16.2,2.fc41,EXISTS_IN_EXT,4.2.15,N,0,Kevin,https://github.com/microsoft/azurelinux/pull/10864,NA,NA,https://github.com/kevin-b-lockwood/azurelinux.git,kevin-b-lockwood/hdf-4.3.0-1
highlight,NA,P1,Kevin,11316,https://github.com/microsoft/azurelinux/pull/11316,OPEN,2024-12-04T23:11:14Z,Y,Y,Failed,3.54,3.azl3,1,1,highlight-4.13-1.fc41.src.rpm,Default Initialized,Default Initialized,4.13,1.fc41,EXISTS_IN_EXT,3.54,N,0,Kevin,https://github.com/microsoft/azurelinux/pull/11316,NA,NA,https://github.com/kevin-b-lockwood/azurelinux.git,kevin-b-lockwood/highlight-4.15-1
hping3,NA,P1,Kevin,NA,NA,NA,NA,N,N,Built,0.0.20051105,41.azl3,1,1,hping3-0.0.20051105-45.fc41.src.rpm,Default Initialized,Default Initialized,0.0.20051105,45.fc41,EXISTS_IN_EXT,0.0.20051105,Y,1,Kevin,NA,NA,NA,NA,NA
hsakmt,NA,P1,Kevin,NA,NA,NA,NA,N,N,Built,1.0.6,11.azl3,1,1,hsakmt-1.0.6-46.rocm6.2.1.fc41.src.rpm,Default Initialized,Default Initialized,1.0.6,46.rocm6.2.1.fc41,EXISTS_IN_EXT,1.0.6,N,0,Kevin,NA,NA,NA,NA,NA
httpcomponents-core,NA,P1,Kevin,NA,NA,NA,NA,Y,Y,Failed,4.4.13,2.azl3,1,1,httpcomponents-core-4.4.16-9.fc41.src.rpm,Default Initialized,Default Initialized,4.4.16,9.fc41,EXISTS_IN_EXT,4.4.13,N,0,Kevin,NA,NA,NA,NA,NA
hunspell-af,NA,P1,Neeraj,NA,NA,NA,NA,N,N,Built,0.20080825,21.azl3,1,1,hunspell-af-0.20080825-32.fc41.src.rpm,Default Initialized,Default Initialized,0.20080825,32.fc41,EXISTS_IN_EXT,0.20080825,Y,1,Neeraj,NA,NA,NA,NA,NA
hunspell-ar,NA,P1,Neeraj,NA,NA,NA,NA,N,N,Built,3.5,12.azl3,1,1,hunspell-ar-3.5-23.fc41.src.rpm,Default Initialized,Default Initialized,3.5,23.fc41,EXISTS_IN_EXT,3.5,Y,1,Neeraj,NOT_FOUND,NA,NA,NA,NA
hunspell-as,NA,P1,Neeraj,NA,NA,NA,NA,N,N,Built,1.0.3,22.azl3,1,1,hunspell-as-1.0.3-33.fc41.src.rpm,Default Initialized,Default Initialized,1.0.3,33.fc41,EXISTS_IN_EXT,1.0.3,Y,1,Neeraj,NOT_FOUND,NA,NA,NA,NA
hunspell-ast,NA,P1,Neeraj,NA,NA,NA,NA,N,N,Built,2.0,5.azl3,1,1,hunspell-ast-2.0-15.fc41.src.rpm,Default Initialized,Default Initialized,2.0,15.fc41,EXISTS_IN_EXT,2.0,Y,1,Neeraj,NOT_FOUND,NA,NA,NA,NA
hunspell-az,NA,P0,Akarsh,11588,https://github.com/microsoft/azurelinux/pull/11588,OPEN,2024-12-20T09:02:48Z,Y,Y,Built,0.20040827,23.azl3,1,1,hunspell-az-0.20180807-5.fc41.src.rpm,Default Initialized,Default Initialized,0.20180807,5.fc41,EXISTS_IN_EXT,0.20040827,Y,1,Akarsh,https://github.com/microsoft/azurelinux/pull/11588,NA,NA,https://github.com/AkarshHCL/azurelinux.git,topic_hunspell-az
hunspell-be,NA,P1,Neeraj,NA,NA,NA,NA,N,N,Built,1.1,20.azl3,1,1,hunspell-be-1.1-31.fc41.src.rpm,Default Initialized,Default Initialized,1.1,31.fc41,EXISTS_IN_EXT,1.1,Y,1,Neeraj,NOT_FOUND,NA,NA,NA,NA
hunspell-bg,NA,P1,Neeraj,NA,NA,NA,NA,N,N,Built,4.3,19.azl3,1,1,hunspell-bg-4.3-30.fc41.src.rpm,Default Initialized,Default Initialized,4.3,30.fc41,EXISTS_IN_EXT,4.3,Y,1,Neeraj,NOT_FOUND,NA,NA,NA,NA
hunspell-bn,NA,P1,Neeraj,NA,NA,NA,NA,N,N,Built,1.0.0,15.azl3,1,1,hunspell-bn-1.0.0-26.fc41.src.rpm,Default Initialized,Default Initialized,1.0.0,26.fc41,EXISTS_IN_EXT,1.0.0,Y,1,Neeraj,NOT_FOUND,NA,NA,NA,NA
hunspell-br,NA,P1,Neeraj,NA,NA,NA,NA,N,N,Built,0.15,7.azl3,1,1,hunspell-br-0.15-17.fc41.src.rpm,Default Initialized,Default Initialized,0.15,17.fc41,EXISTS_IN_EXT,0.15,Y,1,Neeraj,NOT_FOUND,NA,NA,NA,NA
hunspell-ca,NA,P0,Akarsh,NA,NA,NA,NA,Y,Y,Built,2.3,16.azl3,1,1,hunspell-ca-3.0.8-4.fc41.src.rpm,Default Initialized,Default Initialized,3.0.8,4.fc41,EXISTS_IN_EXT,2.3,Y,1,Akarsh,NOT_FOUND,NA,NA,NA,NA
hunspell-cop,NA,P1,Neeraj,NA,NA,NA,NA,N,N,Built,0.3,18.azl3,1,1,hunspell-cop-0.3-29.fc41.src.rpm,Default Initialized,Default Initialized,0.3,29.fc41,EXISTS_IN_EXT,0.3,Y,1,Neeraj,NOT_FOUND,NA,NA,NA,NA
hunspell-csb,NA,P0,Akarsh,11590,https://github.com/microsoft/azurelinux/pull/11590,OPEN,2024-12-20T09:48:17Z,Y,Y,Built,0.20050311,22.azl3,1,1,hunspell-csb-0.20190319-5.fc41.src.rpm,Default Initialized,Default Initialized,0.20190319,5.fc41,EXISTS_IN_EXT,0.20050311,Y,1,Akarsh,https://github.com/microsoft/azurelinux/pull/11590,NA,NA,https://github.com/AkarshHCL/azurelinux.git,topic_hunspell-csb
hunspell-cv,NA,P1,Neeraj,NA,NA,NA,NA,N,N,Built,1.06,6.azl3,1,1,hunspell-cv-1.06-17.fc41.src.rpm,Default Initialized,Default Initialized,1.06,17.fc41,EXISTS_IN_EXT,1.06,Y,1,Neeraj,NOT_FOUND,NA,NA,NA,NA
hunspell-cy,NA,P1,Neeraj,NA,NA,NA,NA,N,N,Built,0.20040425,23.azl3,1,1,hunspell-cy-0.20040425-34.fc41.src.rpm,Default Initialized,Default Initialized,0.20040425,34.fc41,EXISTS_IN_EXT,0.20040425,Y,1,Neeraj,NOT_FOUND,NA,NA,NA,NA
hunspell-da,NA,P1,Neeraj,NA,NA,NA,NA,N,N,Built,1.7.42,14.azl3,1,1,hunspell-da-1.7.42-25.fc41.src.rpm,Default Initialized,Default Initialized,1.7.42,25.fc41,EXISTS_IN_EXT,1.7.42,Y,1,Neeraj,NOT_FOUND,NA,NA,NA,NA
hunspell-de,NA,P0,Akarsh,NA,NA,NA,NA,Revisit Ver Compare,Revisit Ver Compare,Built,0.20161207,6.azl3,1,1,hunspell-de-20240224-2.fc41.src.rpm,Default Initialized,Default Initialized,20240224,2.fc41,EXISTS_IN_EXT,0.20161207,Y,1,Akarsh,NOT_FOUND,NA,NA,NA,NA
hunspell-dsb,NA,P1,Neeraj,NA,NA,NA,NA,N,N,Built,1.4.8,6.azl3,1,1,hunspell-dsb-1.4.8-18.fc41.src.rpm,Default Initialized,Default Initialized,1.4.8,18.fc41,EXISTS_IN_EXT,1.4.8,Y,1,Neeraj,NOT_FOUND,NA,NA,NA,NA
hunspell-el,NA,P1,Neeraj,NA,NA,NA,NA,N,N,Built,0.9,7.azl3,1,1,hunspell-el-0.9-17.fc41.src.rpm,Default Initialized,Default Initialized,0.9,17.fc41,EXISTS_IN_EXT,0.9,Y,1,Neeraj,NOT_FOUND,NA,NA,NA,NA
hunspell-eo,NA,P1,Neeraj,NA,NA,NA,NA,N,N,Built,0.20100218,6.azl3,1,1,hunspell-eo-0.20100218-16.fc41.src.rpm,Default Initialized,Default Initialized,0.20100218,16.fc41,EXISTS_IN_EXT,0.20100218,Y,1,Neeraj,NOT_FOUND,NA,NA,NA,NA
hunspell-es,NA,P0,Akarsh,NA,NA,NA,NA,Y,Y,Built,2.3,8.azl3,1,1,hunspell-es-2.8-4.fc41.src.rpm,Default Initialized,Default Initialized,2.8,4.fc41,EXISTS_IN_EXT,2.3,Y,1,Akarsh,NOT_FOUND,NA,NA,NA,NA
hunspell-et,NA,P1,Neeraj,NA,NA,NA,NA,N,N,Built,0.20030606,24.azl3,1,1,hunspell-et-0.20030606-35.fc41.src.rpm,Default Initialized,Default Initialized,0.20030606,35.fc41,EXISTS_IN_EXT,0.20030606,Y,1,Neeraj,NOT_FOUND,NA,NA,NA,NA
hunspell-eu,NA,P0,Akarsh,11707,https://github.com/microsoft/azurelinux/pull/11707,OPEN,2024-12-24T10:19:01Z,Y,Y,Built,0.20080507,20.azl3,1,1,hunspell-eu-5.1-12.fc41.src.rpm,Default Initialized,Default Initialized,5.1,12.fc41,EXISTS_IN_EXT,0.20080507,Y,1,Akarsh,https://github.com/microsoft/azurelinux/pull/11707,NA,NA,https://github.com/AkarshHCL/azurelinux.git,topic_hunspell-eu
hunspell-fa,NA,P1,Neeraj,NA,NA,NA,NA,N,N,Built,0.20070116,23.azl3,1,1,hunspell-fa-0.20070116-35.fc41.src.rpm,Default Initialized,Default Initialized,0.20070116,35.fc41,EXISTS_IN_EXT,0.20070116,Y,1,Neeraj,NOT_FOUND,NA,NA,NA,NA
hunspell-fj,NA,P1,Neeraj,NA,NA,NA,NA,N,N,Built,1.2,20.azl3,1,1,hunspell-fj-1.2-31.fc41.src.rpm,Default Initialized,Default Initialized,1.2,31.fc41,EXISTS_IN_EXT,1.2,Y,1,Neeraj,NOT_FOUND,NA,NA,NA,NA
hunspell-fo,NA,P1,Neeraj,NA,NA,NA,NA,N,N,Built,0.4.2,13.azl3,1,1,hunspell-fo-0.4.2-24.fc41.src.rpm,Default Initialized,Default Initialized,0.4.2,24.fc41,EXISTS_IN_EXT,0.4.2,Y,1,Neeraj,NOT_FOUND,NA,NA,NA,NA
hunspell-fr,NA,P1,Neeraj,NA,NA,NA,NA,N,N,Built,6.2,6.azl3,1,1,hunspell-fr-6.2-17.fc41.src.rpm,Default Initialized,Default Initialized,6.2,17.fc41,EXISTS_IN_EXT,6.2,Y,1,Neeraj,NOT_FOUND,NA,NA,NA,NA
hunspell-fur,NA,P1,Neeraj,NA,NA,NA,NA,N,N,Built,0.20050912,21.azl3,1,1,hunspell-fur-0.20050912-32.fc41.src.rpm,Default Initialized,Default Initialized,0.20050912,32.fc41,EXISTS_IN_EXT,0.20050912,Y,1,Neeraj,NOT_FOUND,NA,NA,NA,NA
hunspell-fy,NA,P1,Neeraj,NA,NA,NA,NA,N,N,Built,3.0.0,6.azl3,1,1,hunspell-fy-3.0.0-18.fc41.src.rpm,Default Initialized,Default Initialized,3.0.0,18.fc41,EXISTS_IN_EXT,3.0.0,Y,1,Neeraj,NOT_FOUND,NA,NA,NA,NA
hunspell-ga,NA,P0,Akarsh,11705,https://github.com/microsoft/azurelinux/pull/11705,OPEN,2024-12-24T07:15:56Z,Y,Y,Built,5.0,7.azl3,1,1,hunspell-ga-5.1-6.fc41.src.rpm,Default Initialized,Default Initialized,5.1,6.fc41,EXISTS_IN_EXT,5.0,Y,1,Akarsh,https://github.com/microsoft/azurelinux/pull/11705,NA,NA,https://github.com/AkarshHCL/azurelinux.git,topic_hunspell-ga
hunspell-gd,NA,P1,Neeraj,NA,NA,NA,NA,N,N,Built,2.6,15.azl3,1,1,hunspell-gd-2.6-26.fc41.src.rpm,Default Initialized,Default Initialized,2.6,26.fc41,EXISTS_IN_EXT,2.6,Y,1,Neeraj,NOT_FOUND,NA,NA,NA,NA
hunspell-gl,NA,P1,Neeraj,NA,NA,NA,NA,N,N,Built,0.20080515,21.azl3,1,1,hunspell-gl-0.20080515-33.fc41.src.rpm,Default Initialized,Default Initialized,0.20080515,33.fc41,EXISTS_IN_EXT,0.20080515,Y,1,Neeraj,NOT_FOUND,NA,NA,NA,NA
hunspell-grc,NA,P1,Neeraj,NA,NA,NA,NA,N,N,Built,2.1.5,21.azl3,1,1,hunspell-grc-2.1.5-32.fc41.src.rpm,Default Initialized,Default Initialized,2.1.5,32.fc41,EXISTS_IN_EXT,2.1.5,Y,1,Neeraj,NOT_FOUND,NA,NA,NA,NA
hunspell-gu,NA,P1,Neeraj,NA,NA,NA,NA,N,N,Built,1.0.0,15.azl3,1,1,hunspell-gu-1.0.0-25.fc41.src.rpm,Default Initialized,Default Initialized,1.0.0,25.fc41,EXISTS_IN_EXT,1.0.0,Y,1,Neeraj,NOT_FOUND,NA,NA,NA,NA
hunspell-gv,NA,P1,Neeraj,NA,NA,NA,NA,N,N,Built,0.20040505,22.azl3,1,1,hunspell-gv-0.20040505-34.fc41.src.rpm,Default Initialized,Default Initialized,0.20040505,34.fc41,EXISTS_IN_EXT,0.20040505,Y,1,Neeraj,NOT_FOUND,NA,NA,NA,NA
hunspell-haw,NA,P1,Neeraj,NA,NA,NA,NA,N,N,Built,0.03,6.azl3,1,1,hunspell-haw-0.03-17.fc41.src.rpm,Default Initialized,Default Initialized,0.03,17.fc41,EXISTS_IN_EXT,0.03,Y,1,Neeraj,NOT_FOUND,NA,NA,NA,NA
hunspell-hi,NA,P1,Neeraj,NA,NA,NA,NA,N,N,Built,1.0.0,15.azl3,1,1,hunspell-hi-1.0.0-25.fc41.src.rpm,Default Initialized,Default Initialized,1.0.0,25.fc41,EXISTS_IN_EXT,1.0.0,Y,1,Neeraj,NOT_FOUND,NA,NA,NA,NA
hunspell-hil,NA,P1,Neeraj,NA,NA,NA,NA,N,N,Built,0.14,20.azl3,1,1,hunspell-hil-0.14-30.fc41.src.rpm,Default Initialized,Default Initialized,0.14,30.fc41,EXISTS_IN_EXT,0.14,Y,1,Neeraj,NOT_FOUND,NA,NA,NA,NA
hunspell-hr,NA,P1,Neeraj,NA,NA,NA,NA,N,N,Built,0.20040608,23.azl3,1,1,hunspell-hr-0.20040608-33.fc41.src.rpm,Default Initialized,Default Initialized,0.20040608,33.fc41,EXISTS_IN_EXT,0.20040608,Y,1,Neeraj,NOT_FOUND,NA,NA,NA,NA
hunspell-hsb,NA,P1,Neeraj,NA,NA,NA,NA,N,N,Built,0.20060327.3,17.azl3,1,1,hunspell-hsb-0.20060327.3-28.fc41.src.rpm,Default Initialized,Default Initialized,0.20060327.3,28.fc41,EXISTS_IN_EXT,0.20060327.3,Y,1,Neeraj,NOT_FOUND,NA,NA,NA,NA
hunspell-ht,NA,P1,Neeraj,NA,NA,NA,NA,N,N,Built,0.06,18.azl3,1,1,hunspell-ht-0.06-29.fc41.src.rpm,Default Initialized,Default Initialized,0.06,29.fc41,EXISTS_IN_EXT,0.06,Y,1,Neeraj,NOT_FOUND,NA,NA,NA,NA
hunspell-hu,NA,P1,Neeraj,NA,NA,NA,NA,N,N,Built,1.6.1,18.azl3,1,1,hunspell-hu-1.6.1-29.fc41.src.rpm,Default Initialized,Default Initialized,1.6.1,29.fc41,EXISTS_IN_EXT,1.6.1,Y,1,Neeraj,NOT_FOUND,NA,NA,NA,NA
hunspell-hy,NA,P1,Neeraj,NA,NA,NA,NA,N,N,Built,0.20.0,18.azl3,1,1,hunspell-hy-0.20.0-29.fc41.src.rpm,Default Initialized,Default Initialized,0.20.0,29.fc41,EXISTS_IN_EXT,0.20.0,Y,1,Neeraj,NOT_FOUND,NA,NA,NA,NA
hunspell-ia,NA,P1,Neeraj,NA,NA,NA,NA,N,N,Built,0.20050226,21.azl3,1,1,hunspell-ia-0.20050226-32.fc41.src.rpm,Default Initialized,Default Initialized,0.20050226,32.fc41,EXISTS_IN_EXT,0.20050226,Y,1,Neeraj,NOT_FOUND,NA,NA,NA,NA
hunspell-id,NA,P1,Neeraj,NA,NA,NA,NA,N,N,Built,0.20040812,21.azl3,1,1,hunspell-id-0.20040812-32.fc41.src.rpm,Default Initialized,Default Initialized,0.20040812,32.fc41,EXISTS_IN_EXT,0.20040812,Y,1,Neeraj,NOT_FOUND,NA,NA,NA,NA
hunspell-is,NA,P1,Neeraj,NA,NA,NA,NA,N,N,Built,0.20090823,19.azl3,1,1,hunspell-is-0.20090823-30.fc41.src.rpm,Default Initialized,Default Initialized,0.20090823,30.fc41,EXISTS_IN_EXT,0.20090823,Y,1,Neeraj,NOT_FOUND,NA,NA,NA,NA
hunspell-it,NA,P0,Akarsh,11701,https://github.com/microsoft/azurelinux/pull/11701,OPEN,2024-12-24T05:51:04Z,Y,Y,Built,2.4,1.azl3,1,1,hunspell-it-5.1.1-5.fc41.src.rpm,Default Initialized,Default Initialized,5.1.1,5.fc41,EXISTS_IN_EXT,2.4,Y,1,Akarsh,https://github.com/microsoft/azurelinux/pull/11701,NA,NA,https://github.com/AkarshHCL/azurelinux.git,topic_hunspell-it
hunspell-kk,NA,P1,Neeraj,NA,NA,NA,NA,N,N,Built,1.1,19.azl3,1,1,hunspell-kk-1.1-30.fc41.src.rpm,Default Initialized,Default Initialized,1.1,30.fc41,EXISTS_IN_EXT,1.1,Y,1,Neeraj,NOT_FOUND,NA,NA,NA,NA
hunspell-km,NA,P1,Neeraj,NA,NA,NA,NA,N,N,Built,1.82,6.azl3,1,1,hunspell-km-1.82-17.fc41.src.rpm,Default Initialized,Default Initialized,1.82,17.fc41,EXISTS_IN_EXT,1.82,Y,1,Neeraj,NOT_FOUND,NA,NA,NA,NA
hunspell-kn,NA,P1,Neeraj,NA,NA,NA,NA,N,N,Built,1.0.3,20.azl3,1,1,hunspell-kn-1.0.3-32.fc41.src.rpm,Default Initialized,Default Initialized,1.0.3,32.fc41,EXISTS_IN_EXT,1.0.3,Y,1,Neeraj,NOT_FOUND,NA,NA,NA,NA
hunspell-ko,NA,P1,Neeraj,NA,NA,NA,NA,N,N,Built,0.7.0,9.azl3,1,1,hunspell-ko-0.7.0-20.fc41.src.rpm,Default Initialized,Default Initialized,0.7.0,20.fc41,EXISTS_IN_EXT,0.7.0,Y,1,Neeraj,NOT_FOUND,NA,NA,NA,NA
hunspell-ku,NA,P1,Neeraj,NA,NA,NA,NA,N,N,Built,0.21,23.azl3,1,1,hunspell-ku-0.21-34.fc41.src.rpm,Default Initialized,Default Initialized,0.21,34.fc41,EXISTS_IN_EXT,0.21,Y,1,Neeraj,NOT_FOUND,NA,NA,NA,NA
hunspell-ky,NA,P1,Neeraj,NA,NA,NA,NA,N,N,Built,0.20090415,21.azl3,1,1,hunspell-ky-0.20090415-33.fc41.src.rpm,Default Initialized,Default Initialized,0.20090415,33.fc41,EXISTS_IN_EXT,0.20090415,Y,1,Neeraj,NOT_FOUND,NA,NA,NA,NA
hunspell-la,NA,P1,Neeraj,NA,NA,NA,NA,N,N,Built,0.20130331,16.azl3,1,1,hunspell-la-0.20130331-27.fc41.src.rpm,Default Initialized,Default Initialized,0.20130331,27.fc41,EXISTS_IN_EXT,0.20130331,Y,1,Neeraj,NOT_FOUND,NA,NA,NA,NA
hunspell-lb,NA,P1,Neeraj,NA,NA,NA,NA,N,N,Built,0.20121128,14.azl3,1,1,hunspell-lb-0.20121128-25.fc41.src.rpm,Default Initialized,Default Initialized,0.20121128,25.fc41,EXISTS_IN_EXT,0.20121128,Y,1,Neeraj,NOT_FOUND,NA,NA,NA,NA
hunspell-ln,NA,P1,Neeraj,NA,NA,NA,NA,N,N,Built,0.02,19.azl3,1,1,hunspell-ln-0.02-30.fc41.src.rpm,Default Initialized,Default Initialized,0.02,30.fc41,EXISTS_IN_EXT,0.02,Y,1,Neeraj,NOT_FOUND,NA,NA,NA,NA
hunspell-mai,NA,P1,Neeraj,NA,NA,NA,NA,N,N,Built,1.0.1,20.azl3,1,1,hunspell-mai-1.0.1-31.fc41.src.rpm,Default Initialized,Default Initialized,1.0.1,31.fc41,EXISTS_IN_EXT,1.0.1,Y,1,Neeraj,NOT_FOUND,NA,NA,NA,NA
hunspell-mg,NA,P1,Neeraj,NA,NA,NA,NA,N,N,Built,0.20050109,23.azl3,1,1,hunspell-mg-0.20050109-34.fc41.src.rpm,Default Initialized,Default Initialized,0.20050109,34.fc41,EXISTS_IN_EXT,0.20050109,Y,1,Neeraj,NOT_FOUND,NA,NA,NA,NA
hunspell-mi,NA,P1,Neeraj,NA,NA,NA,NA,N,N,Built,0.20080630,21.azl3,1,1,hunspell-mi-0.20080630-32.fc41.src.rpm,Default Initialized,Default Initialized,0.20080630,32.fc41,EXISTS_IN_EXT,0.20080630,Y,1,Neeraj,NOT_FOUND,NA,NA,NA,NA
hunspell-mk,NA,P1,Neeraj,NA,NA,NA,NA,N,N,Built,0.20051126,22.azl3,1,1,hunspell-mk-0.20051126-33.fc41.src.rpm,Default Initialized,Default Initialized,0.20051126,33.fc41,EXISTS_IN_EXT,0.20051126,Y,1,Neeraj,NOT_FOUND,NA,NA,NA,NA
hunspell-ml,NA,P1,Neeraj,NA,NA,NA,NA,N,N,Built,0.1,23.azl3,1,1,hunspell-ml-0.1-34.fc41.src.rpm,Default Initialized,Default Initialized,0.1,34.fc41,EXISTS_IN_EXT,0.1,Y,1,Neeraj,NOT_FOUND,NA,NA,NA,NA
hunspell-mn,NA,P1,Neeraj,NA,NA,NA,NA,N,N,Built,0.20080709,21.azl3,1,1,hunspell-mn-0.20080709-32.fc41.src.rpm,Default Initialized,Default Initialized,0.20080709,32.fc41,EXISTS_IN_EXT,0.20080709,Y,1,Neeraj,NOT_FOUND,NA,NA,NA,NA
hunspell-mos,NA,P1,Neeraj,NA,NA,NA,NA,N,N,Built,0.20101130,18.azl3,1,1,hunspell-mos-0.20101130-29.fc41.src.rpm,Default Initialized,Default Initialized,0.20101130,29.fc41,EXISTS_IN_EXT,0.20101130,Y,1,Neeraj,NOT_FOUND,NA,NA,NA,NA
hunspell-mr,NA,P0,Akarsh,11703,https://github.com/microsoft/azurelinux/pull/11703,OPEN,2024-12-24T06:06:25Z,Y,Y,Built,1.0.0,15.azl3,1,1,hunspell-mr-14.01webext-1.fc41.src.rpm,Default Initialized,Default Initialized,14.01webext,1.fc41,EXISTS_IN_EXT,1.0.0,Y,1,Akarsh,https://github.com/microsoft/azurelinux/pull/11703,NA,NA,https://github.com/AkarshHCL/azurelinux.git,topic_hunspell-mr
hunspell-ms,NA,P1,Neeraj,NA,NA,NA,NA,N,N,Built,0.20050117,22.azl3,1,1,hunspell-ms-0.20050117-33.fc41.src.rpm,Default Initialized,Default Initialized,0.20050117,33.fc41,EXISTS_IN_EXT,0.20050117,Y,1,Neeraj,NOT_FOUND,NA,NA,NA,NA
hunspell-mt,NA,P1,Neeraj,NA,NA,NA,NA,N,N,Built,0.20110414,6.azl3,1,1,hunspell-mt-0.20110414-17.fc41.src.rpm,Default Initialized,Default Initialized,0.20110414,17.fc41,EXISTS_IN_EXT,0.20110414,Y,1,Neeraj,NOT_FOUND,NA,NA,NA,NA
hunspell-nds,NA,P1,Neeraj,NA,NA,NA,NA,N,N,Built,0.1,20.azl3,1,1,hunspell-nds-0.1-31.fc41.src.rpm,Default Initialized,Default Initialized,0.1,31.fc41,EXISTS_IN_EXT,0.1,Y,1,Neeraj,NOT_FOUND,NA,NA,NA,NA
hunspell-ne,NA,P1,Neeraj,NA,NA,NA,NA,N,N,Built,20080425,22.azl3,1,1,hunspell-ne-20080425-33.fc41.src.rpm,Default Initialized,Default Initialized,20080425,33.fc41,EXISTS_IN_EXT,20080425,Y,1,Neeraj,NOT_FOUND,NA,NA,NA,NA
hunspell-nl,NA,P0,Akarsh,11687,https://github.com/microsoft/azurelinux/pull/11687,MERGED,2024-12-23T18:34:25Z,Y,Y,Built,2.10,17.azl3,1,1,hunspell-nl-2.20.19-13.fc41.src.rpm,Default Initialized,Default Initialized,2.20.19,13.fc41,EXISTS_IN_EXT,2.10,Y,1,Akarsh,https://github.com/microsoft/azurelinux/pull/11687,NA,NA,https://github.com/AkarshHCL/azurelinux.git,topic_hunspell-nl
hunspell-no,NA,P1,Neeraj,NA,NA,NA,NA,N,N,Built,2.0.10,13.azl3,1,1,hunspell-no-2.0.10-24.fc41.src.rpm,Default Initialized,Default Initialized,2.0.10,24.fc41,EXISTS_IN_EXT,2.0.10,Y,1,Neeraj,NOT_FOUND,NA,NA,NA,NA
hunspell-nr,NA,P1,Neeraj,NA,NA,NA,NA,N,N,Built,0.20091030,19.azl3,1,1,hunspell-nr-0.20091030-30.fc41.src.rpm,Default Initialized,Default Initialized,0.20091030,30.fc41,EXISTS_IN_EXT,0.20091030,Y,1,Neeraj,NOT_FOUND,NA,NA,NA,NA
hunspell-nso,NA,P1,Neeraj,NA,NA,NA,NA,N,N,Built,0.20091201,19.azl3,1,1,hunspell-nso-0.20091201-30.fc41.src.rpm,Default Initialized,Default Initialized,0.20091201,30.fc41,EXISTS_IN_EXT,0.20091201,Y,1,Neeraj,NOT_FOUND,NA,NA,NA,NA
hunspell-ny,NA,P1,Neeraj,NA,NA,NA,NA,N,N,Built,0.01,19.azl3,1,1,hunspell-ny-0.01-29.fc41.src.rpm,Default Initialized,Default Initialized,0.01,29.fc41,EXISTS_IN_EXT,0.01,Y,1,Neeraj,NOT_FOUND,NA,NA,NA,NA
hunspell-om,NA,P1,Neeraj,NA,NA,NA,NA,N,N,Built,0.04,21.azl3,1,1,hunspell-om-0.04-31.fc41.src.rpm,Default Initialized,Default Initialized,0.04,31.fc41,EXISTS_IN_EXT,0.04,Y,1,Neeraj,NOT_FOUND,NA,NA,NA,NA
hunspell-or,NA,P1,Neeraj,NA,NA,NA,NA,N,N,Built,1.0.0,15.azl3,1,1,hunspell-or-1.0.0-26.fc41.src.rpm,Default Initialized,Default Initialized,1.0.0,26.fc41,EXISTS_IN_EXT,1.0.0,Y,1,Neeraj,NOT_FOUND,NA,NA,NA,NA
hunspell-pa,NA,P1,Neeraj,NA,NA,NA,NA,N,N,Built,1.0.0,15.azl3,1,1,hunspell-pa-1.0.0-26.fc41.src.rpm,Default Initialized,Default Initialized,1.0.0,26.fc41,EXISTS_IN_EXT,1.0.0,Y,1,Neeraj,NOT_FOUND,NA,NA,NA,NA
hunspell-pl,NA,P0,Akarsh,11685,https://github.com/microsoft/azurelinux/pull/11685,OPEN,2024-12-23T18:03:42Z,Y,Y,Built,0.20180707,6.azl3,1,1,hunspell-pl-0.20240901-1.fc41.src.rpm,Default Initialized,Default Initialized,0.20240901,1.fc41,EXISTS_IN_EXT,0.20180707,Y,1,Akarsh,https://github.com/microsoft/azurelinux/pull/11685,NA,NA,https://github.com/AkarshHCL/azurelinux.git,topic_huspell-pl
hunspell-pt,NA,P0,Akarsh,11684,https://github.com/microsoft/azurelinux/pull/11684,OPEN,2024-12-23T17:34:01Z,Y,Y,Built,0.20130125,15.azl3,1,1,hunspell-pt-0.20131030-13.fc41.src.rpm,Default Initialized,Default Initialized,0.20131030,13.fc41,EXISTS_IN_EXT,0.20130125,Y,1,Akarsh,https://github.com/microsoft/azurelinux/pull/11684,NA,NA,https://github.com/AkarshHCL/azurelinux.git,topic_hunspell-pt
hunspell-quh,NA,P1,Neeraj,NA,NA,NA,NA,N,N,Built,0.20110816,18.azl3,1,1,hunspell-quh-0.20110816-29.fc41.src.rpm,Default Initialized,Default Initialized,0.20110816,29.fc41,EXISTS_IN_EXT,0.20110816,Y,1,Neeraj,NOT_FOUND,NA,NA,NA,NA
hunspell-ro,NA,P0,Akarsh,11681,https://github.com/microsoft/azurelinux/pull/11681,OPEN,2024-12-23T14:16:31Z,Y,Y,Built,3.3.7,17.azl3,1,1,hunspell-ro-3.3.10-8.fc41.src.rpm,Default Initialized,Default Initialized,3.3.10,8.fc41,EXISTS_IN_EXT,3.3.7,Y,1,Akarsh,https://github.com/microsoft/azurelinux/pull/11681,NA,NA,https://github.com/AkarshHCL/azurelinux.git,topic_hunspell-ro
hunspell-ru,NA,P1,Neeraj,NA,NA,NA,NA,Revisit Ver Compare,Revisit Ver Compare,Built,0.99g5,19.azl3,1,1,hunspell-ru-0.99g5-29.fc41.src.rpm,Default Initialized,Default Initialized,0.99g5,29.fc41,EXISTS_IN_EXT,0.99g5,Y,1,Neeraj,NOT_FOUND,NA,NA,NA,NA
hunspell-rw,NA,P1,Neeraj,NA,NA,NA,NA,N,N,Built,0.20050109,21.azl3,1,1,hunspell-rw-0.20050109-32.fc41.src.rpm,Default Initialized,Default Initialized,0.20050109,32.fc41,EXISTS_IN_EXT,0.20050109,Y,1,Neeraj,NOT_FOUND,NA,NA,NA,NA
hunspell-se,NA,P1,Neeraj,NA,NA,NA,NA,N,N,Built,1.0,1.azl3,1,1,hunspell-se-1.0-0.30.beta7.fc41.src.rpm,Default Initialized,Default Initialized,1.0,0.30.beta7.fc41,EXISTS_IN_EXT,1.0,Y,1,Neeraj,NOT_FOUND,NA,NA,NA,NA
hunspell-shs,NA,P1,Neeraj,NA,NA,NA,NA,N,N,Built,0.20090828,18.azl3,1,1,hunspell-shs-0.20090828-29.fc41.src.rpm,Default Initialized,Default Initialized,0.20090828,29.fc41,EXISTS_IN_EXT,0.20090828,Y,1,Neeraj,NOT_FOUND,NA,NA,NA,NA
hunspell-si,NA,P1,Neeraj,NA,NA,NA,NA,N,N,Built,0.2.1,21.azl3,1,1,hunspell-si-0.2.1-33.fc41.src.rpm,Default Initialized,Default Initialized,0.2.1,33.fc41,EXISTS_IN_EXT,0.2.1,Y,1,Neeraj,NOT_FOUND,NA,NA,NA,NA
hunspell-sk,NA,P1,Neeraj,NA,NA,NA,NA,N,N,Built,0.20110228,18.azl3,1,1,hunspell-sk-0.20110228-28.fc41.src.rpm,Default Initialized,Default Initialized,0.20110228,28.fc41,EXISTS_IN_EXT,0.20110228,Y,1,Neeraj,NOT_FOUND,NA,NA,NA,NA
hunspell-sl,NA,P1,Neeraj,NA,NA,NA,NA,N,N,Built,0.20070127,23.azl3,1,1,hunspell-sl-0.20070127-34.fc41.src.rpm,Default Initialized,Default Initialized,0.20070127,34.fc41,EXISTS_IN_EXT,0.20070127,Y,1,Neeraj,NOT_FOUND,NA,NA,NA,NA
hunspell-smj,NA,P1,Neeraj,NA,NA,NA,NA,N,N,Built,1.0,1.azl3,1,1,hunspell-smj-1.0-0.30.beta7.fc41.src.rpm,Default Initialized,Default Initialized,1.0,0.30.beta7.fc41,EXISTS_IN_EXT,1.0,Y,1,Neeraj,NOT_FOUND,NA,NA,NA,NA
hunspell-so,NA,P1,Neeraj,NA,NA,NA,NA,N,N,Built,1.0.2,18.azl3,1,1,hunspell-so-1.0.2-29.fc41.src.rpm,Default Initialized,Default Initialized,1.0.2,29.fc41,EXISTS_IN_EXT,1.0.2,Y,1,Neeraj,NOT_FOUND,NA,NA,NA,NA
hunspell-sq,NA,P1,Neeraj,NA,NA,NA,NA,N,N,Built,1.6.4,17.azl3,1,1,hunspell-sq-1.6.4-28.fc41.src.rpm,Default Initialized,Default Initialized,1.6.4,28.fc41,EXISTS_IN_EXT,1.6.4,Y,1,Neeraj,NOT_FOUND,NA,NA,NA,NA
hunspell-sr,NA,P1,Neeraj,NA,NA,NA,NA,N,N,Built,0.20130330,15.azl3,1,1,hunspell-sr-0.20130330-26.fc41.src.rpm,Default Initialized,Default Initialized,0.20130330,26.fc41,EXISTS_IN_EXT,0.20130330,Y,1,Neeraj,NOT_FOUND,NA,NA,NA,NA
hunspell-sv,NA,P1,Neeraj,NA,NA,NA,NA,N,N,Built,2.28,13.azl3,1,1,hunspell-sv-2.28-24.fc41.src.rpm,Default Initialized,Default Initialized,2.28,24.fc41,EXISTS_IN_EXT,2.28,Y,1,Neeraj,NOT_FOUND,NA,NA,NA,NA
hunspell-sw,NA,P1,Neeraj,NA,NA,NA,NA,N,N,Built,0.20050819,22.azl3,1,1,hunspell-sw-0.20050819-33.fc41.src.rpm,Default Initialized,Default Initialized,0.20050819,33.fc41,EXISTS_IN_EXT,0.20050819,Y,1,Neeraj,NOT_FOUND,NA,NA,NA,NA
hunspell-ta,NA,P1,Neeraj,NA,NA,NA,NA,N,N,Built,1.0.0,15.azl3,1,1,hunspell-ta-1.0.0-25.fc41.src.rpm,Default Initialized,Default Initialized,1.0.0,25.fc41,EXISTS_IN_EXT,1.0.0,Y,1,Neeraj,NOT_FOUND,NA,NA,NA,NA
hunspell-te,NA,P1,Neeraj,NA,NA,NA,NA,N,N,Built,1.0.0,15.azl3,1,1,hunspell-te-1.0.0-25.fc41.src.rpm,Default Initialized,Default Initialized,1.0.0,25.fc41,EXISTS_IN_EXT,1.0.0,Y,1,Neeraj,NOT_FOUND,NA,NA,NA,NA
hunspell-tet,NA,P1,Neeraj,NA,NA,NA,NA,N,N,Built,0.20050108,23.azl3,1,1,hunspell-tet-0.20050108-34.fc41.src.rpm,Default Initialized,Default Initialized,0.20050108,34.fc41,EXISTS_IN_EXT,0.20050108,Y,1,Neeraj,NOT_FOUND,NA,NA,NA,NA
hunspell-th,NA,P1,Neeraj,NA,NA,NA,NA,N,N,Built,0.20061212,22.azl3,1,1,hunspell-th-0.20061212-33.fc41.src.rpm,Default Initialized,Default Initialized,0.20061212,33.fc41,EXISTS_IN_EXT,0.20061212,Y,1,Neeraj,NOT_FOUND,NA,NA,NA,NA
hunspell-tk,NA,P1,Neeraj,NA,NA,NA,NA,N,N,Built,0.02,18.azl3,1,1,hunspell-tk-0.02-28.fc41.src.rpm,Default Initialized,Default Initialized,0.02,28.fc41,EXISTS_IN_EXT,0.02,Y,1,Neeraj,NOT_FOUND,NA,NA,NA,NA
hunspell-tl,NA,P1,Neeraj,NA,NA,NA,NA,N,N,Built,0.20050109,22.azl3,1,1,hunspell-tl-0.20050109-33.fc41.src.rpm,Default Initialized,Default Initialized,0.20050109,33.fc41,EXISTS_IN_EXT,0.20050109,Y,1,Neeraj,NOT_FOUND,NA,NA,NA,NA
hunspell-tn,NA,P1,Neeraj,NA,NA,NA,NA,N,N,Built,0.20150904,6.azl3,1,1,hunspell-tn-0.20150904-17.fc41.src.rpm,Default Initialized,Default Initialized,0.20150904,17.fc41,EXISTS_IN_EXT,0.20150904,Y,1,Neeraj,NOT_FOUND,NA,NA,NA,NA
hunspell-tpi,NA,P1,Neeraj,NA,NA,NA,NA,N,N,Built,0.07,15.azl3,1,1,hunspell-tpi-0.07-26.fc41.src.rpm,Default Initialized,Default Initialized,0.07,26.fc41,EXISTS_IN_EXT,0.07,Y,1,Neeraj,NOT_FOUND,NA,NA,NA,NA
hunspell-ts,NA,P1,Neeraj,NA,NA,NA,NA,N,N,Built,0.20110323.1,6.azl3,1,1,hunspell-ts-0.20110323.1-17.fc41.src.rpm,Default Initialized,Default Initialized,0.20110323.1,17.fc41,EXISTS_IN_EXT,0.20110323.1,Y,1,Neeraj,NOT_FOUND,NA,NA,NA,NA
hunspell-uk,NA,P1,Neeraj,NA,NA,NA,NA,N,N,Built,1.8.0,6.azl3,1,1,hunspell-uk-1.8.0-17.fc41.src.rpm,Default Initialized,Default Initialized,1.8.0,17.fc41,EXISTS_IN_EXT,1.8.0,Y,1,Neeraj,NOT_FOUND,NA,NA,NA,NA
hunspell-uz,NA,P1,Neeraj,NA,NA,NA,NA,N,N,Built,0.6,21.azl3,1,1,hunspell-uz-0.6-32.fc41.src.rpm,Default Initialized,Default Initialized,0.6,32.fc41,EXISTS_IN_EXT,0.6,Y,1,Neeraj,NOT_FOUND,NA,NA,NA,NA
hunspell-ve,NA,P1,Neeraj,NA,NA,NA,NA,N,N,Built,0.20091030,19.azl3,1,1,hunspell-ve-0.20091030-30.fc41.src.rpm,Default Initialized,Default Initialized,0.20091030,30.fc41,EXISTS_IN_EXT,0.20091030,Y,1,Neeraj,NOT_FOUND,NA,NA,NA,NA
hunspell-vi,NA,P1,Neeraj,NA,NA,NA,NA,N,N,Built,0.20120418,6.azl3,1,1,hunspell-vi-0.20120418-17.fc41.src.rpm,Default Initialized,Default Initialized,0.20120418,17.fc41,EXISTS_IN_EXT,0.20120418,Y,1,Neeraj,NOT_FOUND,NA,NA,NA,NA
hunspell-wa,NA,P1,Neeraj,NA,NA,NA,NA,N,N,Built,0.4.17,14.azl3,1,1,hunspell-wa-0.4.17-25.fc41.src.rpm,Default Initialized,Default Initialized,0.4.17,25.fc41,EXISTS_IN_EXT,0.4.17,Y,1,Neeraj,NOT_FOUND,NA,NA,NA,NA
hunspell-xh,NA,P1,Neeraj,NA,NA,NA,NA,N,N,Built,0.20091030,19.azl3,1,1,hunspell-xh-0.20091030-30.fc41.src.rpm,Default Initialized,Default Initialized,0.20091030,30.fc41,EXISTS_IN_EXT,0.20091030,Y,1,Neeraj,NOT_FOUND,NA,NA,NA,NA
hunspell-yi,NA,P1,Neeraj,NA,NA,NA,NA,N,N,Built,1.1,20.azl3,1,1,hunspell-yi-1.1-31.fc41.src.rpm,Default Initialized,Default Initialized,1.1,31.fc41,EXISTS_IN_EXT,1.1,Y,1,Neeraj,NOT_FOUND,NA,NA,NA,NA
hyphen,NA,P1,Sreenivasulu,NA,NA,NA,NA,N,N,Built,2.8.8,14.azl3,1,1,hyphen-2.8.8-25.fc41.src.rpm,Default Initialized,Default Initialized,2.8.8,25.fc41,EXISTS_IN_EXT,2.8.8,Y,1,Sreenivasulu,NA,NA,NA,NA,NA
hyphen-as,NA,P1,Sreenivasulu,NA,NA,NA,NA,N,N,Built,0.7.0,17.azl3,1,1,hyphen-as-0.7.0-26.fc41.src.rpm,Default Initialized,Default Initialized,0.7.0,26.fc41,EXISTS_IN_EXT,0.7.0,Y,1,Sreenivasulu,NA,NA,NA,NA,NA
hyphen-bg,NA,P1,Sreenivasulu,NA,NA,NA,NA,N,N,Built,4.3,18.azl3,1,1,hyphen-bg-4.3-247.fc41.src.rpm,Default Initialized,Default Initialized,4.3,247.fc41,EXISTS_IN_EXT,4.3,Y,1,Sreenivasulu,NA,NA,NA,NA,NA
hyphen-bn,NA,P1,Sreenivasulu,NA,NA,NA,NA,N,N,Built,0.7.0,17.azl3,1,1,hyphen-bn-0.7.0-26.fc41.src.rpm,Default Initialized,Default Initialized,0.7.0,26.fc41,EXISTS_IN_EXT,0.7.0,Y,1,Sreenivasulu,NA,NA,NA,NA,NA
hyphen-ca,NA,P1,Sreenivasulu,10875,https://github.com/microsoft/azurelinux/pull/10875,OPEN,2024-10-29T17:28:55Z,Y,Y,Built,0.9.3,20.azl3,1,1,hyphen-ca-1.5-4.fc41.src.rpm,Default Initialized,Default Initialized,1.5,4.fc41,EXISTS_IN_EXT,0.9.3,Y,1,Sreenivasulu,NA,NA,NA,https://github.com/v-smalavathu/azurelinux1.git,topic_hyphen-ca
hyphen-da,NA,P1,Sreenivasulu,NA,NA,NA,NA,N,N,Built,0.20070903,22.azl3,1,1,hyphen-da-0.20070903-32.fc41.src.rpm,Default Initialized,Default Initialized,0.20070903,32.fc41,EXISTS_IN_EXT,0.20070903,Y,1,Sreenivasulu,NA,NA,NA,NA,NA
hyphen-de,NA,P1,Sreenivasulu,NA,NA,NA,NA,N,N,Built,0.20060120,24.azl3,1,1,hyphen-de-0.20060120-34.fc41.src.rpm,Default Initialized,Default Initialized,0.20060120,34.fc41,EXISTS_IN_EXT,0.20060120,Y,1,Sreenivasulu,NA,NA,NA,NA,NA
hyphen-el,NA,P1,Sreenivasulu,NA,NA,NA,NA,N,N,Built,0.20051018,22.azl3,1,1,hyphen-el-0.20051018-32.fc41.src.rpm,Default Initialized,Default Initialized,0.20051018,32.fc41,EXISTS_IN_EXT,0.20051018,Y,1,Sreenivasulu,NA,NA,NA,NA,NA
hyphen-es,NA,P1,Sreenivasulu,NA,NA,NA,NA,N,N,Built,2.3,8.azl3,1,1,hyphen-es-2.3-18.fc41.src.rpm,Default Initialized,Default Initialized,2.3,18.fc41,EXISTS_IN_EXT,2.3,Y,1,Sreenivasulu,NA,NA,NA,NA,NA
hyphen-fa,NA,P1,Sreenivasulu,NA,NA,NA,NA,N,N,Built,0.20130404,14.azl3,1,1,hyphen-fa-0.20130404-24.fc41.src.rpm,Default Initialized,Default Initialized,0.20130404,24.fc41,EXISTS_IN_EXT,0.20130404,Y,1,Sreenivasulu,NA,NA,NA,NA,NA
hyphen-fo,NA,P1,Sreenivasulu,NA,NA,NA,NA,N,N,Built,0.20040420,18.azl3,1,1,hyphen-fo-0.20040420-28.fc41.src.rpm,Default Initialized,Default Initialized,0.20040420,28.fc41,EXISTS_IN_EXT,0.20040420,Y,1,Sreenivasulu,NA,NA,NA,NA,NA
hyphen-fr,NA,P1,Sreenivasulu,NA,NA,NA,NA,N,N,Built,3.0,6.azl3,1,1,hyphen-fr-3.0-17.fc41.src.rpm,Default Initialized,Default Initialized,3.0,17.fc41,EXISTS_IN_EXT,3.0,Y,1,Sreenivasulu,NA,NA,NA,NA,NA
hyphen-ga,NA,P1,Sreenivasulu,NA,NA,NA,NA,N,N,Built,0.20040220,21.azl3,1,1,hyphen-ga-0.20040220-31.fc41.src.rpm,Default Initialized,Default Initialized,0.20040220,31.fc41,EXISTS_IN_EXT,0.20040220,Y,1,Sreenivasulu,NA,NA,NA,NA,NA
hyphen-gl,NA,P1,Sreenivasulu,NA,NA,NA,NA,N,N,Built,0.99,20.azl3,1,1,hyphen-gl-0.99-31.fc41.src.rpm,Default Initialized,Default Initialized,0.99,31.fc41,EXISTS_IN_EXT,0.99,Y,1,Sreenivasulu,NA,NA,NA,NA,NA
hyphen-grc,NA,P1,Sreenivasulu,NA,NA,NA,NA,N,N,Built,0.20110913,18.azl3,1,1,hyphen-grc-0.20110913-28.fc41.src.rpm,Default Initialized,Default Initialized,0.20110913,28.fc41,EXISTS_IN_EXT,0.20110913,N,0,Sreenivasulu,NA,NA,NA,NA,NA
hyphen-gu,NA,P1,Sreenivasulu,NA,NA,NA,NA,N,N,Built,0.7.0,17.azl3,1,1,hyphen-gu-0.7.0-26.fc41.src.rpm,Default Initialized,Default Initialized,0.7.0,26.fc41,EXISTS_IN_EXT,0.7.0,Y,1,Sreenivasulu,NA,NA,NA,NA,NA
hyphen-hi,NA,P1,Sreenivasulu,NA,NA,NA,NA,N,N,Built,0.7.0,17.azl3,1,1,hyphen-hi-0.7.0-26.fc41.src.rpm,Default Initialized,Default Initialized,0.7.0,26.fc41,EXISTS_IN_EXT,0.7.0,Y,1,Sreenivasulu,NA,NA,NA,NA,NA
hyphen-hsb,NA,P1,Sreenivasulu,NA,NA,NA,NA,N,N,Built,0.20110620,17.azl3,1,1,hyphen-hsb-0.20110620-27.fc41.src.rpm,Default Initialized,Default Initialized,0.20110620,27.fc41,EXISTS_IN_EXT,0.20110620,Y,1,Sreenivasulu,NA,NA,NA,NA,NA
hyphen-hu,NA,P1,Sreenivasulu,NA,NA,NA,NA,N,N,Built,0.20090612,26.azl3,1,1,hyphen-hu-0.20090612-34.fc41.src.rpm,Default Initialized,Default Initialized,0.20090612,34.fc41,EXISTS_IN_EXT,0.20090612,Y,1,Sreenivasulu,NA,NA,NA,NA,NA
hyphen-ia,NA,P1,Sreenivasulu,NA,NA,NA,NA,N,N,Built,0.20050628,20.azl3,1,1,hyphen-ia-0.20050628-29.fc41.src.rpm,Default Initialized,Default Initialized,0.20050628,29.fc41,EXISTS_IN_EXT,0.20050628,Y,1,Sreenivasulu,NA,NA,NA,NA,NA
hyphen-id,NA,P1,Sreenivasulu,NA,NA,NA,NA,N,N,Built,0.20040812,21.azl3,1,1,hyphen-id-0.20040812-31.fc41.src.rpm,Default Initialized,Default Initialized,0.20040812,31.fc41,EXISTS_IN_EXT,0.20040812,Y,1,Sreenivasulu,NA,NA,NA,NA,NA
hyphen-is,NA,P1,Sreenivasulu,NA,NA,NA,NA,N,N,Built,0.20030920,24.azl3,1,1,hyphen-is-0.20030920-34.fc41.src.rpm,Default Initialized,Default Initialized,0.20030920,34.fc41,EXISTS_IN_EXT,0.20030920,Y,1,Sreenivasulu,NA,NA,NA,NA,NA
hyphen-it,NA,P1,Sreenivasulu,10957,https://github.com/microsoft/azurelinux/pull/10957,DRAFT,2024-11-06T17:27:25Z,Y,Y,Built,0.20071127,23.azl3,1,1,hyphen-it-5.1.1-6.fc41.src.rpm,Default Initialized,Default Initialized,5.1.1,6.fc41,EXISTS_IN_EXT,0.20071127,Y,1,Sreenivasulu,NA,NA,NA,https://github.com/v-smalavathu/azurelinux1.git,topic_hyphen-it
hyphen-kn,NA,P1,Sreenivasulu,NA,NA,NA,NA,N,N,Built,0.7.0,17.azl3,1,1,hyphen-kn-0.7.0-26.fc41.src.rpm,Default Initialized,Default Initialized,0.7.0,26.fc41,EXISTS_IN_EXT,0.7.0,Y,1,Sreenivasulu,NA,NA,NA,NA,NA
hyphen-ku,NA,P1,Sreenivasulu,NA,NA,NA,NA,N,N,Built,1.71.2,19.azl3,1,1,hyphen-ku-1.71.2-30.fc41.src.rpm,Default Initialized,Default Initialized,1.71.2,30.fc41,EXISTS_IN_EXT,1.71.2,Y,1,Sreenivasulu,NA,NA,NA,NA,NA
hyphen-lt,NA,P1,Sreenivasulu,NA,NA,NA,NA,N,N,Built,0.20100531,18.azl3,1,1,hyphen-lt-0.20100531-28.fc41.src.rpm,Default Initialized,Default Initialized,0.20100531,28.fc41,EXISTS_IN_EXT,0.20100531,Y,1,Sreenivasulu,NA,NA,NA,NA,NA
hyphen-mi,NA,P1,Sreenivasulu,NA,NA,NA,NA,N,N,Built,0.20080630,23.azl3,1,1,hyphen-mi-0.20080630-31.fc41.src.rpm,Default Initialized,Default Initialized,0.20080630,31.fc41,EXISTS_IN_EXT,0.20080630,Y,1,Sreenivasulu,NA,NA,NA,NA,NA
hyphen-ml,NA,P1,Sreenivasulu,NA,NA,NA,NA,N,N,Built,0.7.0,17.azl3,1,1,hyphen-ml-0.7.0-26.fc41.src.rpm,Default Initialized,Default Initialized,0.7.0,26.fc41,EXISTS_IN_EXT,0.7.0,Y,1,Sreenivasulu,NA,NA,NA,NA,NA
hyphen-mn,NA,P1,Sreenivasulu,NA,NA,NA,NA,N,N,Built,0.20100531,18.azl3,1,1,hyphen-mn-0.20100531-28.fc41.src.rpm,Default Initialized,Default Initialized,0.20100531,28.fc41,EXISTS_IN_EXT,0.20100531,Y,1,Sreenivasulu,NA,NA,NA,NA,NA
hyphen-mr,NA,P1,Sreenivasulu,NA,NA,NA,NA,N,N,Built,0.7.0,17.azl3,1,1,hyphen-mr-0.7.0-26.fc41.src.rpm,Default Initialized,Default Initialized,0.7.0,26.fc41,EXISTS_IN_EXT,0.7.0,Y,1,Sreenivasulu,NA,NA,NA,NA,NA
hyphen-nl,NA,P1,Sreenivasulu,NA,NA,NA,NA,N,N,Built,0.20050617,23.azl3,1,1,hyphen-nl-0.20050617-33.fc41.src.rpm,Default Initialized,Default Initialized,0.20050617,33.fc41,EXISTS_IN_EXT,0.20050617,Y,1,Sreenivasulu,NA,NA,NA,NA,NA
hyphen-or,NA,P1,Sreenivasulu,NA,NA,NA,NA,N,N,Built,0.7.0,18.azl3,1,1,hyphen-or-0.7.0-27.fc41.src.rpm,Default Initialized,Default Initialized,0.7.0,27.fc41,EXISTS_IN_EXT,0.7.0,Y,1,Sreenivasulu,NA,NA,NA,NA,NA
hyphen-pa,NA,P1,Sreenivasulu,NA,NA,NA,NA,N,N,Built,0.7.0,17.azl3,1,1,hyphen-pa-0.7.0-26.fc41.src.rpm,Default Initialized,Default Initialized,0.7.0,26.fc41,EXISTS_IN_EXT,0.7.0,Y,1,Sreenivasulu,NA,NA,NA,NA,NA
hyphen-pl,NA,P1,Sreenivasulu,NA,NA,NA,NA,N,N,Built,0.20060726,22.azl3,1,1,hyphen-pl-0.20060726-32.fc41.src.rpm,Default Initialized,Default Initialized,0.20060726,32.fc41,EXISTS_IN_EXT,0.20060726,Y,1,Sreenivasulu,NA,NA,NA,NA,NA
hyphen-pt,NA,P1,Sreenivasulu,10907,https://github.com/microsoft/azurelinux/pull/10907,OPEN,2024-11-01T09:44:43Z,Y,Y,Built,0.20021021,22.azl3,1,1,hyphen-pt-0.20140727-10.fc41.src.rpm,Default Initialized,Default Initialized,0.20140727,10.fc41,EXISTS_IN_EXT,0.20021021,Y,1,Sreenivasulu,NA,NA,NA,https://github.com/v-smalavathu/azurelinux1.git,topic_hyphen-pt
hyphen-ro,NA,P1,Sreenivasulu,NA,NA,NA,NA,N,N,Built,3.3.6,18.azl3,1,1,hyphen-ro-3.3.6-28.fc41.src.rpm,Default Initialized,Default Initialized,3.3.6,28.fc41,EXISTS_IN_EXT,3.3.6,Y,1,Sreenivasulu,NA,NA,NA,NA,NA
hyphen-ru,NA,P1,Sreenivasulu,11219,https://github.com/microsoft/azurelinux/pull/11219,DRAFT,2024-11-25T22:37:00Z,Y,Y,Built,0.20020727,22.azl3,1,1,hyphen-ru-0.20200325-12.fc41.src.rpm,Default Initialized,Default Initialized,0.20200325,12.fc41,EXISTS_IN_EXT,0.20020727,Y,1,Sreenivasulu,NA,NA,NA,https://github.com/v-smalavathu/azurelinux1.git,topic_hyphen-ru
hyphen-sa,NA,P1,Sreenivasulu,NA,NA,NA,NA,N,N,Built,0.20110915,19.azl3,1,1,hyphen-sa-0.20110915-28.fc41.src.rpm,Default Initialized,Default Initialized,0.20110915,28.fc41,EXISTS_IN_EXT,0.20110915,Y,1,Sreenivasulu,NA,NA,NA,NA,NA
hyphen-sk,NA,P1,Sreenivasulu,NA,NA,NA,NA,N,N,Built,0.20031227,23.azl3,1,1,hyphen-sk-0.20031227-33.fc41.src.rpm,Default Initialized,Default Initialized,0.20031227,33.fc41,EXISTS_IN_EXT,0.20031227,Y,1,Sreenivasulu,NA,NA,NA,NA,NA
hyphen-sl,NA,P1,Sreenivasulu,NA,NA,NA,NA,N,N,Built,0.20070127,21.azl3,1,1,hyphen-sl-0.20070127-31.fc41.src.rpm,Default Initialized,Default Initialized,0.20070127,31.fc41,EXISTS_IN_EXT,0.20070127,Y,1,Sreenivasulu,NA,NA,NA,NA,NA
hyphen-sv,NA,P1,Sreenivasulu,NA,NA,NA,NA,N,N,Built,1.00.1,23.azl3,1,1,hyphen-sv-1.00.1-35.fc41.src.rpm,Default Initialized,Default Initialized,1.00.1,35.fc41,EXISTS_IN_EXT,1.00.1,Y,1,Sreenivasulu,NA,NA,NA,NA,NA
hyphen-ta,NA,P1,Sreenivasulu,NA,NA,NA,NA,N,N,Built,0.7.0,17.azl3,1,1,hyphen-ta-0.7.0-26.fc41.src.rpm,Default Initialized,Default Initialized,0.7.0,26.fc41,EXISTS_IN_EXT,0.7.0,Y,1,Sreenivasulu,NA,NA,NA,NA,NA
hyphen-te,NA,P1,Sreenivasulu,NA,NA,NA,NA,N,N,Built,0.7.0,17.azl3,1,1,hyphen-te-0.7.0-26.fc41.src.rpm,Default Initialized,Default Initialized,0.7.0,26.fc41,EXISTS_IN_EXT,0.7.0,Y,1,Sreenivasulu,NA,NA,NA,NA,NA
hyphen-tk,NA,P1,Sreenivasulu,10981,https://github.com/microsoft/azurelinux/pull/10981,OPEN,2024-11-08T09:32:44Z,Y,Y,Built,0.20110620,18.azl3,1,1,hyphen-tk-0.20210322-5.fc41.src.rpm,Default Initialized,Default Initialized,0.20210322,5.fc41,EXISTS_IN_EXT,0.20110620,Y,1,Sreenivasulu,NA,NA,NA,https://github.com/v-smalavathu/azurelinux1.git,topic_hyphen-tk
hyphen-uk,NA,P1,Sreenivasulu,NA,NA,NA,NA,N,N,Built,0.20030903,21.azl3,1,1,hyphen-uk-0.20030903-31.fc41.src.rpm,Default Initialized,Default Initialized,0.20030903,31.fc41,EXISTS_IN_EXT,0.20030903,Y,1,Sreenivasulu,NA,NA,NA,NA,NA
ibus,NA,P1,Sumit,NA,NA,NA,NA,Y,Y,Failed,1.5.22,9.azl3,1,1,ibus-1.5.31-1.fc41.src.rpm,Default Initialized,Default Initialized,1.5.31,1.fc41,EXISTS_IN_EXT,1.5.22,N,0,Sumit,NA,NA,NA,NA,NA
ibus-chewing,NA,P1,Sumit,NA,NA,NA,NA,Y,Y,Failed,1.6.1,9.azl3,1,1,ibus-chewing-2.1.2-1.fc41.src.rpm,Default Initialized,Default Initialized,2.1.2,1.fc41,EXISTS_IN_EXT,1.6.1,N,0,Sumit,NA,NA,NA,NA,NA
ibus-hangul,NA,P1,Sumit,NA,NA,NA,NA,Y,Y,Failed,1.5.4,2.azl3,1,1,ibus-hangul-1.5.5-6.fc41.src.rpm,Default Initialized,Default Initialized,1.5.5,6.fc41,EXISTS_IN_EXT,1.5.4,N,0,Sumit,NA,NA,NA,NA,NA
ibus-kkc,NA,P1,Sumit,NA,NA,NA,NA,N,N,Failed,1.5.22,16.azl3,1,1,ibus-kkc-1.5.22-26.fc41.src.rpm,Default Initialized,Default Initialized,1.5.22,26.fc41,EXISTS_IN_EXT,1.5.22,N,0,Sumit,NA,NA,NA,NA,NA
ibus-libzhuyin,NA,P1,Sumit,NA,NA,NA,NA,Y,Y,Failed,1.9.1,6.azl3,1,1,ibus-libzhuyin-1.10.3-2.fc41.src.rpm,Default Initialized,Default Initialized,1.10.3,2.fc41,EXISTS_IN_EXT,1.9.1,N,0,Sumit,NA,NA,NA,NA,NA
ibus-m17n,NA,P1,Sumit,NA,NA,NA,NA,Y,Y,Failed,1.4.18,2.azl3,1,1,ibus-m17n-1.4.34-1.fc41.src.rpm,Default Initialized,Default Initialized,1.4.34,1.fc41,EXISTS_IN_EXT,1.4.18,N,0,Sumit,NA,NA,NA,NA,NA
ibus-rawcode,NA,P1,Sumit,NA,NA,NA,NA,Revisit No Dnld Ver,Revisit No Dnld Ver,Failed,1.3.2,17.azl3,0,0,Default Initialized,Default Initialized,Default Initialized,Not Found,Not Found,EXISTS_IN_EXT,1.3.2,N,0,Sumit,NA,NA,NA,NA,NA
ibus-sayura,NA,P1,Sumit,NA,NA,NA,NA,N,N,Failed,1.3.2,20.azl3,1,1,ibus-sayura-1.3.2-32.fc41.src.rpm,Default Initialized,Default Initialized,1.3.2,32.fc41,EXISTS_IN_EXT,1.3.2,N,0,Sumit,NA,NA,NA,NA,NA
ibus-table,NA,P1,Sumit,NA,NA,NA,NA,Y,Y,Failed,1.12.4,4.azl3,1,1,ibus-table-1.17.9-1.fc41.src.rpm,Default Initialized,Default Initialized,1.17.9,1.fc41,EXISTS_IN_EXT,1.12.4,N,0,Sumit,NA,NA,NA,NA,NA
ibus-table-chinese,NA,P1,Sumit,NA,NA,NA,NA,Y,Y,Failed,1.8.3,3.azl3,1,1,ibus-table-chinese-1.8.12-6.fc41.src.rpm,Default Initialized,Default Initialized,1.8.12,6.fc41,EXISTS_IN_EXT,1.8.3,N,0,Sumit,NA,NA,NA,NA,NA
icc-profiles-openicc,NA,P1,Sumit,NA,NA,NA,NA,N,N,Built,1.3.1,19.azl3,1,1,icc-profiles-openicc-1.3.1-28.fc41.src.rpm,Default Initialized,Default Initialized,1.3.1,28.fc41,EXISTS_IN_EXT,1.3.1,Y,1,Sumit,NA,NA,NA,NA,NA
icon-naming-utils,NA,P1,Sumit,NA,NA,NA,NA,N,N,Built,0.8.90,23.azl3,1,1,icon-naming-utils-0.8.90-32.fc41.src.rpm,Default Initialized,Default Initialized,0.8.90,32.fc41,EXISTS_IN_EXT,0.8.90,Y,1,Sumit,NA,NA,NA,NA,NA
iftop,NA,P1,Sumit,NA,NA,NA,NA,N,N,Built,1.0,1.azl3,1,1,iftop-1.0-0.34.pre4.fc41.src.rpm,Default Initialized,Default Initialized,1.0,0.34.pre4.fc41,EXISTS_IN_EXT,1.0,Y,1,Sumit,NA,NA,NA,NA,NA
iio-sensor-proxy,NA,P1,Sumit,NA,NA,NA,NA,Y,Y,Built,3.0,5.azl3,1,1,iio-sensor-proxy-3.5-5.fc41.src.rpm,Default Initialized,Default Initialized,3.5,5.fc41,EXISTS_IN_EXT,3.0,N,0,Sumit,NA,NA,NA,NA,NA
ilmbase,NA,P1,Sumit,NA,NA,NA,NA,N,N,Built,2.3.0,5.azl3,1,1,ilmbase-2.3.0-14.fc41.src.rpm,Default Initialized,Default Initialized,2.3.0,14.fc41,EXISTS_IN_EXT,2.3.0,Y,1,Sumit,NA,NA,NA,NA,NA
imaptest,NA,P1,Sumit,NA,NA,NA,NA,Y,Y,Failed,20210511,1.azl3,1,1,imaptest-20210705-8.fc41.src.rpm,Default Initialized,Default Initialized,20210705,8.fc41,EXISTS_IN_EXT,20210511,N,0,Sumit,NA,NA,NA,NA,NA
indent,NA,P1,Sumit,11000,https://github.com/microsoft/azurelinux/pull/11000,MERGED,2024-11-11T02:43:25Z,Y,Y,Built,2.2.12,6.azl3,1,1,indent-2.2.13-8.fc41.src.rpm,Default Initialized,Default Initialized,2.2.13,8.fc41,EXISTS_IN_EXT,2.2.12,N,0,Sumit,https://github.com/microsoft/azurelinux/pull/11000,NA,NA,https://github.com/SumitJenaHCL/azurelinux.git,topic_indent
iniparser,NA,P1,Sumit,NA,NA,NA,NA,Revisit No Bld Ver,Revisit No Bld Ver,Not Found,Not Found,Not Found,1,1,iniparser-4.2.4-2.fc41.src.rpm,Default Initialized,Default Initialized,4.2.4,2.fc41,MOVED_TO_CORE,Not Found,N,0,Sumit,NA,NA,NA,NA,NA
intel-cmt-cat,NA,CP_batch1,Sumit,11001,https://github.com/microsoft/azurelinux/pull/11001,MERGED,2024-11-11T06:25:49Z,Y,Y,Built,4.1.0,2.azl3,1,1,intel-cmt-cat-24.05-2.fc41.src.rpm,Default Initialized,Default Initialized,24.05,2.fc41,EXISTS_IN_EXT,4.1.0,N,0,Sumit,https://github.com/microsoft/azurelinux/pull/11001,NA,NA,https://github.com/SumitJenaHCL/azurelinux.git,topic_intel-cmt-cat
ioping,NA,P1,Sumit,11003,https://github.com/microsoft/azurelinux/pull/11003,MERGED,2024-11-11T07:54:29Z,Y,Y,Built,1.1,7.azl3,1,1,ioping-1.3-6.fc41.src.rpm,Default Initialized,Default Initialized,1.3,6.fc41,EXISTS_IN_EXT,1.1,Y,1,Sumit,https://github.com/microsoft/azurelinux/pull/11003,NA,NA,https://github.com/SumitJenaHCL/azurelinux.git,topic-ioping
ipa-pgothic-fonts,NA,P1,Sumit,NA,NA,NA,NA,N,N,Failed,003.03,17.azl3,1,1,ipa-pgothic-fonts-003.03-27.fc41.src.rpm,Default Initialized,Default Initialized,003.03,27.fc41,EXISTS_IN_EXT,003.03,N,0,Sumit,NA,NA,NA,NA,NA
ipcalc,NA,P1,Sumit,11004,https://github.com/microsoft/azurelinux/pull/11004,MERGED,2024-11-11T08:44:48Z,Y,Y,Built,0.4.1,2.azl3,1,1,ipcalc-1.0.3-10.fc41.src.rpm,Default Initialized,Default Initialized,1.0.3,10.fc41,EXISTS_IN_EXT,0.4.1,N,0,Sumit,https://github.com/microsoft/azurelinux/pull/11004,NA,NA,https://github.com/SumitJenaHCL/azurelinux.git,topic_ipcalc
iprutils,NA,P1,Sumit,11008,https://github.com/microsoft/azurelinux/pull/11008,MERGED,2024-11-11T15:52:50Z,Y,Y,Built,2.4.17.1,5.azl3,1,1,iprutils-2.4.19-13.fc41.src.rpm,Default Initialized,Default Initialized,2.4.19,13.fc41,EXISTS_IN_EXT,2.4.17.1,Y,1,Sumit,https://github.com/microsoft/azurelinux/pull/11008,NA,NA,https://github.com/SumitJenaHCL/azurelinux.git,topic_iprutils
iptstate,NA,P1,Sumit,NA,NA,NA,NA,N,N,Built,2.2.7,1.azl3,1,1,iptstate-2.2.7-6.fc41.src.rpm,Default Initialized,Default Initialized,2.2.7,6.fc41,EXISTS_IN_EXT,2.2.7,Y,1,Sumit,NA,NA,NA,NA,NA
irssi,NA,P1,Sumit,11211,https://github.com/microsoft/azurelinux/pull/11211,OPEN,2024-11-25T19:33:41Z,Y,Y,Failed,1.2.2,6.azl3,1,1,irssi-1.4.5-5.fc41.src.rpm,Default Initialized,Default Initialized,1.4.5,5.fc41,EXISTS_IN_EXT,1.2.2,Y,1,Sumit,NA,NA,NA,https://github.com/SumitJenaHCL/azurelinux.git,topic_irssi
iso-codes,NA,P1,Akarsh,10821,https://github.com/microsoft/azurelinux/pull/10821,DRAFT,2024-10-23T10:53:08Z,Y,Y,Built,4.4,3.azl3,1,1,iso-codes-4.16.0-5.fc41.src.rpm,Default Initialized,Default Initialized,4.16.0,5.fc41,EXISTS_IN_EXT,4.4,Y,1,Akarsh,NA,NA,NA,https://github.com/AkarshHCL/azurelinux.git,topic_iso-codes
isomd5sum,NA,CP_batch1,Akarsh,11260,https://github.com/microsoft/azurelinux/pull/11260,OPEN,2024-11-28T10:42:05Z,Y,Y,Built,1.2.3,10.azl3,1,1,isomd5sum-1.2.5-2.fc41.src.rpm,Default Initialized,Default Initialized,1.2.5,2.fc41,EXISTS_IN_EXT,1.2.3,N,0,Akarsh,NA,NA,NA,https://github.com/AkarshHCL/azurelinux.git,topic_isomd5sum
iwd,NA,CP_batch1,Sumit,12571,https://github.com/microsoft/azurelinux/pull/12571,OPEN,2025-02-24T12:05:21Z,Y,Y,Built,1.22,2.azl3,1,1,iwd-3.1-1.fc41.src.rpm,Default Initialized,Default Initialized,3.1,1.fc41,EXISTS_IN_EXT,1.22,N,0,Akarsh,NA,NA,NA,https://github.com/SumitJenaHCL/azurelinux.git,topic_iwd
jabberpy,NA,P1,Akarsh,NA,NA,NA,NA,Revisit No Dnld Ver,Revisit No Dnld Ver,Built,0.5,2.azl3,0,0,Default Initialized,Default Initialized,Default Initialized,Not Found,Not Found,EXISTS_IN_EXT,0.5,N,0,Akarsh,NA,NA,NA,NA,NA
jakarta-taglibs-standard,NA,P1,Akarsh,NA,NA,NA,NA,Revisit No Dnld Ver,Revisit No Dnld Ver,Failed,1.1.1,261.azl3,0,0,Default Initialized,Default Initialized,Default Initialized,Not Found,Not Found,EXISTS_IN_EXT,1.1.1,N,0,Akarsh,NA,NA,NA,NA,NA
jansi,NA,P1,Akarsh,NA,NA,NA,NA,Y,Y,Built,2.4.0,1.azl3,1,1,jansi-2.4.1-4.fc41.src.rpm,Default Initialized,Default Initialized,2.4.1,4.fc41,EXISTS_IN_EXT,2.4.0,N,0,Akarsh,NA,NA,NA,NA,NA
jarjar,NA,P1,Akarsh,NA,NA,NA,NA,Revisit No Dnld Ver,Revisit No Dnld Ver,Built,1.4,6.azl3,0,0,Default Initialized,Default Initialized,Default Initialized,Not Found,Not Found,EXISTS_IN_EXT,1.4,N,0,Akarsh,NA,NA,NA,NA,NA
javacc,NA,P1,Akarsh,NA,NA,NA,NA,Y,Y,Failed,7.0.4,3.azl3,1,1,javacc-7.0.13-7.fc41.src.rpm,Default Initialized,Default Initialized,7.0.13,7.fc41,EXISTS_IN_EXT,7.0.4,N,0,Akarsh,NA,NA,NA,NA,NA
javacc-bootstrap,NA,P1,Akarsh,NA,NA,NA,NA,Revisit No Dnld Ver,Revisit No Dnld Ver,Failed,7.0.4,3.azl3,0,0,Default Initialized,Default Initialized,Default Initialized,Not Found,Not Found,REMOVED_FROM_BOTH,Not Found,N,0,Akarsh,NA,NA,NA,NA,NA
jbigkit,NA,P1,Jyoti,12774,https://github.com/microsoft/azurelinux/pull/12774,OPEN,2025-03-04T12:44:00Z,N,N,Failed,2.1,19.azl3,1,1,jbigkit-2.1-30.fc41.src.rpm,Default Initialized,Default Initialized,2.1,30.fc41,EXISTS_IN_EXT,2.1,Y,1,Akarsh,NA,NA,NA,https://github.com/jykanase/azurelinux.git,topic_jbigkit
jboss-interceptors,NA,P1,Akarsh,NA,NA,NA,NA,Revisit No Bld Ver,Revisit No Bld Ver,Not Found,Not Found,Not Found,0,0,Default Initialized,Default Initialized,Default Initialized,Not Found,Not Found,REMOVED_FROM_BOTH,Not Found,N,0,Akarsh,NA,NA,NA,NA,NA
jdepend,NA,P1,Akarsh,NA,NA,NA,NA,Y,Y,Failed,2.9.1,96.azl3,1,1,jdepend-2.10-12.fc41.src.rpm,Default Initialized,Default Initialized,2.10,12.fc41,EXISTS_IN_EXT,2.9.1,N,0,Akarsh,NA,NA,NA,NA,NA
jdom2,NA,P1,Akarsh,11049,https://github.com/microsoft/azurelinux/pull/11049,OPEN,2024-11-13T09:53:22Z,Revisit Ver Compare,Revisit Ver Compare,Built,2.0.6,29.azl3,1,1,jdom2-2.0.6.1-9.fc41.src.rpm,Default Initialized,Default Initialized,2.0.6.1,9.fc41,EXISTS_IN_EXT,2.0.6,N,0,Akarsh,NA,NA,NA,https://github.com/AkarshHCL/azurelinux.git,topic_jdom2
jfsutils,NA,P1,Akarsh,NA,NA,NA,NA,N,N,Built,1.1.15,18.azl3,1,1,jfsutils-1.1.15-28.fc41.src.rpm,Default Initialized,Default Initialized,1.1.15,28.fc41,EXISTS_IN_EXT,1.1.15,Y,1,Akarsh,NA,NA,NA,NA,NA
jimtcl,NA,P1,Akarsh,NA,NA,NA,NA,Y,Y,Built,0.78,5.azl3,1,1,jimtcl-0.82-6.fc41.src.rpm,Default Initialized,Default Initialized,0.82,6.fc41,EXISTS_IN_EXT,0.78,N,0,Akarsh,NA,NA,NA,NA,NA
jlex,NA,CP_batch1,Sumit,12572,https://github.com/microsoft/azurelinux/pull/12572,OPEN,2025-02-24T12:12:38Z,Revisit No Dnld Ver,Revisit No Dnld Ver,Failed,1.2.6,285.azl3,0,0,Default Initialized,Default Initialized,Default Initialized,Not Found,Not Found,EXISTS_IN_EXT,1.2.6,N,0,Akarsh,NA,NA,NA,https://github.com/SumitJenaHCL/azurelinux.git,topic_jlex
jline,NA,P1,Akarsh,NA,NA,NA,NA,Y,Y,Built,2.14.6,1.azl3,1,1,jline-3.23.0-4.fc40.src.rpm,Default Initialized,Default Initialized,3.23.0,4.fc40,EXISTS_IN_EXT,2.14.6,N,0,Akarsh,NA,NA,NA,NA,NA
jose,NA,P0,Akarsh,NA,NA,NA,NA,Y,Y,Failed,10,7.azl3,1,1,jose-14-2.fc41.src.rpm,Default Initialized,Default Initialized,14,2.fc41,EXISTS_IN_EXT,10,Y,1,Akarsh,NA,NA,NA,NA,NA
js-jquery,NA,P1,Akarsh,11053,https://github.com/microsoft/azurelinux/pull/11053,OPEN,2024-11-13T13:57:49Z,Y,Y,Built,3.5.0,4.azl3,1,1,js-jquery-3.7.1-4.fc41.src.rpm,Default Initialized,Default Initialized,3.7.1,4.fc41,EXISTS_IN_EXT,3.5.0,N,0,Akarsh,NA,NA,NA,https://github.com/AkarshHCL/azurelinux.git,topic_js-jquery
jsch,NA,P1,Akarsh,NA,NA,NA,NA,N,N,Failed,0.1.55,2.azl3,1,1,jsch-0.1.55-16.fc41.src.rpm,Default Initialized,Default Initialized,0.1.55,16.fc41,EXISTS_IN_EXT,0.1.55,N,0,Akarsh,NA,NA,NA,NA,NA
jsoncpp,NA,CP_batch1,Akarsh,11068,https://github.com/microsoft/azurelinux/pull/11068,OPEN,2024-11-14T08:19:10Z,Y,Y,Built,1.9.2,3.azl3,1,1,jsoncpp-1.9.5-8.fc41.src.rpm,Default Initialized,Default Initialized,1.9.5,8.fc41,EXISTS_IN_EXT,1.9.2,N,0,Akarsh,NA,NA,NA,https://github.com/AkarshHCL/azurelinux.git,topic_jsoncpp
jsoup,NA,P1,Akarsh,NA,NA,NA,NA,Y,Y,Built,1.11.3,4.azl3,1,1,jsoup-1.18.1-2.fc41.src.rpm,Default Initialized,Default Initialized,1.18.1,2.fc41,EXISTS_IN_EXT,1.11.3,N,0,Akarsh,NA,NA,NA,NA,NA
jtidy,NA,P1,Akarsh,NA,NA,NA,NA,N,N,Failed,8.0,32.azl3,1,1,jtidy-1.0-0.46.20100930svn1125.fc41.src.rpm,Default Initialized,Default Initialized,1.0,0.46.20100930svn1125.fc41,EXISTS_IN_EXT,8.0,N,0,Akarsh,NA,NA,NA,NA,NA
junitperf,NA,CP_batch1,Akarsh,12575,https://github.com/microsoft/azurelinux/pull/12575,OPEN,2025-02-24T15:04:50Z,Revisit No Dnld Ver,Revisit No Dnld Ver,Failed,1.9.1,27.azl3,0,0,Default Initialized,Default Initialized,Default Initialized,Not Found,Not Found,EXISTS_IN_EXT,1.9.1,N,0,Akarsh,NA,NA,NA,https://github.com/AkarshHCL/azurelinux.git,topic_juniterperf
jzlib,NA,P1,Akarsh,NA,NA,NA,NA,N,N,Failed,1.1.3,5.azl3,1,1,jzlib-1.1.3-31.fc41.src.rpm,Default Initialized,Default Initialized,1.1.3,31.fc41,EXISTS_IN_EXT,1.1.3,N,0,Akarsh,NA,NA,NA,NA,NA
kde-filesystem,NA,P0,Aninda,11475,https://github.com/microsoft/azurelinux/pull/11475,OPEN,2024-12-16T22:19:42Z,Y,Y,Built,4,65.azl3,1,1,kde-filesystem-5-4.fc41.src.rpm,Default Initialized,Default Initialized,5,4.fc41,EXISTS_IN_EXT,4,Y,1,Aninda,https://github.com/microsoft/azurelinux/pull/11475,NA,NA,https://github.com/aninda-al/azurelinux-test.git,upgrade-kde-filesystem
kernel-rt,NA,P1,Aninda,NA,NA,NA,NA,Revisit No Dnld Ver,Revisit No Dnld Ver,Built,6.6.44.1,1.azl3,0,0,Default Initialized,Default Initialized,Default Initialized,Not Found,Not Found,EXISTS_IN_EXT,6.6.44.1,N,0,Aninda,NA,NA,NA,NA,NA
keybinder3,NA,P1,Aninda,NA,NA,NA,NA,N,N,Built,0.3.2,11.azl3,1,1,keybinder3-0.3.2-19.fc41.src.rpm,Default Initialized,Default Initialized,0.3.2,19.fc41,EXISTS_IN_EXT,0.3.2,Y,1,Aninda,NA,NA,NA,NA,NA
keycloak-httpd-client-install,NA,CP_batch1,Aninda,10878,https://github.com/microsoft/azurelinux/pull/10878,DRAFT,2024-10-29T20:34:51Z,Y,Y,Built,1.1,6.azl3,1,1,keycloak-httpd-client-install-1.3-1.fc41.src.rp,Default Initialized,Default Initialized,1.3,1.fc41.src.rp,EXISTS_IN_EXT,1.1,N,0,Aninda,NA,NA,NA,https://github.com/aninda-al/azurelinux-test.git,upgrade-keycloak-httpd-client-install
kronosnet,NA,P1,Aninda,NA,NA,NA,NA,Y,Y,Failed,1.20,2.azl3,1,1,kronosnet-1.29-2.fc41.src.rpm,Default Initialized,Default Initialized,1.29,2.fc41,EXISTS_IN_EXT,1.20,Y,1,Aninda,NA,NA,NA,NA,NA
kyotocabinet,NA,P1,Aninda,10802,https://github.com/microsoft/azurelinux/pull/10802,DRAFT,2024-10-21T20:12:05Z,Y,Y,Built,1.2.78,2.azl3,1,1,kyotocabinet-1.2.80-6.fc41.src.rpm,Default Initialized,Default Initialized,1.2.80,6.fc41,EXISTS_IN_EXT,1.2.78,Y,1,Aninda,NA,NA,NA,https://github.com/aninda-al/azurelinux-test.git,upgrade-kyotocabinet
ladspa,NA,P1,Aninda,10966,https://github.com/microsoft/azurelinux/pull/10966,DRAFT,2024-11-07T14:19:33Z,Y,Y,Built,1.13,25.azl3,1,1,ladspa-1.17-5.fc41.src.rpm,Default Initialized,Default Initialized,1.17,5.fc41,EXISTS_IN_EXT,1.13,Y,1,Aninda,NA,NA,NA,https://github.com/aninda-al/azurelinux-test.git,upgrade-ladspa
lame,NA,P1,Aninda,NA,NA,NA,NA,N,N,Built,3.100,9.azl3,1,1,lame-3.100-18.fc41.src.rpm,Default Initialized,Default Initialized,3.100,18.fc41,EXISTS_IN_EXT,3.100,Y,1,Aninda,NA,NA,NA,NA,NA
langtable,NA,P1,Aninda,10886,https://github.com/microsoft/azurelinux/pull/10886,DRAFT,2024-10-30T00:10:42Z,Y,Y,Built,0.0.53,2.azl3,1,1,langtable-0.0.68-2.fc41.src.rpm,Default Initialized,Default Initialized,0.0.68,2.fc41,EXISTS_IN_EXT,0.0.53,Y,1,Aninda,NA,NA,NA,https://github.com/aninda-al/azurelinux-test.git,upgrade-langtable
lasso,NA,CP_batch1,Aninda,12242,https://github.com/microsoft/azurelinux/pull/12242,DRAFT,2025-02-05T23:48:34Z,Y,Y,Failed,2.8.0,1.azl3,1,1,lasso-2.8.2-14.fc41.src.rpm,Default Initialized,Default Initialized,2.8.2,14.fc41,EXISTS_IN_EXT,2.8.0,N,0,Aninda,NA,NA,NA,https://github.com/aninda-al/azurelinux-test.git,upgrade-lasso
latencytop,NA,P1,Aninda,NA,NA,NA,NA,N,N,Built,0.5,27.azl3,1,1,latencytop-0.5-36.fc41.src.rpm,Default Initialized,Default Initialized,0.5,36.fc41,EXISTS_IN_EXT,0.5,Y,1,Aninda,NA,NA,NA,NA,NA
lcov,NA,P1,Aninda,10990,https://github.com/microsoft/azurelinux/pull/10990,DRAFT,2024-11-09T02:30:31Z,Y,Y,Built,1.14,4.azl3,1,1,lcov-2.0-4.fc41.src.rpm,Default Initialized,Default Initialized,2.0,4.fc41,EXISTS_IN_EXT,1.14,Y,1,Aninda,NA,NA,NA,https://github.com/aninda-al/azurelinux-test.git,upgrade-lcov
ledmon,NA,CP_batch1,Aninda,11192,https://github.com/microsoft/azurelinux/pull/11192,DRAFT,2024-11-22T20:16:19Z,Y,Y,Built,0.92,4.azl3,1,1,ledmon-1.1.0-1.fc41.src.rpm,Default Initialized,Default Initialized,1.1.0,1.fc41,EXISTS_IN_EXT,0.92,N,0,Aninda,NA,NA,NA,https://github.com/aninda-al/azurelinux-test.git,upgrade-ledmon
lensfun,NA,CP_batch1,Aninda,12303,https://github.com/microsoft/azurelinux/pull/12303,OPEN,2025-02-12T00:27:03Z,Y,Y,Failed,0.3.2,26.azl3,1,1,lensfun-0.3.4-2.fc41.src.rpm,Default Initialized,Default Initialized,0.3.4,2.fc41,EXISTS_IN_EXT,0.3.2,N,0,Aninda,NA,NA,NA,https://github.com/aninda-al/azurelinux-test.git,upgrade-lensfun
lftp,NA,P1,Aninda,NA,NA,NA,NA,N,N,Built,4.9.2,2.azl3,1,1,lftp-4.9.2-14.fc41.src.rpm,Default Initialized,Default Initialized,4.9.2,14.fc41,EXISTS_IN_EXT,4.9.2,Y,1,Aninda,NA,NA,NA,NA,NA
libEMF,NA,P1,Aninda,NA,NA,NA,NA,N,N,Built,1.0.13,2.azl3,1,1,libEMF-1.0.13-11.fc41.src.rpm,Default Initialized,Default Initialized,1.0.13,11.fc41,EXISTS_IN_EXT,1.0.13,Y,1,Aninda,NA,NA,NA,NA,NA
libIDL,NA,P1,Aninda,NA,NA,NA,NA,N,N,Built,0.8.14,23.azl3,1,1,libIDL-0.8.14-81.fc41.src.rpm,Default Initialized,Default Initialized,0.8.14,81.fc41,EXISTS_IN_EXT,0.8.14,N,0,Aninda,NA,NA,NA,NA,NA
libXScrnSaver,NA,P0,Aninda,11377,https://github.com/microsoft/azurelinux/pull/11377,OPEN,2024-12-09T17:05:47Z,Y,Y,Built,1.2.3,6.azl3,1,1,libXScrnSaver-1.2.4-4.fc41.src.rpm,Default Initialized,Default Initialized,1.2.4,4.fc41,EXISTS_IN_EXT,1.2.3,Y,1,Aninda,https://github.com/microsoft/azurelinux/pull/11377,NA,NA,https://github.com/aninda-al/azurelinux-test.git,upgrade-libXScrnSaver
libXres,NA,P1,Aninda,NA,NA,NA,NA,Revisit No Bld Ver,Revisit No Bld Ver,Not Found,Not Found,Not Found,1,1,libXres-1.2.2-4.fc41.src.rpm,Default Initialized,Default Initialized,1.2.2,4.fc41,MOVED_TO_CORE,Not Found,N,0,Aninda,NA,NA,NA,NA,NA
libXv,NA,P1,Aninda,NA,NA,NA,NA,Revisit No Bld Ver,Revisit No Bld Ver,Not Found,Not Found,Not Found,1,1,libXv-1.0.13-1.fc41.src.rpm,Default Initialized,Default Initialized,1.0.13,1.fc41,MOVED_TO_CORE,Not Found,N,0,Aninda,NA,NA,NA,NA,NA
libabw,NA,P1,Aninda,NA,NA,NA,NA,N,N,Built,0.1.3,3.azl3,1,1,libabw-0.1.3-16.fc41.src.rpm,Default Initialized,Default Initialized,0.1.3,16.fc41,EXISTS_IN_EXT,0.1.3,Y,1,Aninda,NA,NA,NA,NA,NA
libao,NA,P1,Aninda,NA,NA,NA,NA,N,N,Built,1.2.0,24.azl3,1,1,libao-1.2.0-28.fc41.src.rpm,Default Initialized,Default Initialized,1.2.0,28.fc41,EXISTS_IN_EXT,1.2.0,N,0,Aninda,NA,NA,NA,NA,NA
libappstream-glib,NA,P1,Aninda,NA,NA,NA,NA,Y,Y,Failed,0.8.2,4.azl3,1,1,libappstream-glib-0.8.3-2.fc41.src.rpm,Default Initialized,Default Initialized,0.8.3,2.fc41,EXISTS_IN_EXT,0.8.2,N,0,Aninda,NA,NA,NA,NA,NA
libart_lgpl,NA,P1,Aninda,NA,NA,NA,NA,N,N,Built,2.3.21,24.azl3,1,1,libart_lgpl-2.3.21-33.fc41.src.rpm,Default Initialized,Default Initialized,2.3.21,33.fc41,EXISTS_IN_EXT,2.3.21,Y,1,Aninda,NA,NA,NA,NA,NA
libasyncns,NA,P1,Aninda,NA,NA,NA,NA,N,N,Built,0.8,19.azl3,1,1,libasyncns-0.8-29.fc41.src.rpm,Default Initialized,Default Initialized,0.8,29.fc41,EXISTS_IN_EXT,0.8,Y,1,Aninda,NA,NA,NA,NA,NA
libavc1394,NA,P1,Jyoti,NA,NA,NA,NA,N,N,Built,0.5.4,13.azl3,1,1,libavc1394-0.5.4-24.fc41.src.rpm,Default Initialized,Default Initialized,0.5.4,24.fc41,EXISTS_IN_EXT,0.5.4,Y,1,Jyoti,NA,NA,NA,NA,NA
libblockdev,NA,P1,Jyoti,10962,https://github.com/microsoft/azurelinux/pull/10962,OPEN,2024-11-07T10:10:51Z,Y,Y,Failed,2.28,3.azl3,1,1,libblockdev-3.2.1-1.fc41.src.rpm,Default Initialized,Default Initialized,3.2.1,1.fc41,EXISTS_IN_EXT,2.28,N,0,Jyoti,NA,NA,NA,https://github.com/jykanase/azurelinux.git,topic_libblockdev
libbsd,NA,P1,Jyoti,10953,https://github.com/microsoft/azurelinux/pull/10953,MERGED,2024-11-06T13:58:41Z,Y,Y,Built,0.10.0,3.azl3,1,1,libbsd-0.12.2-4.fc41.src.rpm,Default Initialized,Default Initialized,0.12.2,4.fc41,EXISTS_IN_EXT,0.10.0,Y,1,Jyoti,https://github.com/microsoft/azurelinux/pull/10953,NA,NA,https://github.com/jykanase/azurelinux.git,topic_libbsd
libbytesize,NA,P1,Jyoti,10964,https://github.com/microsoft/azurelinux/pull/10964,MERGED,2024-11-07T11:36:14Z,Y,Y,Built,2.5,3.azl3,1,1,libbytesize-2.11-99.fc41.src.rpm,Default Initialized,Default Initialized,2.11,99.fc41,EXISTS_IN_EXT,2.5,Y,1,Jyoti,https://github.com/microsoft/azurelinux/pull/10964,NA,NA,https://github.com/jykanase/azurelinux.git,topic_libbytesize
libcanberra,NA,P1,Jyoti,NA,NA,NA,NA,N,N,Built,0.30,24.azl3,1,1,libcanberra-0.30-36.fc41.src.rpm,Default Initialized,Default Initialized,0.30,36.fc41,EXISTS_IN_EXT,0.30,N,0,Jyoti,NA,NA,NA,NA,NA
libcdio,NA,P1,Jyoti,12747,https://github.com/microsoft/azurelinux/pull/12747,OPEN,2025-03-04T06:50:00Z,Y,Y,Built,2.0.0,8.azl3,1,1,libcdio-2.1.0-13.fc41.src.rpm,Default Initialized,Default Initialized,2.1.0,13.fc41,EXISTS_IN_EXT,2.0.0,Y,1,Jyoti,NA,NA,NA,https://github.com/jykanase/azurelinux.git,topic_libcdio
libcdio-paranoia,NA,P1,Jyoti,11006,https://github.com/microsoft/azurelinux/pull/11006,OPEN,2024-11-11T12:08:01Z,Revisit Ver Compare,Revisit Ver Compare,Built,10.2+2.0.0,5.azl3,1,1,libcdio-paranoia-10.2+2.0.1-13.fc41.src.rpm,Default Initialized,Default Initialized,10.2+2.0.1,13.fc41,EXISTS_IN_EXT,10.2+2.0.0,Y,1,Jyoti,NA,NA,NA,https://github.com/jykanase/azurelinux.git,topic_libcdio-paranoia
libcdr,NA,P1,Jyoti,11005,https://github.com/microsoft/azurelinux/pull/11005,OPEN,2024-11-11T11:03:25Z,Y,Y,Built,0.1.6,2.azl3,1,1,libcdr-0.1.7-18.fc41.src.rpm,Default Initialized,Default Initialized,0.1.7,18.fc41,EXISTS_IN_EXT,0.1.6,Y,1,Jyoti,NA,NA,NA,https://github.com/jykanase/azurelinux.git,topic_libcdr
libchewing,NA,P1,Jyoti,NA,NA,NA,NA,Y,Y,Built,0.5.1,18.azl3,1,1,libchewing-0.9.1-1.fc41.src.rpm,Default Initialized,Default Initialized,0.9.1,1.fc41,EXISTS_IN_EXT,0.5.1,N,0,Jyoti,NA,NA,NA,NA,NA
libcli,NA,P1,Jyoti,11024,https://github.com/microsoft/azurelinux/pull/11024,MERGED,2024-11-12T06:19:30Z,Y,Y,Failed,1.9.7,1.azl3,1,1,libcli-1.10.7-9.fc41.src.rpm,Default Initialized,Default Initialized,1.10.7,9.fc41,EXISTS_IN_EXT,1.9.7,Y,1,Jyoti,https://github.com/microsoft/azurelinux/pull/11024,NA,NA,https://github.com/jykanase/azurelinux.git,topic_libcli
libcmis,NA,P1,Jyoti,11026,https://github.com/microsoft/azurelinux/pull/11026,MERGED,2024-11-12T09:59:03Z,Y,Y,Built,0.5.2,5.azl3,1,1,libcmis-0.6.2-6.fc41.src.rpm,Default Initialized,Default Initialized,0.6.2,6.fc41,EXISTS_IN_EXT,0.5.2,Y,1,Jyoti,https://github.com/microsoft/azurelinux/pull/11026,NA,NA,https://github.com/jykanase/azurelinux.git,topic_libcmis
libcmpiutil,NA,P1,Jyoti,NA,NA,NA,NA,N,N,Built,0.5.7,20.azl3,1,1,libcmpiutil-0.5.7-25.fc41.src.rpm,Default Initialized,Default Initialized,0.5.7,25.fc41,EXISTS_IN_EXT,0.5.7,N,0,Jyoti,NA,NA,NA,NA,NA
libcroco,NA,P1,Jyoti,NA,NA,NA,NA,Revisit No Dnld Ver,Revisit No Dnld Ver,Built,0.6.13,6.azl3,0,0,Default Initialized,Default Initialized,Default Initialized,Not Found,Not Found,EXISTS_IN_EXT,0.6.13,N,0,Jyoti,NA,NA,NA,NA,NA
libdap,NA,P1,Jyoti,11052,https://github.com/microsoft/azurelinux/pull/11052,MERGED,2024-11-13T11:15:04Z,Y,Y,Built,3.20.5,2.azl3,1,1,libdap-3.21.0.27-2.fc41.src.rpm,Default Initialized,Default Initialized,3.21.0.27,2.fc41,EXISTS_IN_EXT,3.20.5,Y,1,Jyoti,https://github.com/microsoft/azurelinux/pull/11052,NA,NA,https://github.com/jykanase/azurelinux.git,topic_libdap
libdatrie,NA,P1,Jyoti,11048,https://github.com/microsoft/azurelinux/pull/11048,MERGED,2024-11-13T09:38:45Z,Y,Y,Built,0.2.9,12.azl3,1,1,libdatrie-0.2.13-10.fc41.src.rpm,Default Initialized,Default Initialized,0.2.13,10.fc41,EXISTS_IN_EXT,0.2.9,Y,1,Jyoti,https://github.com/microsoft/azurelinux/pull/11048,NA,NA,https://github.com/jykanase/azurelinux.git,topic_libdatrie
libdazzle,NA,P1,Jyoti,11047,https://github.com/microsoft/azurelinux/pull/11047,DRAFT,2024-11-13T08:53:38Z,Y,Y,Built,3.36.0,3.azl3,1,1,libdazzle-3.44.0-7.fc41.src.rpm,Default Initialized,Default Initialized,3.44.0,7.fc41,EXISTS_IN_EXT,3.36.0,N,0,Jyoti,https://github.com/microsoft/azurelinux/pull/11047,NA,NA,https://github.com/jykanase/azurelinux.git,topic_libdazzle
libdbi,NA,P1,Jyoti,NA,NA,NA,NA,N,N,Built,0.9.0,16.azl3,1,1,libdbi-0.9.0-25.fc41.src.rpm,Default Initialized,Default Initialized,0.9.0,25.fc41,EXISTS_IN_EXT,0.9.0,N,0,Jyoti,NA,NA,NA,NA,NA
libdbi-drivers,NA,P1,Jyoti,NA,NA,NA,NA,Revisit No Bld Ver,Revisit No Bld Ver,Not Found,Not Found,Not Found,1,1,libdbi-drivers-0.9.0-29.fc41.src.rpm,Default Initialized,Default Initialized,0.9.0,29.fc41,REMOVED_FROM_BOTH,Not Found,N,0,Jyoti,NA,NA,NA,NA,NA
libdbusmenu,NA,P1,Jyoti,NA,NA,NA,NA,N,N,Built,16.04.0,18.azl3,1,1,libdbusmenu-16.04.0-28.fc41.src.rpm,Default Initialized,Default Initialized,16.04.0,28.fc41,EXISTS_IN_EXT,16.04.0,Y,1,Jyoti,NA,NA,NA,NA,NA
libdc1394,NA,P1,Jyoti,11070,https://github.com/microsoft/azurelinux/pull/11070,OPEN,2024-11-14T08:21:19Z,Y,Y,Built,2.2.2,15.azl3,1,1,libdc1394-2.2.7-6.fc41.src.rpm,Default Initialized,Default Initialized,2.2.7,6.fc41,EXISTS_IN_EXT,2.2.2,Y,1,Jyoti,NA,NA,NA,https://github.com/jykanase/azurelinux.git,topic_libdc1394
libdeflate,NA,P1,Jyoti,10658,https://github.com/microsoft/azurelinux/pull/10658,MERGED,2024-10-08T13:28:16Z,Y,Y,Built,1.9,4.azl3,1,1,libdeflate-1.23-1.fc41.src.rpm,Default Initialized,Default Initialized,1.23,1.fc41,EXISTS_IN_EXT,1.9,N,0,Jyoti,https://github.com/microsoft/azurelinux/pull/10658,NA,NA,https://github.com/jykanase/azurelinux.git,topic_libdeflate
libdmx,NA,P1,Jyoti,11142,https://github.com/microsoft/azurelinux/pull/11142,MERGED,2024-11-19T12:48:40Z,Y,Y,Built,1.1.4,8.azl3,1,1,libdmx-1.1.5-4.fc41.src.rpm,Default Initialized,Default Initialized,1.1.5,4.fc41,EXISTS_IN_EXT,1.1.4,Y,1,Jyoti,https://github.com/microsoft/azurelinux/pull/11142,NA,NA,https://github.com/jykanase/azurelinux.git,topic_libdmx
libdvdnav,NA,P1,Jyoti,11072,https://github.com/microsoft/azurelinux/pull/11072,OPEN,2024-11-14T11:08:45Z,Y,Y,Built,6.0.1,4.azl3,1,1,libdvdnav-6.1.1-9.fc41.src.rpm,Default Initialized,Default Initialized,6.1.1,9.fc41,EXISTS_IN_EXT,6.0.1,Y,1,Jyoti,NA,NA,NA,https://github.com/jykanase/azurelinux.git,topic_libdvdnav
libdvdread,NA,P1,Jyoti,11073,https://github.com/microsoft/azurelinux/pull/11073,MERGED,2024-11-14T12:31:50Z,Y,Y,Built,6.0.2,4.azl3,1,1,libdvdread-6.1.3-7.fc41.src.rpm,Default Initialized,Default Initialized,6.1.3,7.fc41,EXISTS_IN_EXT,6.0.2,Y,1,Jyoti,https://github.com/microsoft/azurelinux/pull/11073,NA,NA,https://github.com/jykanase/azurelinux.git,topic_libdvdread
libeasyfc,NA,P0,Jyoti,11143,https://github.com/microsoft/azurelinux/pull/11143,OPEN,2024-11-19T13:40:55Z,Y,Y,Built,0.14.0,8.azl3,1,1,libeasyfc-0.14.1-4.fc41.src.rpm,Default Initialized,Default Initialized,0.14.1,4.fc41,EXISTS_IN_EXT,0.14.0,Y,1,Jyoti,https://github.com/microsoft/azurelinux/pull/11143,NA,NA,https://github.com/jykanase/azurelinux.git,topic_libeasyfc
libecap,NA,P1,Jyoti,12634,https://github.com/microsoft/azurelinux/pull/12634,MERGED,2025-02-26T11:19:11Z,N,N,Built,1.0.1,7.azl3,1,1,libecap-1.0.1-18.fc41.src.rpm,Default Initialized,Default Initialized,1.0.1,18.fc41,EXISTS_IN_EXT,1.0.1,Y,1,Jagadeesh,NA,NA,NA,https://github.com/jykanase/azurelinux.git,topic_libecap_specs
libecb,NA,P1,Jagadeesh,NA,NA,NA,NA,N,N,Built,9.30,2.azl3,1,1,libecb-0.20230911-4.fc41.src.rpm,Default Initialized,Default Initialized,0.20230911,4.fc41,EXISTS_IN_EXT,9.30,Y,1,Jagadeesh,NA,NA,NA,NA,NA
libeot,NA,P1,Jagadeesh,NA,NA,NA,NA,N,N,Built,0.01,14.azl3,1,1,libeot-0.01-32.fc41.src.rpm,Default Initialized,Default Initialized,0.01,32.fc41,EXISTS_IN_EXT,0.01,Y,1,Jagadeesh,NA,NA,NA,NA,NA
libepubgen,NA,P1,Jagadeesh,NA,NA,NA,NA,N,N,Built,0.1.1,6.azl3,1,1,libepubgen-0.1.1-19.fc41.src.rpm,Default Initialized,Default Initialized,0.1.1,19.fc41,EXISTS_IN_EXT,0.1.1,Y,1,Jagadeesh,NA,NA,NA,NA,NA
libesmtp,NA,P1,Jagadeesh,NA,NA,NA,NA,N,N,Built,1.0.6,21.azl3,1,1,libesmtp-1.0.6-31.fc41.src.rpm,Default Initialized,Default Initialized,1.0.6,31.fc41,EXISTS_IN_EXT,1.0.6,Y,1,Jagadeesh,NA,NA,NA,NA,NA
libetonyek,NA,P1,Jagadeesh,NA,NA,NA,NA,Revisit Ver Compare,Revisit Ver Compare,Failed,0.1.9,7.azl3,1,1,libetonyek-0.1.11~20230802.git9c3a8cb-6.fc41.sr,Default Initialized,Default Initialized,0.1.11~20230802.git9c3a8cb,6.fc41.sr,EXISTS_IN_EXT,0.1.9,N,0,Jagadeesh,NA,NA,NA,NA,NA
libexttextcat,NA,P1,Jagadeesh,10918,https://github.com/microsoft/azurelinux/pull/10918,MERGED,2024-11-04T06:16:46Z,Y,Y,Built,3.4.5,7.azl3,1,1,libexttextcat-3.4.6-10.fc41.src.rpm,Default Initialized,Default Initialized,3.4.6,10.fc41,EXISTS_IN_EXT,3.4.5,Y,1,Jagadeesh,https://github.com/microsoft/azurelinux/pull/10918,NA,NA,https://github.com/durgajagadeesh/azurelinux_djpalli.git,Topic_libexttextcat
libfreehand,NA,P1,Jagadeesh,NA,NA,NA,NA,N,N,Built,0.1.2,7.azl3,1,1,libfreehand-0.1.2-24.fc41.src.rpm,Default Initialized,Default Initialized,0.1.2,24.fc41,EXISTS_IN_EXT,0.1.2,Y,1,Jagadeesh,NA,NA,NA,NA,NA
libftdi,NA,CP_batch1,Jagadeesh,NA,NA,NA,NA,N,N,Built,1.5,2.azl3,1,1,libftdi-1.5-14.fc41.src.rpm,Default Initialized,Default Initialized,1.5,14.fc41,EXISTS_IN_EXT,1.5,N,0,Jagadeesh,NA,NA,NA,NA,NA
libgadu,NA,P1,Jagadeesh,NA,NA,NA,NA,N,N,Built,1.12.2,11.azl3,1,1,libgadu-1.12.2-27.fc41.src.rpm,Default Initialized,Default Initialized,1.12.2,27.fc41,EXISTS_IN_EXT,1.12.2,Y,1,Jagadeesh,NA,NA,NA,NA,NA
libgdither,NA,P1,Jagadeesh,NA,NA,NA,NA,N,N,Built,0.6,27.azl3,1,1,libgdither-0.6-32.fc41.src.rpm,Default Initialized,Default Initialized,0.6,32.fc41,EXISTS_IN_EXT,0.6,N,0,Jagadeesh,NA,NA,NA,NA,NA
libgee,NA,P1,Jagadeesh,11227,https://github.com/microsoft/azurelinux/pull/11227,MERGED,2024-11-26T16:07:28Z,Y,Y,Built,0.20.3,2.azl3,1,1,libgee-0.20.6-7.fc41.src.rpm,Default Initialized,Default Initialized,0.20.6,7.fc41,EXISTS_IN_EXT,0.20.3,Y,1,Jagadeesh,https://github.com/microsoft/azurelinux/pull/11227,NA,NA,https://github.com/durgajagadeesh/azurelinux_djpalli.git,Topic_libgee
libgee06,NA,P1,Jagadeesh,NA,NA,NA,NA,Revisit No Dnld Ver,Revisit No Dnld Ver,Built,0.6.8,17.azl3,0,0,Default Initialized,Default Initialized,Default Initialized,Not Found,Not Found,EXISTS_IN_EXT,0.6.8,N,0,Jagadeesh,NA,NA,NA,NA,NA
libgeotiff,NA,P1,Jagadeesh,NA,NA,NA,NA,Y,Y,Built,1.7.1,5.azl3,1,1,libgeotiff-1.7.3-2.fc41.src.rpm,Default Initialized,Default Initialized,1.7.3,2.fc41,EXISTS_IN_EXT,1.7.1,N,0,Jagadeesh,NA,NA,NA,NA,NA
libgexiv2,NA,P1,Jagadeesh,11737,https://github.com/microsoft/azurelinux/pull/11737,OPEN,2024-12-31T14:55:17Z,Y,Y,Built,0.14.2,1.azl3,1,1,libgexiv2-0.14.3-2.fc41.src.rpm,Default Initialized,Default Initialized,0.14.3,2.fc41,EXISTS_IN_EXT,0.14.2,Y,1,Jagadeesh,NA,NA,NA,https://github.com/durgajagadeesh/azurelinux_djpalli.git,Topic_Libgexiv2
libgit2-glib,NA,P1,Jagadeesh,NA,NA,NA,NA,Y,Y,Built,0.99.0.1,5.azl3,1,1,libgit2-glib-1.2.0-7.fc41.src.rpm,Default Initialized,Default Initialized,1.2.0,7.fc41,EXISTS_IN_EXT,0.99.0.1,N,0,Jagadeesh,NA,NA,NA,NA,NA
libglade2,NA,P1,Jagadeesh,NA,NA,NA,NA,N,N,Built,2.6.4,24.azl3,1,1,libglade2-2.6.4-33.fc41.src.rpm,Default Initialized,Default Initialized,2.6.4,33.fc41,EXISTS_IN_EXT,2.6.4,Y,1,Jagadeesh,NA,NA,NA,NA,NA
libgovirt,NA,P1,Jagadeesh,NA,NA,NA,NA,N,N,Built,0.3.9,3.azl3,1,1,libgovirt-0.3.9-3.fc39.src.rpm,Default Initialized,Default Initialized,0.3.9,3.fc39,EXISTS_IN_EXT,0.3.9,Y,1,Jagadeesh,NA,NA,NA,NA,NA
libgphoto2,NA,CP_batch1,Kevin,10775,https://github.com/microsoft/azurelinux/pull/10775,MERGED,2024-10-17T20:38:43Z,Y,Y,Built,2.5.27,2.azl3,1,1,libgphoto2-2.5.31-2.fc41.src.rpm,Default Initialized,Default Initialized,2.5.31,2.fc41,EXISTS_IN_EXT,2.5.27,N,0,Kevin,https://github.com/microsoft/azurelinux/pull/10775,NA,NA,https://github.com/kevin-b-lockwood/azurelinux.git,kevin-b-lockwood/libgphoto2-2.5.31-1
libgsf,NA,P1,Jagadeesh,11244,https://github.com/microsoft/azurelinux/pull/11244,OPEN,2024-11-27T14:56:56Z,Y,Y,Built,1.14.47,2.azl3,1,1,libgsf-1.14.53-2.fc41.src.rpm,Default Initialized,Default Initialized,1.14.53,2.fc41,EXISTS_IN_EXT,1.14.47,Y,1,Jagadeesh,NA,NA,NA,https://github.com/durgajagadeesh/azurelinux_djpalli.git,Topic_libgsf
libgta,NA,P1,Jagadeesh,NA,NA,NA,NA,N,N,Built,1.2.1,9.azl3,1,1,libgta-1.2.1-13.fc41.src.rpm,Default Initialized,Default Initialized,1.2.1,13.fc41,EXISTS_IN_EXT,1.2.1,Y,1,Jagadeesh,NA,NA,NA,NA,NA
libgxps,NA,P1,Jagadeesh,11264,https://github.com/microsoft/azurelinux/pull/11264,OPEN,2024-11-28T11:57:45Z,Y,Y,Built,0.3.1,8.azl3,1,1,libgxps-0.3.2-9.fc41.src.rpm,Default Initialized,Default Initialized,0.3.2,9.fc41,EXISTS_IN_EXT,0.3.1,Y,1,Jagadeesh,NA,NA,NA,https://github.com/durgajagadeesh/azurelinux_djpalli.git,Topic_libgxps
libhangul,NA,P1,Jagadeesh,NA,NA,NA,NA,N,N,Built,0.1.0,22.azl3,1,1,libhangul-0.1.0-32.fc41.src.rpm,Default Initialized,Default Initialized,0.1.0,32.fc41,EXISTS_IN_EXT,0.1.0,Y,1,Jagadeesh,NA,NA,NA,NA,NA
libibcommon,NA,P1,Jagadeesh,NA,NA,NA,NA,N,N,Built,1.2.0,21.azl3,1,1,libibcommon-1.2.0-30.fc41.src.rpm,Default Initialized,Default Initialized,1.2.0,30.fc41,EXISTS_IN_EXT,1.2.0,Y,1,Jagadeesh,NA,NA,NA,NA,NA
libicns,NA,P1,Jagadeesh,NA,NA,NA,NA,N,N,Built,0.8.1,20.azl3,1,1,libicns-0.8.1-31.fc41.src.rpm,Default Initialized,Default Initialized,0.8.1,31.fc41,EXISTS_IN_EXT,0.8.1,Y,1,Jagadeesh,NA,NA,NA,NA,NA
libid3tag,NA,P1,Jagadeesh,10843,https://github.com/microsoft/azurelinux/pull/10843,MERGED,2024-10-25T06:23:47Z,Y,Y,Built,0.15.1b,33.azl3,1,1,libid3tag-0.16.3-6.fc41.src.rpm,Default Initialized,Default Initialized,0.16.3,6.fc41,EXISTS_IN_EXT,0.15.1b,Y,1,Jagadeesh,https://github.com/microsoft/azurelinux/pull/10843,NA,NA,https://github.com/durgajagadeesh/azurelinux_djpalli.git,Topic_libid3tag
libidn2,NA,P1,Kevin,NA,NA,NA,NA,Revisit No Bld Ver,Revisit No Bld Ver,Not Found,Not Found,Not Found,1,1,libidn2-2.3.7-2.fc41.src.rpm,Default Initialized,Default Initialized,2.3.7,2.fc41,MOVED_TO_CORE,Not Found,N,0,Kevin,NA,NA,NA,NA,NA
libiec61883,NA,P1,Kevin,NA,NA,NA,NA,N,N,Built,1.2.0,24.azl3,1,1,libiec61883-1.2.0-35.fc41.src.rpm,Default Initialized,Default Initialized,1.2.0,35.fc41,EXISTS_IN_EXT,1.2.0,Y,1,Kevin,NA,NA,NA,NA,NA
libieee1284,NA,P1,Kevin,NA,NA,NA,NA,N,N,Built,0.2.11,33.azl3,1,1,libieee1284-0.2.11-44.fc41.src.rpm,Default Initialized,Default Initialized,0.2.11,44.fc41,EXISTS_IN_EXT,0.2.11,Y,1,Kevin,NA,NA,NA,NA,NA
libimobiledevice,NA,P1,Kevin,NA,NA,NA,NA,Y,Y,Built,1.2.1,1.azl3,1,1,libimobiledevice-1.3.0^20230705git6fc41f5-5.fc4,Default Initialized,Default Initialized,1.3.0^20230705git6fc41f5,5.fc4,EXISTS_IN_EXT,1.2.1,N,0,Kevin,NA,NA,NA,NA,NA
libindicator,NA,P1,Kevin,NA,NA,NA,NA,N,N,Built,12.10.1,24.azl3,1,1,libindicator-12.10.1-29.fc41.src.rpm,Default Initialized,Default Initialized,12.10.1,29.fc41,EXISTS_IN_EXT,12.10.1,Y,1,Kevin,NA,NA,NA,NA,NA
libiodbc,NA,P1,Kevin,10932,https://github.com/microsoft/azurelinux/pull/10932,OPEN,2024-11-05T00:40:26Z,Y,Y,Built,3.52.13,4.azl3,1,1,libiodbc-3.52.15-4.fc39.src.rpm,Default Initialized,Default Initialized,3.52.15,4.fc39,EXISTS_IN_EXT,3.52.13,Y,1,Kevin,https://github.com/microsoft/azurelinux/pull/10932,NA,NA,https://github.com/kevin-b-lockwood/azurelinux.git,libiodbc-3.52.16-1
libipt,NA,CP_batch1,Kevin,10939,https://github.com/microsoft/azurelinux/pull/10939,MERGED,2024-11-05T23:01:41Z,Y,Y,Built,2.0.5,1.azl3,1,1,libipt-2.1.1-2.fc41.src.rpm,Default Initialized,Default Initialized,2.1.1,2.fc41,EXISTS_IN_EXT,2.0.5,N,0,Kevin,https://github.com/microsoft/azurelinux/pull/10939,NA,NA,https://github.com/kevin-b-lockwood/azurelinux.git,kevin-b-lockwood/libipt-2.1.1-1
libiptcdata,NA,P1,Kevin,NA,NA,NA,NA,N,N,Built,1.0.5,6.azl3,1,1,libiptcdata-1.0.5-19.fc41.src.rpm,Default Initialized,Default Initialized,1.0.5,19.fc41,EXISTS_IN_EXT,1.0.5,Y,1,Kevin,NA,NA,NA,NA,NA
libjcat,NA,P1,Kevin,10943,https://github.com/microsoft/azurelinux/pull/10943,MERGED,2024-11-06T00:31:12Z,Y,Y,Built,0.1.6,3.azl3,1,1,libjcat-0.2.2-1.fc41.src.rpm,Default Initialized,Default Initialized,0.2.2,1.fc41,EXISTS_IN_EXT,0.1.6,Y,1,Kevin,https://github.com/microsoft/azurelinux/pull/10943,NA,NA,https://github.com/kevin-b-lockwood/azurelinux.git,kevin-b-lockwood/libjcat-0.2.2-1
libkeepalive,NA,P1,Kevin,NA,NA,NA,NA,N,N,Built,0.3,13.azl3,1,1,libkeepalive-0.3-23.fc41.src.rpm,Default Initialized,Default Initialized,0.3,23.fc41,EXISTS_IN_EXT,0.3,Y,1,Kevin,NA,NA,NA,NA,NA
libkkc,NA,P1,Kevin,NA,NA,NA,NA,N,N,Failed,0.3.5,21.azl3,1,1,libkkc-0.3.5-30.fc41.src.rpm,Default Initialized,Default Initialized,0.3.5,30.fc41,EXISTS_IN_EXT,0.3.5,N,0,Kevin,NA,NA,NA,NA,NA
libkkc-data,NA,P1,Kevin,NA,NA,NA,NA,N,N,Failed,0.2.7,18.azl3,1,1,libkkc-data-0.2.7-27.fc41.src.rpm,Default Initialized,Default Initialized,0.2.7,27.fc41,EXISTS_IN_EXT,0.2.7,N,0,Kevin,NA,NA,NA,NA,NA
libkml,NA,P1,Kevin,NA,NA,NA,NA,N,N,Built,1.3.0,41.azl3,1,1,libkml-1.3.0-49.fc41.src.rpm,Default Initialized,Default Initialized,1.3.0,49.fc41,EXISTS_IN_EXT,1.3.0,N,0,Kevin,NA,NA,NA,NA,NA
liblangtag,NA,P1,Kevin,11154,https://github.com/microsoft/azurelinux/pull/11154,OPEN,2024-11-20T00:38:40Z,Y,Y,Built,0.6.3,3.azl3,1,1,liblangtag-0.6.7-4.fc41.src.rpm,Default Initialized,Default Initialized,0.6.7,4.fc41,EXISTS_IN_EXT,0.6.3,Y,1,Kevin,https://github.com/microsoft/azurelinux/pull/11154,NA,NA,https://github.com/kevin-b-lockwood/azurelinux.git,kevin-b-lockwood/liblangtag-0.6.7-1
libldb,NA,P1,Kevin,NA,NA,NA,NA,Y,Y,Built,2.7.2,1.azl3,1,2,(1/2): samba-4.21.2-1.fc41.src.rpm,(2/2): libldb-2.9.1-4.fc41.src.rpm,Default Initialized,2.9.1,4,EXISTS_IN_EXT,2.7.2,N,0,Kevin,NA,NA,NA,NA,NA
liblerc,NA,P1,Kevin,NA,NA,NA,NA,N,N,Built,4.0.0,3.azl3,1,1,liblerc-4.0.0-7.fc41.src.rpm,Default Initialized,Default Initialized,4.0.0,7.fc41,EXISTS_IN_EXT,4.0.0,N,0,Kevin,NA,NA,NA,NA,NA
liblockfile,NA,P1,Kevin,10977,https://github.com/microsoft/azurelinux/pull/10977,OPEN,2024-11-07T23:59:04Z,Y,Y,Built,1.14,6.azl3,1,1,liblockfile-1.17-9.fc41.src.rpm,Default Initialized,Default Initialized,1.17,9.fc41,EXISTS_IN_EXT,1.14,Y,1,Kevin,https://github.com/microsoft/azurelinux/pull/10977,NA,NA,https://github.com/kevin-b-lockwood/azurelinux.git,kevin-b-lockwood/liblockfile-1.17-1
liblouis,NA,P1,Kevin,10980,https://github.com/microsoft/azurelinux/pull/10980,MERGED,2024-11-08T00:26:33Z,Y,Y,Built,3.26.0,1.azl3,1,1,liblouis-3.28.0-7.fc41.src.rpm,Default Initialized,Default Initialized,3.28.0,7.fc41,EXISTS_IN_EXT,3.26.0,N,0,Kevin,https://github.com/microsoft/azurelinux/pull/10980,NA,NA,https://github.com/kevin-b-lockwood/azurelinux.git,kevin-b-lockwood/liblouis-3.31.0-1
liblqr-1,NA,P1,Kevin,10987,https://github.com/microsoft/azurelinux/pull/10987,OPEN,2024-11-08T22:26:27Z,Revisit No Dnld Ver,Revisit No Dnld Ver,Built,0.4.2,15.azl3,0,0,Default Initialized,Default Initialized,Default Initialized,Not Found,Not Found,EXISTS_IN_EXT,0.4.2,N,0,Kevin,NOT_FOUND,NA,NA,https://github.com/kevin-b-lockwood/azurelinux.git,kevin-b-lockwood/liblqr-1-0.4.3-1
libmad,NA,P1,Kevin,11015,https://github.com/microsoft/azurelinux/pull/11015,MERGED,2024-11-12T00:29:27Z,Y,Y,Built,0.15.1b,30.azl3,1,1,libmad-0.16.4-4.fc41.src.rpm,Default Initialized,Default Initialized,0.16.4,4.fc41,EXISTS_IN_EXT,0.15.1b,Y,1,Kevin,https://github.com/microsoft/azurelinux/pull/11015,NA,NA,https://github.com/kevin-b-lockwood/azurelinux.git,kevin-b-lockwood/libmad-0.16.4-1
libmediaart,NA,P1,Kevin,11036,https://github.com/microsoft/azurelinux/pull/11036,MERGED,2024-11-12T21:28:11Z,Y,Y,Built,1.9.4,10.azl3,1,1,libmediaart-1.9.6-9.fc41.src.rpm,Default Initialized,Default Initialized,1.9.6,9.fc41,EXISTS_IN_EXT,1.9.4,Y,1,Kevin,https://github.com/microsoft/azurelinux/pull/11036,NA,NA,https://github.com/kevin-b-lockwood/azurelinux.git,kevin-b-lockwood/libmediaart-1.9.6-1
libmicrohttpd,NA,P1,Kevin,NA,NA,NA,NA,Revisit No Bld Ver,Revisit No Bld Ver,Not Found,Not Found,Not Found,1,1,libmicrohttpd-1.0.1-2.fc41.src.rpm,Default Initialized,Default Initialized,1.0.1,2.fc41,MOVED_TO_CORE,Not Found,N,0,Kevin,NA,NA,NA,NA,NA
libmikmod,NA,P1,Kevin,NA,NA,NA,NA,N,N,Built,3.3.11.1,14.azl3,1,1,libmikmod-3.3.11.1-19.fc41.src.rpm,Default Initialized,Default Initialized,3.3.11.1,19.fc41,EXISTS_IN_EXT,3.3.11.1,N,0,Kevin,NA,NA,NA,NA,NA
libmodman,NA,P1,Kevin,NA,NA,NA,NA,N,N,Built,2.0.1,23.azl3,1,1,libmodman-2.0.1-32.fc41.src.rpm,Default Initialized,Default Initialized,2.0.1,32.fc41,EXISTS_IN_EXT,2.0.1,Y,1,Kevin,NA,NA,NA,NA,NA
libmodplug,NA,P1,Kevin,NA,NA,NA,NA,N,N,Built,0.8.9.0,12.azl3,1,1,libmodplug-0.8.9.0-25.fc41.src.rpm,Default Initialized,Default Initialized,0.8.9.0,25.fc41,EXISTS_IN_EXT,0.8.9.0,Y,1,Kevin,NA,NA,NA,NA,NA
libmodulemd1,NA,P1,Akarsh,NA,NA,NA,NA,Revisit No Dnld Ver,Revisit No Dnld Ver,Built,1.8.16,4.azl3,0,0,Default Initialized,Default Initialized,Default Initialized,Not Found,Not Found,EXISTS_IN_EXT,1.8.16,N,0,Akarsh,NA,NA,NA,NA,NA
libmpcdec,NA,P1,Akarsh,NA,NA,NA,NA,Y,Y,Built,1.2.6,26.azl3,1,1,libmpcdec-1.3.0^20110810svn475-2.fc41.src.rpm,Default Initialized,Default Initialized,1.3.0^20110810svn475,2.fc41,EXISTS_IN_EXT,1.2.6,N,0,Akarsh,NA,NA,NA,NA,NA
libmspub,NA,P1,Akarsh,NA,NA,NA,NA,N,N,Built,0.1.4,12.azl3,1,1,libmspub-0.1.4-33.fc41.src.rpm,Default Initialized,Default Initialized,0.1.4,33.fc41,EXISTS_IN_EXT,0.1.4,Y,1,Akarsh,NA,NA,NA,NA,NA
libmtp,NA,P1,Akarsh,11113,https://github.com/microsoft/azurelinux/pull/11113,OPEN,2024-11-18T12:58:22Z,Y,Y,Built,1.1.18,2.azl3,1,1,libmtp-1.1.19-8.fc41.src.rpm,Default Initialized,Default Initialized,1.1.19,8.fc41,EXISTS_IN_EXT,1.1.18,Y,1,Akarsh,NA,NA,NA,https://github.com/AkarshHCL/azurelinux.git,topic_libmtp
libmusicbrainz5,NA,P1,Akarsh,NA,NA,NA,NA,N,N,Failed,5.1.0,15.azl3,1,1,libmusicbrainz5-5.1.0-25.fc41.src.rpm,Default Initialized,Default Initialized,5.1.0,25.fc41,EXISTS_IN_EXT,5.1.0,Y,1,Akarsh,NA,NA,NA,NA,NA
libmwaw,NA,P1,Akarsh,11138,https://github.com/microsoft/azurelinux/pull/11138,OPEN,2024-11-19T08:41:29Z,Y,Y,Built,0.3.17,2.azl3,1,1,libmwaw-0.3.22-4.fc41.src.rpm,Default Initialized,Default Initialized,0.3.22,4.fc41,EXISTS_IN_EXT,0.3.17,Y,1,Akarsh,NA,NA,NA,https://github.com/AkarshHCL/azurelinux.git,topic_libmwaw
libnet,NA,P1,Akarsh,11137,https://github.com/microsoft/azurelinux/pull/11137,OPEN,2024-11-19T08:15:54Z,Y,Y,Built,1.2,2.azl3,1,1,libnet-1.3-4.fc41.src.rpm,Default Initialized,Default Initialized,1.3,4.fc41,EXISTS_IN_EXT,1.2,Y,1,Akarsh,NA,NA,NA,https://github.com/AkarshHCL/azurelinux.git,topic_libnet
libntlm,NA,P1,Akarsh,NA,NA,NA,NA,N,N,Built,1.6,1.azl3,1,1,libntlm-1.6-10.fc41.src.rpm,Default Initialized,Default Initialized,1.6,10.fc41,EXISTS_IN_EXT,1.6,Y,1,Akarsh,NA,NA,NA,NA,NA
libnumbertext,NA,P1,Akarsh,11157,https://github.com/microsoft/azurelinux/pull/11157,OPEN,2024-11-20T14:25:28Z,Y,Y,Built,1.0.5,5.azl3,1,1,libnumbertext-1.0.11-7.fc41.src.rpm,Default Initialized,Default Initialized,1.0.11,7.fc41,EXISTS_IN_EXT,1.0.5,Y,1,Akarsh,NA,NA,NA,https://github.com/AkarshHCL/azurelinux.git,topic_libnumbertext
liboauth,NA,P1,Akarsh,NA,NA,NA,NA,N,N,Built,1.0.3,15.azl3,1,1,liboauth-1.0.3-24.fc41.src.rpm,Default Initialized,Default Initialized,1.0.3,24.fc41,EXISTS_IN_EXT,1.0.3,Y,1,Akarsh,NA,NA,NA,NA,NA
libodfgen,NA,P1,Akarsh,NA,NA,NA,NA,N,N,Built,0.1.8,2.azl3,1,1,libodfgen-0.1.8-12.fc41.src.rpm,Default Initialized,Default Initialized,0.1.8,12.fc41,EXISTS_IN_EXT,0.1.8,Y,1,Akarsh,NA,NA,NA,NA,NA
libofa,NA,P1,Akarsh,NA,NA,NA,NA,N,N,Built,0.9.3,42.azl3,1,1,libofa-0.9.3-48.fc41.src.rpm,Default Initialized,Default Initialized,0.9.3,48.fc41,EXISTS_IN_EXT,0.9.3,N,0,Akarsh,NA,NA,NA,NA,NA
libogg,NA,P1,Akarsh,11158,https://github.com/microsoft/azurelinux/pull/11158,OPEN,2024-11-20T14:51:00Z,Y,Y,Built,1.3.4,4.azl3,1,1,libogg-1.3.5-9.fc41.src.rpm,Default Initialized,Default Initialized,1.3.5,9.fc41,EXISTS_IN_EXT,1.3.4,Y,1,Akarsh,NA,NA,NA,https://github.com/AkarshHCL/azurelinux.git,topic_libogg
liboggz,NA,P1,Akarsh,NA,NA,NA,NA,N,N,Built,1.1.1,20.azl3,1,1,liboggz-1.1.1-29.fc41.src.rpm,Default Initialized,Default Initialized,1.1.1,29.fc41,EXISTS_IN_EXT,1.1.1,N,0,Akarsh,NA,NA,NA,NA,NA
liboil,NA,P1,Akarsh,NA,NA,NA,NA,N,N,Built,0.3.16,22.azl3,1,1,liboil-0.3.16-34.fc41.src.rpm,Default Initialized,Default Initialized,0.3.16,34.fc41,EXISTS_IN_EXT,0.3.16,Y,1,Akarsh,NA,NA,NA,NA,NA
libomxil-bellagio,NA,P1,Akarsh,NA,NA,NA,NA,Revisit No Dnld Ver,Revisit No Dnld Ver,Built,0.9.3,29.azl3,0,0,Default Initialized,Default Initialized,Default Initialized,Not Found,Not Found,EXISTS_IN_EXT,0.9.3,N,0,Akarsh,NA,NA,NA,NA,NA
libopenraw,NA,P1,Akarsh,NA,NA,NA,NA,N,N,Built,0.1.3,8.azl3,1,1,libopenraw-0.1.3-18.fc41.src.rpm,Default Initialized,Default Initialized,0.1.3,18.fc41,EXISTS_IN_EXT,0.1.3,Y,1,Akarsh,NA,NA,NA,NA,NA
liboping,NA,P1,Akarsh,NA,NA,NA,NA,N,N,Built,1.10.0,14.azl3,1,1,liboping-1.10.0-30.fc41.src.rpm,Default Initialized,Default Initialized,1.10.0,30.fc41,EXISTS_IN_EXT,1.10.0,Y,1,Akarsh,NA,NA,NA,NA,NA
libosinfo,NA,P1,Akarsh,11159,https://github.com/microsoft/azurelinux/pull/11159,OPEN,2024-11-20T16:45:02Z,Y,Y,Built,1.10.0,2.azl3,1,1,libosinfo-1.11.0-7.fc41.src.rpm,Default Initialized,Default Initialized,1.11.0,7.fc41,EXISTS_IN_EXT,1.10.0,Y,1,Akarsh,NA,NA,NA,https://github.com/AkarshHCL/azurelinux.git,topic_libosinfo
libotf,NA,P1,Akarsh,11168,https://github.com/microsoft/azurelinux/pull/11168,OPEN,2024-11-20T21:10:40Z,Y,Y,Built,0.9.13,16.azl3,1,1,libotf-0.9.16-5.fc41.src.rpm,Default Initialized,Default Initialized,0.9.16,5.fc41,EXISTS_IN_EXT,0.9.13,Y,1,Akarsh,NA,NA,NA,https://github.com/AkarshHCL/azurelinux.git,topic_libotf
libotr,NA,P1,Sumit,11207,https://github.com/microsoft/azurelinux/pull/11207,OPEN,2024-11-25T16:23:49Z,N,Y,Failed,4.1.1,10.azl3,1,1,libotr-4.1.1-21.fc41.src.rpm,Default Initialized,Default Initialized,4.1.1,21.fc41,EXISTS_IN_EXT,4.1.1,Y,1,Sumit,https://github.com/microsoft/azurelinux/pull/11207,NA,NA,https://github.com/SumitJenaHCL/azurelinux.git,topic_libotr
libpagemaker,NA,P1,Akarsh,NA,NA,NA,NA,N,N,Built,0.0.4,9.azl3,1,1,libpagemaker-0.0.4-24.fc41.src.rpm,Default Initialized,Default Initialized,0.0.4,24.fc41,EXISTS_IN_EXT,0.0.4,Y,1,Akarsh,NA,NA,NA,NA,NA
libpaper,NA,P0,Akarsh,NA,NA,NA,NA,Y,Y,Built,1.1.28,2.azl3,1,1,libpaper-2.1.1-7.fc41.src.rpm,Default Initialized,Default Initialized,2.1.1,7.fc41,EXISTS_IN_EXT,1.1.28,Y,1,Akarsh,NA,NA,NA,NA,NA
libpeas,NA,P1,Archana,NA,NA,NA,NA,Y,Y,Failed,1.26.0,3.azl3,1,1,libpeas-2.0.5-1.fc41.src.rpm,Default Initialized,Default Initialized,2.0.5,1.fc41,EXISTS_IN_EXT,1.26.0,N,0,Akarsh,NA,NA,NA,NA,NA
libpfm,NA,P0,Akarsh,11646,https://github.com/microsoft/azurelinux/pull/11646,OPEN,2024-12-22T20:17:23Z,Y,Y,Failed,4.10.1,11.azl3,1,1,libpfm-4.13.0-10.fc41.src.rpm,Default Initialized,Default Initialized,4.13.0,10.fc41,EXISTS_IN_EXT,4.10.1,Y,1,Akarsh,https://github.com/microsoft/azurelinux/pull/11646,NA,NA,https://github.com/AkarshHCL/azurelinux.git,topic_libpfm
libpinyin,NA,P1,Sumit,11014,https://github.com/microsoft/azurelinux/pull/11014,MERGED,2024-11-12T00:11:42Z,Y,Y,Built,2.3.0,4.azl3,1,1,libpinyin-2.9.91-1.fc41.src.rpm,Default Initialized,Default Initialized,2.9.91,1.fc41,EXISTS_IN_EXT,2.3.0,Y,1,Sumit,NA,NA,NA,https://github.com/SumitJenaHCL/azurelinux.git,topic_libpinyin
libplist,NA,CP_batch1,Kevin,10884,https://github.com/microsoft/azurelinux/pull/10884,MERGED,2024-10-29T22:28:58Z,Y,Y,Built,2.1.0,4.azl3,1,1,libplist-2.3.0-6.fc41.src.rpm,Default Initialized,Default Initialized,2.3.0,6.fc41,EXISTS_IN_EXT,2.1.0,N,0,Kevin,https://github.com/microsoft/azurelinux/pull/10884,NA,NA,https://github.com/kevin-b-lockwood/azurelinux.git,kevin-b-lockwood/libplist-2.6.0-1
libpmemobj-cpp,NA,P1,Sumit,NA,NA,NA,NA,Revisit No Dnld Ver,Revisit No Dnld Ver,Built,1.9,4.azl3,0,0,Default Initialized,Default Initialized,Default Initialized,Not Found,Not Found,EXISTS_IN_EXT,1.9,N,0,Sumit,NA,NA,NA,NA,NA
libpng12,NA,P1,Sumit,NA,NA,NA,NA,N,N,Built,1.2.57,16.azl3,1,1,libpng12-1.2.57-21.fc41.src.rpm,Default Initialized,Default Initialized,1.2.57,21.fc41,EXISTS_IN_EXT,1.2.57,Y,1,Sumit,NA,NA,NA,NA,NA
libpng15,NA,P1,Sumit,NA,NA,NA,NA,N,N,Built,1.5.30,15.azl3,1,1,libpng15-1.5.30-20.fc41.src.rpm,Default Initialized,Default Initialized,1.5.30,20.fc41,EXISTS_IN_EXT,1.5.30,Y,1,Sumit,NA,NA,NA,NA,NA
libproxy,NA,P1,Sumit,11241,https://github.com/microsoft/azurelinux/pull/11241,OPEN,2024-11-27T07:53:19Z,Y,Y,Failed,0.4.17,5.azl3,1,1,libproxy-0.5.8-1.fc41.src.rpm,Default Initialized,Default Initialized,0.5.8,1.fc41,EXISTS_IN_EXT,0.4.17,N,0,Sumit,https://github.com/microsoft/azurelinux/pull/11241,NA,NA,https://github.com/SumitJenaHCL/azurelinux.git,topic_libproxy
libqb,NA,P1,Sumit,11017,https://github.com/microsoft/azurelinux/pull/11017,MERGED,2024-11-12T02:43:59Z,Y,Y,Built,1.0.5,7.azl3,1,1,libqb-2.0.8-5.fc41.src.rpm,Default Initialized,Default Initialized,2.0.8,5.fc41,EXISTS_IN_EXT,1.0.5,Y,1,Sumit,https://github.com/microsoft/azurelinux/pull/11017,NA,NA,https://github.com/SumitJenaHCL/azurelinux.git,topic_libqb
libqxp,NA,P1,Sumit,NA,NA,NA,NA,N,N,Built,0.0.2,7.azl3,1,1,libqxp-0.0.2-27.fc41.src.rpm,Default Initialized,Default Initialized,0.0.2,27.fc41,EXISTS_IN_EXT,0.0.2,Y,1,Sumit,NA,NA,NA,NA,NA
librabbitmq,NA,P1,Sumit,11018,https://github.com/microsoft/azurelinux/pull/11018,MERGED,2024-11-12T03:26:10Z,Y,Y,Failed,0.10.0,4.azl3,1,1,librabbitmq-0.15.0-1.fc41.src.rpm,Default Initialized,Default Initialized,0.15.0,1.fc41,EXISTS_IN_EXT,0.10.0,Y,1,Sumit,https://github.com/microsoft/azurelinux/pull/11018,NA,NA,https://github.com/SumitJenaHCL/azurelinux.git,topic_librabbitmq
libraqm,NA,P1,Sumit,11021,https://github.com/microsoft/azurelinux/pull/11021,MERGED,2024-11-12T03:46:45Z,Y,Y,Built,0.7.0,7.azl3,1,1,libraqm-0.8.0-8.fc41.src.rpm,Default Initialized,Default Initialized,0.8.0,8.fc41,EXISTS_IN_EXT,0.7.0,Y,1,Sumit,https://github.com/microsoft/azurelinux/pull/11021,NA,NA,https://github.com/SumitJenaHCL/azurelinux.git,topic_libraqm
libraw1394,NA,P1,Sumit,NA,NA,NA,NA,N,N,Built,2.1.2,12.azl3,1,1,libraw1394-2.1.2-21.fc41.src.rpm,Default Initialized,Default Initialized,2.1.2,21.fc41,EXISTS_IN_EXT,2.1.2,Y,1,Sumit,NA,NA,NA,NA,NA
libreport,NA,P1,Sumit,11242,https://github.com/microsoft/azurelinux/pull/11242,OPEN,2024-11-27T08:30:42Z,Y,Y,Failed,2.13.1,9.azl3,1,1,libreport-2.17.15-3.fc41.src.rpm,Default Initialized,Default Initialized,2.17.15,3.fc41,EXISTS_IN_EXT,2.13.1,Y,1,Sumit,NA,NA,NA,https://github.com/SumitJenaHCL/azurelinux.git,topic_libreport
librevenge,NA,P1,Sumit,11022,https://github.com/microsoft/azurelinux/pull/11022,OPEN,2024-11-12T04:16:03Z,Y,Y,Built,0.0.4,18.azl3,1,1,librevenge-0.0.5-8.fc41.src.rpm,Default Initialized,Default Initialized,0.0.5,8.fc41,EXISTS_IN_EXT,0.0.4,Y,1,Sumit,https://github.com/microsoft/azurelinux/pull/11022,NA,NA,https://github.com/SumitJenaHCL/azurelinux.git,topic_librevenge
librx,NA,CP_batch1,Sumit,NA,NA,NA,NA,N,N,Built,1.5,38.azl3,1,1,librx-1.5-48.fc41.src.rpm,Default Initialized,Default Initialized,1.5,48.fc41,EXISTS_IN_EXT,1.5,N,0,Sumit,NA,NA,NA,NA,NA
libsamplerate,NA,P1,Sumit,NA,NA,NA,NA,N,N,Built,0.2.2,4.azl3,1,1,libsamplerate-0.2.2-9.fc41.src.rpm,Default Initialized,Default Initialized,0.2.2,9.fc41,EXISTS_IN_EXT,0.2.2,N,0,Sumit,NA,NA,NA,NA,NA
libsass,NA,P1,Sumit,11023,https://github.com/microsoft/azurelinux/pull/11023,MERGED,2024-11-12T04:42:26Z,Y,Y,Built,3.6.3,3.azl3,1,1,libsass-3.6.6-2.fc41.src.rpm,Default Initialized,Default Initialized,3.6.6,2.fc41,EXISTS_IN_EXT,3.6.3,Y,1,Sumit,https://github.com/microsoft/azurelinux/pull/11023,NA,NA,https://github.com/SumitJenaHCL/azurelinux.git,topic_libsass
libsecret,NA,P1,Sumit,11226,https://github.com/microsoft/azurelinux/pull/11226,OPEN,2024-11-26T15:31:05Z,Y,Y,Built,0.20.4,2.azl3,1,1,libsecret-0.21.4-3.fc41.src.rpm,Default Initialized,Default Initialized,0.21.4,3.fc41,EXISTS_IN_EXT,0.20.4,N,0,Sumit,https://github.com/microsoft/azurelinux/pull/11226,NA,NA,https://github.com/SumitJenaHCL/azurelinux.git,topic_libsecret
libsigc++20,NA,CP_batch1,Sumit,11046,https://github.com/microsoft/azurelinux/pull/11046,MERGED,2024-11-13T08:44:25Z,Y,Y,Built,2.10.3,2.azl3,1,1,libsigc++20-2.12.1-3.fc41.src.rpm,Default Initialized,Default Initialized,2.12.1,3.fc41,EXISTS_IN_EXT,2.10.3,N,0,Sumit,https://github.com/microsoft/azurelinux/pull/11046,NA,NA,https://github.com/SumitJenaHCL/azurelinux.git,topic_libsigc++20
libsigsegv,NA,P1,Sumit,11056,https://github.com/microsoft/azurelinux/pull/11056,MERGED,2024-11-13T19:55:42Z,Y,Y,Built,2.11,11.azl3,1,1,libsigsegv-2.14-9.fc41.src.rpm,Default Initialized,Default Initialized,2.14,9.fc41,EXISTS_IN_EXT,2.11,Y,1,Sumit,https://github.com/microsoft/azurelinux/pull/11056,NA,NA,https://github.com/SumitJenaHCL/azurelinux.git,topic_ibsigsegv
libsmbios,NA,P1,Sumit,11057,https://github.com/microsoft/azurelinux/pull/11057,MERGED,2024-11-13T20:24:21Z,Y,Y,Failed,2.4.2,8.azl3,1,1,libsmbios-2.4.3-15.fc41.src.rpm,Default Initialized,Default Initialized,2.4.3,15.fc41,EXISTS_IN_EXT,2.4.2,Y,1,Sumit,https://github.com/microsoft/azurelinux/pull/11057,NA,NA,https://github.com/SumitJenaHCL/azurelinux.git,topic_ibsmbios
libspiro,NA,P1,Sumit,11058,https://github.com/microsoft/azurelinux/pull/11058,OPEN,2024-11-13T20:47:08Z,N,Y,Built,20221101,1.azl3,1,1,libspiro-20221101-7.fc41.src.rpm,Default Initialized,Default Initialized,20221101,7.fc41,EXISTS_IN_EXT,20221101,Y,1,Sumit,https://github.com/microsoft/azurelinux/pull/11058,NA,NA,https://github.com/SumitJenaHCL/azurelinux.git,topic_libspiro
libsrtp,NA,P1,Sumit,11061,https://github.com/microsoft/azurelinux/pull/11061,OPEN,2024-11-13T21:14:05Z,Y,Y,Built,2.3.0,3.azl3,1,1,libsrtp-2.6.0-1.fc41.src.rpm,Default Initialized,Default Initialized,2.6.0,1.fc41,EXISTS_IN_EXT,2.3.0,Y,1,Sumit,https://github.com/microsoft/azurelinux/pull/11061,NA,NA,https://github.com/SumitJenaHCL/azurelinux.git,topic_libsrtp
libstaroffice,NA,P1,Sumit,NA,NA,NA,NA,N,N,Built,0.0.7,2.azl3,1,1,libstaroffice-0.0.7-14.fc41.src.rpm,Default Initialized,Default Initialized,0.0.7,14.fc41,EXISTS_IN_EXT,0.0.7,Y,1,Sumit,NA,NA,NA,NA,NA
libstemmer,snowball,P1,Sumit,NA,NA,NA,NA,Revisit Ver Compare,Revisit Ver Compare,Built,0,15.azl3,1,1,snowball-2.2.0-13.fc41.src.rpm,Default Initialized,Default Initialized,2.2.0,13.fc41,EXISTS_IN_EXT,0,N,0,Sumit,NA,NA,NA,NA,NA
libtdb,NA,P1,Jyoti,12633,https://github.com/microsoft/azurelinux/pull/12633,MERGED,2025-02-26T11:04:54Z,Y,Y,Built,1.4.8,1.azl3,1,1,libtdb-1.4.12-3.fc41.src.rpm,Default Initialized,Default Initialized,1.4.12,3.fc41,EXISTS_IN_EXT,1.4.8,Y,1,Sumit,https://github.com/microsoft/azurelinux/pull/11062,NA,NA,https://github.com/jykanase/azurelinux.git,topic_libtdb_specs
libteam,NA,P1,Sreenivasulu,11040,https://github.com/microsoft/azurelinux/pull/11040,MERGED,2024-11-12T23:39:58Z,Y,Y,Built,1.30,3.azl3,1,1,libteam-1.32-9.fc41.src.rpm,Default Initialized,Default Initialized,1.32,9.fc41,EXISTS_IN_EXT,1.30,Y,1,Sreenivasulu,NA,NA,NA,https://github.com/v-smalavathu/azurelinux1.git,topic_libteam
libtevent,NA,CP_batch1,Sreenivasulu,11180,https://github.com/microsoft/azurelinux/pull/11180,OPEN,2024-11-22T00:32:53Z,Y,Y,Built,0.14.1,1.azl3,1,1,libtevent-0.16.1-4.fc41.src.rpm,Default Initialized,Default Initialized,0.16.1,4.fc41,EXISTS_IN_EXT,0.14.1,N,0,Sreenivasulu,NA,NA,NA,https://github.com/v-smalavathu/azurelinux1.git,topic_libtevent
libthai,NA,P1,Sreenivasulu,11064,https://github.com/microsoft/azurelinux/pull/11064,MERGED,2024-11-13T23:31:57Z,Y,Y,Built,0.1.28,5.azl3,1,1,libthai-0.1.29-9.fc41.src.rpm,Default Initialized,Default Initialized,0.1.29,9.fc41,EXISTS_IN_EXT,0.1.28,Y,1,Sreenivasulu,NA,NA,NA,https://github.com/v-smalavathu/azurelinux1.git,topic_libthai
libtheora,NA,P1,Sreenivasulu,NA,NA,NA,NA,N,N,Built,1.1.1,1.azl3,1,1,libtheora-1.1.1-38.fc41.src.rpm,Default Initialized,Default Initialized,1.1.1,38.fc41,EXISTS_IN_EXT,1.1.1,N,0,Sreenivasulu,NA,NA,NA,NA,NA
libtnc,NA,CP_batch1,Archana,NA,NA,NA,NA,N,N,Built,1.25,26.azl3,1,1,libtnc-1.25-44.fc41.src.rpm,Default Initialized,Default Initialized,1.25,44.fc41,EXISTS_IN_EXT,1.25,N,0,Sreenivasulu,NA,NA,NA,NA,NA
libtomcrypt,NA,P1,Sreenivasulu,NA,NA,NA,NA,N,N,Built,1.18.2,9.azl3,1,1,libtomcrypt-1.18.2-20.fc41.src.rpm,Default Initialized,Default Initialized,1.18.2,20.fc41,EXISTS_IN_EXT,1.18.2,Y,1,Sreenivasulu,NA,NA,NA,NA,NA
libtommath,NA,P1,Sreenivasulu,11088,https://github.com/microsoft/azurelinux/pull/11088,MERGED,2024-11-15T00:42:04Z,Y,Y,Built,1.1.0,5.azl3,1,1,libtommath-1.3.1~rc1-2.fc41.src.rpm,Default Initialized,Default Initialized,1.3.1~rc1,2.fc41,EXISTS_IN_EXT,1.1.0,N,0,Sreenivasulu,https://github.com/microsoft/azurelinux/pull/11088,NA,NA,https://github.com/v-smalavathu/azurelinux1.git,topic_libtommath
libtranslit,NA,P1,Sreenivasulu,NA,NA,NA,NA,N,N,Built,0.0.3,27.azl3,1,1,libtranslit-0.0.3-44.fc41.src.rpm,Default Initialized,Default Initialized,0.0.3,44.fc41,EXISTS_IN_EXT,0.0.3,Y,1,Sreenivasulu,NA,NA,NA,NA,NA
libucil,NA,P1,Sreenivasulu,NA,NA,NA,NA,Revisit No Dnld Ver,Revisit No Dnld Ver,Failed,0.9.10,23.azl3,0,0,Default Initialized,Default Initialized,Default Initialized,Not Found,Not Found,EXISTS_IN_EXT,0.9.10,N,0,Sreenivasulu,NA,NA,NA,NA,NA
libunicap,NA,P1,Sreenivasulu,NA,NA,NA,NA,Revisit No Dnld Ver,Revisit No Dnld Ver,Failed,0.9.12,29.azl3,0,0,Default Initialized,Default Initialized,Default Initialized,Not Found,Not Found,EXISTS_IN_EXT,0.9.12,N,0,Sreenivasulu,NA,NA,NA,NA,NA
libuninameslist,NA,P1,Sreenivasulu,11101,https://github.com/microsoft/azurelinux/pull/11101,MERGED,2024-11-15T17:46:53Z,Y,Y,Built,20200313,2.azl3,1,1,libuninameslist-20230916-4.fc41.src.rpm,Default Initialized,Default Initialized,20230916,4.fc41,EXISTS_IN_EXT,20200313,Y,1,Sreenivasulu,https://github.com/microsoft/azurelinux/pull/11101,NA,NA,https://github.com/v-smalavathu/azurelinux1.git,topic_libuninameslist
libusbmuxd,NA,P1,Kevin,10905,https://github.com/microsoft/azurelinux/pull/10905,OPEN,2024-10-31T22:47:44Z,Revisit Ver Compare,Revisit Ver Compare,Built,2.0.0,3.azl3,1,1,libusbmuxd-2.0.2^20230620git8d30a55-6.fc41.src.,Default Initialized,Default Initialized,2.0.2^20230620git8d30a55,6.fc41.src.,EXISTS_IN_EXT,2.0.0,N,0,Kevin,https://github.com/microsoft/azurelinux/pull/10905,NA,NA,https://github.com/kevin-b-lockwood/azurelinux.git,kevin-b-lockwood/libusbmuxd-2.1.0-1
libuser,NA,P1,Sreenivasulu,NA,NA,NA,NA,Revisit No Bld Ver,Revisit No Bld Ver,Not Found,Not Found,Not Found,1,1,libuser-0.64-11.fc41.src.rpm,Default Initialized,Default Initialized,0.64,11.fc41,MOVED_TO_CORE,Not Found,N,0,Sreenivasulu,NA,NA,NA,NA,NA
libutempter,NA,P1,Sreenivasulu,11116,https://github.com/microsoft/azurelinux/pull/11116,DRAFT,2024-11-18T19:18:12Z,Y,Y,Built,1.1.6,19.azl3,1,1,libutempter-1.2.1-15.fc41.src.rpm,Default Initialized,Default Initialized,1.2.1,15.fc41,EXISTS_IN_EXT,1.1.6,Y,1,Sreenivasulu,NA,NA,NA,https://github.com/v-smalavathu/azurelinux1.git,topic_libutempter
libva,NA,P1,Sreenivasulu,NA,NA,NA,NA,Revisit No Bld Ver,Revisit No Bld Ver,Not Found,Not Found,Not Found,1,1,libva-2.22.0-3.fc41.src.rpm,Default Initialized,Default Initialized,2.22.0,3.fc41,MOVED_TO_CORE,Not Found,N,0,Sreenivasulu,NA,NA,NA,NA,NA
libvarlink,NA,P1,Sreenivasulu,11148,https://github.com/microsoft/azurelinux/pull/11148,MERGED,2024-11-19T21:42:36Z,Y,Y,Built,18,4.azl3,1,1,libvarlink-23-9.fc41.src.rpm,Default Initialized,Default Initialized,23,9.fc41,EXISTS_IN_EXT,18,N,0,Sreenivasulu,NA,NA,NA,https://github.com/v-smalavathu/azurelinux1.git,topic_libvarlink
libvdpau,NA,P1,Sreenivasulu,11161,https://github.com/microsoft/azurelinux/pull/11161,OPEN,2024-11-20T18:40:15Z,Y,Y,Built,1.4,33.azl3,1,1,libvdpau-1.5-8.fc41.src.rpm,Default Initialized,Default Initialized,1.5,8.fc41,EXISTS_IN_EXT,1.4,N,0,Sreenivasulu,https://github.com/microsoft/azurelinux/pull/11161,NA,NA,https://github.com/v-smalavathu/azurelinux1.git,topic_libvdpau
libverto,NA,P1,Sreenivasulu,11089,https://github.com/microsoft/azurelinux/pull/11089,MERGED,2024-11-15T02:03:23Z,Y,Y,Built,0.3.0,10.azl3,1,1,libverto-0.3.2-9.fc41.src.rpm,Default Initialized,Default Initialized,0.3.2,9.fc41,EXISTS_IN_EXT,0.3.0,Y,1,Sreenivasulu,https://github.com/microsoft/azurelinux/pull/11089,NA,NA,https://github.com/v-smalavathu/azurelinux1.git,topic_libverto
libvisio,NA,P1,Sreenivasulu,NA,NA,NA,NA,N,N,Built,0.1.7,4.azl3,1,1,libvisio-0.1.7-24.fc41.src.rpm,Default Initialized,Default Initialized,0.1.7,24.fc41,EXISTS_IN_EXT,0.1.7,Y,1,Sreenivasulu,NA,NA,NA,NA,NA
libvisual,NA,P1,Sreenivasulu,NA,NA,NA,NA,Y,Y,Built,0.4.0,30.azl3,1,1,libvisual-0.4.1-5.fc41.src.rpm,Default Initialized,Default Initialized,0.4.1,5.fc41,EXISTS_IN_EXT,0.4.0,N,0,Sreenivasulu,NA,NA,NA,NA,NA
libvorbis,NA,P1,Sreenivasulu,NA,NA,NA,NA,N,N,Built,1.3.7,1.azl3,1,1,libvorbis-1.3.7-11.fc41.src.rpm,Default Initialized,Default Initialized,1.3.7,11.fc41,EXISTS_IN_EXT,1.3.7,Y,1,Sreenivasulu,NA,NA,NA,NA,NA
libvpx,NA,P1,Sreenivasulu,12660,https://github.com/microsoft/azurelinux/pull/12660,OPEN,2025-02-27T20:23:03Z,Y,Y,Built,1.13.1,1.azl3,1,1,libvpx-1.14.1-2.fc41.src.rpm,Default Initialized,Default Initialized,1.14.1,2.fc41,EXISTS_IN_EXT,1.13.1,Y,1,Sreenivasulu,NA,NA,NA,https://github.com/v-smalavathu/azurelinux1.git,topic_libvpx
libwnck3,NA,P1,Sreenivasulu,11134,https://github.com/microsoft/azurelinux/pull/11134,MERGED,2024-11-19T01:00:46Z,Y,Y,Built,3.36.0,3.azl3,1,1,libwnck3-43.1-1.fc41.src.rpm,Default Initialized,Default Initialized,43.1,1.fc41,EXISTS_IN_EXT,3.36.0,N,0,Sreenivasulu,NA,NA,NA,https://github.com/v-smalavathu/azurelinux1.git,topic_libwnck3
libwpd,NA,P1,Sreenivasulu,NA,NA,NA,NA,N,N,Built,0.10.3,6.azl3,1,1,libwpd-0.10.3-20.fc41.src.rpm,Default Initialized,Default Initialized,0.10.3,20.fc41,EXISTS_IN_EXT,0.10.3,Y,1,Sreenivasulu,NA,NA,NA,NA,NA
libwpe,NA,P1,Sreenivasulu,11197,https://github.com/microsoft/azurelinux/pull/11197,OPEN,2024-11-23T00:24:29Z,Revisit No Dnld Ver,Revisit No Dnld Ver,Built,1.12.0,1.azl3,0,0,Default Initialized,Default Initialized,Default Initialized,Not Found,Not Found,EXISTS_IN_EXT,1.12.0,N,0,Sreenivasulu,https://github.com/microsoft/azurelinux/pull/11197,NA,NA,https://github.com/v-smalavathu/azurelinux1.git,topic_libwpe
libwpg,NA,P1,Aninda,11314,https://github.com/microsoft/azurelinux/pull/11314,DRAFT,2024-12-04T22:39:10Z,Y,Y,Built,0.3.3,9.azl3,1,1,libwpg-0.3.4-4.fc41.src.rpm,Default Initialized,Default Initialized,0.3.4,4.fc41,EXISTS_IN_EXT,0.3.3,Y,1,Aninda,NA,NA,NA,https://github.com/aninda-al/azurelinux-test.git,upgrade-libwpg
libwps,NA,P1,Aninda,11292,https://github.com/microsoft/azurelinux/pull/11292,DRAFT,2024-12-03T02:41:04Z,Y,Y,Built,0.4.11,2.azl3,1,1,libwps-0.4.14-4.fc41.src.rpm,Default Initialized,Default Initialized,0.4.14,4.fc41,EXISTS_IN_EXT,0.4.11,Y,1,Aninda,NA,NA,NA,https://github.com/aninda-al/azurelinux-test.git,upgrade-libwps
libwvstreams,NA,P1,Aninda,NA,NA,NA,NA,N,N,Built,4.6.1,34.azl3,1,1,libwvstreams-4.6.1-44.fc41.src.rpm,Default Initialized,Default Initialized,4.6.1,44.fc41,EXISTS_IN_EXT,4.6.1,Y,1,Aninda,NA,NA,NA,NA,NA
libxklavier,NA,P1,Aninda,NA,NA,NA,NA,N,N,Built,5.4,16.azl3,1,1,libxklavier-5.4-26.fc41.src.rpm,Default Initialized,Default Initialized,5.4,26.fc41,EXISTS_IN_EXT,5.4,Y,1,Aninda,NA,NA,NA,NA,NA
libxmlb,NA,P1,Aninda,11246,https://github.com/microsoft/azurelinux/pull/11246,DRAFT,2024-11-27T20:02:59Z,Y,Y,Built,0.3.11,2.azl3,1,1,libxmlb-0.3.21-1.fc41.src.rpm,Default Initialized,Default Initialized,0.3.21,1.fc41,EXISTS_IN_EXT,0.3.11,Y,1,Aninda,NA,NA,NA,https://github.com/aninda-al/azurelinux-test.git,upgrade-libxmlb
libyami,NA,CP_batch1,Archana,NA,NA,NA,NA,Revisit No Dnld Ver,Revisit No Dnld Ver,Failed,1.3.2,3.azl3,0,0,Default Initialized,Default Initialized,Default Initialized,Not Found,Not Found,EXISTS_IN_EXT,1.3.2,N,0,Aninda,Package is currently unmaintained,NA,NA,NA,NA
libyubikey,NA,P1,Aninda,NA,NA,NA,NA,N,N,Built,1.13,14.azl3,1,1,libyubikey-1.13-23.fc41.src.rpm,Default Initialized,Default Initialized,1.13,23.fc41,EXISTS_IN_EXT,1.13,Y,1,Aninda,NA,NA,NA,NA,NA
libzmf,NA,P1,Aninda,NA,NA,NA,NA,N,N,Built,0.0.2,13.azl3,1,1,libzmf-0.0.2-35.fc41.src.rpm,Default Initialized,Default Initialized,0.0.2,35.fc41,EXISTS_IN_EXT,0.0.2,Y,1,Aninda,NA,NA,NA,NA,NA
lilv,NA,P1,Jyoti,12624,https://github.com/microsoft/azurelinux/pull/12624,OPEN,2025-02-26T05:30:48Z,Y,Y,Failed,0.24.14,4.azl3,1,1,lilv-0.24.24-2.fc41.src.rpm,Default Initialized,Default Initialized,0.24.24,2.fc41,EXISTS_IN_EXT,0.24.14,N,0,Aninda,NA,NA,NA,https://github.com/jykanase/azurelinux.git,topic_lilv
linuxconsoletools,NA,P1,Aninda,NA,NA,NA,NA,N,N,Failed,1.8.1,3.azl3,1,1,linuxconsoletools-1.8.1-8.fc41.src.rpm,Default Initialized,Default Initialized,1.8.1,8.fc41,EXISTS_IN_EXT,1.8.1,N,0,Aninda,NA,NA,NA,NA,NA
lksctp-tools,NA,P0,Aninda,12094,https://github.com/microsoft/azurelinux/pull/12094,DRAFT,2025-01-27T16:16:27Z,Y,Y,Built,1.0.18,6.azl3,1,1,lksctp-tools-1.0.19-9.fc41.src.rpm,Default Initialized,Default Initialized,1.0.19,9.fc41,EXISTS_IN_EXT,1.0.18,Y,1,Aninda,NA,NA,NA,https://github.com/aninda-al/azurelinux-test.git,upgrade-lksctp-tools
lockdev,NA,P1,Aninda,NA,NA,NA,NA,N,N,Built,1.0.4,3.azl3,1,1,lockdev-1.0.4-0.50.20111007git.fc41.src.rpm,Default Initialized,Default Initialized,1.0.4,0.50.20111007git.fc41,EXISTS_IN_EXT,1.0.4,Y,1,Aninda,NA,NA,NA,NA,NA
logwatch,NA,P1,Aninda,11115,https://github.com/microsoft/azurelinux/pull/11115,DRAFT,2024-11-18T18:23:40Z,Y,Y,Built,7.5.3,5.azl3,1,1,logwatch-7.11-1.fc41.src.rpm,Default Initialized,Default Initialized,7.11,1.fc41,EXISTS_IN_EXT,7.5.3,Y,1,Aninda,NA,NA,NA,https://github.com/aninda-al/azurelinux-test.git,upgrade-logwatch
lpsolve,NA,P0,Aninda,NA,NA,NA,NA,Y,Y,Built,5.5.2.0,26.azl3,1,1,lpsolve-5.5.2.11-6.fc41.src.rpm,Default Initialized,Default Initialized,5.5.2.11,6.fc41,EXISTS_IN_EXT,5.5.2.0,Y,1,Aninda,NA,NA,NA,NA,NA
lrzsz,NA,CP_batch1,Jyoti,NA,NA,NA,NA,N,N,Built,0.12.20,50.azl3,1,1,lrzsz-0.12.20-65.fc41.src.rpm,Default Initialized,Default Initialized,0.12.20,65.fc41,EXISTS_IN_EXT,0.12.20,N,0,Aninda,NA,NA,NA,NA,NA
lua-expat,NA,P1,Aninda,11230,https://github.com/microsoft/azurelinux/pull/11230,DRAFT,2024-11-26T20:52:25Z,Y,Y,Built,1.3.0,19.azl3,1,1,lua-expat-1.5.2-2.fc41.src.rpm,Default Initialized,Default Initialized,1.5.2,2.fc41,EXISTS_IN_EXT,1.3.0,Y,1,Aninda,NA,NA,NA,https://github.com/aninda-al/azurelinux-test.git,upgrade-lua-expat
lua-filesystem,NA,P1,Aninda,11415,https://github.com/microsoft/azurelinux/pull/11415,DRAFT,2024-12-11T20:49:10Z,Y,Y,Built,1.6.3,13.azl3,1,1,lua-filesystem-1.8.0-12.fc41.src.rpm,Default Initialized,Default Initialized,1.8.0,12.fc41,EXISTS_IN_EXT,1.6.3,Y,1,Aninda,NA,NA,NA,https://github.com/aninda-al/azurelinux-test.git,upgrade-lua-filesystem
lua-json,NA,P1,Aninda,11179,https://github.com/microsoft/azurelinux/pull/11179,DRAFT,2024-11-21T22:11:42Z,Y,Y,Built,1.3.2,16.azl3,1,1,lua-json-1.3.4-8.fc41.src.rpm,Default Initialized,Default Initialized,1.3.4,8.fc41,EXISTS_IN_EXT,1.3.2,Y,1,Aninda,NA,NA,NA,https://github.com/aninda-al/azurelinux-test.git,upgrade-lua-json
lua-lpeg,NA,P1,Aninda,11167,https://github.com/microsoft/azurelinux/pull/11167,OPEN,2024-11-20T20:33:54Z,Y,Y,Built,1.0.2,4.azl3,1,1,lua-lpeg-1.1.0-2.fc41.src.rpm,Default Initialized,Default Initialized,1.1.0,2.fc41,EXISTS_IN_EXT,1.0.2,Y,1,Aninda,NA,NA,NA,https://github.com/aninda-al/azurelinux-test.git,upgrade-lua-lpeg
lua-lunit,lua-lunitx,P1,Aninda,NA,NA,NA,NA,Y,Y,Built,0.5,18.azl3,1,1,lua-lunitx-0.8.1-11.fc41.src.rpm,Default Initialized,Default Initialized,0.8.1,11.fc41,EXISTS_IN_EXT,0.5,N,0,Aninda,NA,NA,NA,NA,NA
lua-term,NA,P1,Aninda,11146,https://github.com/microsoft/azurelinux/pull/11146,DRAFT,2024-11-19T18:04:22Z,Y,Y,Built,0.07,11.azl3,1,1,lua-term-0.08-4.fc41.src.rpm,Default Initialized,Default Initialized,0.08,4.fc41,EXISTS_IN_EXT,0.07,Y,1,Aninda,NA,NA,NA,https://github.com/aninda-al/azurelinux-test.git,upgrade-lua-term
luksmeta,NA,P1,Aninda,NA,NA,NA,NA,N,N,Built,9,8.azl3,1,1,luksmeta-9-23.fc41.src.rpm,Default Initialized,Default Initialized,9,23.fc41,EXISTS_IN_EXT,9,Y,1,Aninda,NA,NA,NA,NA,NA
lv2,NA,P1,Aninda,NA,NA,NA,NA,N,N,Built,1.18.8,3.azl3,1,1,lv2-1.18.8-9.fc41.src.rpm,Default Initialized,Default Initialized,1.18.8,9.fc41,EXISTS_IN_EXT,1.18.8,N,0,Aninda,NA,NA,NA,NA,NA
lzip,NA,P1,Aninda,11083,https://github.com/microsoft/azurelinux/pull/11083,DRAFT,2024-11-14T23:15:24Z,Y,Y,Built,1.21,3.azl3,1,1,lzip-1.24.1-3.fc41.src.rpm,Default Initialized,Default Initialized,1.24.1,3.fc41,EXISTS_IN_EXT,1.21,Y,1,Aninda,NA,NA,NA,https://github.com/aninda-al/azurelinux-test.git,upgrade-lzip
m17n-db,NA,P0,Aninda,11989,https://github.com/microsoft/azurelinux/pull/11989,DRAFT,2024-12-06T16:15:39Z,Y,Y,Built,1.8.0,10.azl3,1,1,m17n-db-1.8.9-1.fc41.src.rpm,Default Initialized,Default Initialized,1.8.9,1.fc41,EXISTS_IN_EXT,1.8.0,Y,1,Aninda,https://github.com/microsoft/azurelinux/pull/11340,NA,NA,https://github.com/aninda-al/azurelinux-test.git,upgrade_m17n-db
m17n-lib,NA,P1,Aninda,11403,https://github.com/microsoft/azurelinux/pull/11403,DRAFT,2024-12-11T03:05:33Z,Y,Y,Built,1.8.0,8.azl3,1,1,m17n-lib-1.8.4-6.fc41.src.rpm,Default Initialized,Default Initialized,1.8.4,6.fc41,EXISTS_IN_EXT,1.8.0,Y,1,Aninda,NA,NA,NA,https://github.com/aninda-al/azurelinux-test.git,upgrade-m17n-lib
mailx,s-nail,P1,Neeraj,NA,NA,NA,NA,Y,Y,Built,12.5,36.azl3,1,1,s-nail-14.9.25-1.fc41.src.rpm,Default Initialized,Default Initialized,14.9.25,1.fc41,EXISTS_IN_EXT,12.5,N,0,Neeraj,NOT_FOUND,NA,NA,NA,NA
mallard-rng,NA,P1,Archana,NA,NA,NA,NA,N,N,Built,1.1.0,4.azl3,1,1,mallard-rng-1.1.0-13.fc41.src.rpm,Default Initialized,Default Initialized,1.1.0,13.fc41,EXISTS_IN_EXT,1.1.0,Y,1,Neeraj,NOT_FOUND,NA,NA,NA,NA
man-pages-cs,man-pages-l10n,P1,Neeraj,NA,NA,NA,NA,Y,Y,Built,0.18.20090209,31.azl3,1,1,man-pages-l10n-4.24.0-1.fc41.src.rpm,Default Initialized,Default Initialized,4.24.0,1.fc41,EXISTS_IN_EXT,0.18.20090209,N,0,Neeraj,NOT_FOUND,NA,NA,NA,NA
man-pages-es,man-pages-l10n,P1,Neeraj,NA,NA,NA,NA,Y,Y,Built,1.55,34.azl3,1,1,man-pages-l10n-4.24.0-1.fc41.src.rpm,Default Initialized,Default Initialized,4.24.0,1.fc41,EXISTS_IN_EXT,1.55,N,0,Neeraj,NOT_FOUND,NA,NA,NA,NA
man-pages-it,man-pages-l10n,P1,Neeraj,NA,NA,NA,NA,Y,Y,Built,4.08,11.azl3,1,1,man-pages-l10n-4.24.0-1.fc41.src.rpm,Default Initialized,Default Initialized,4.24.0,1.fc41,EXISTS_IN_EXT,4.08,N,0,Neeraj,NOT_FOUND,NA,NA,NA,NA
man-pages-ja,NA,P0,Aninda,11769,https://github.com/microsoft/azurelinux/pull/11769,OPEN,2025-01-03T21:47:14Z,Y,Y,Built,20190815,3.azl3,1,1,man-pages-ja-20230915-4.fc41.src.rpm,Default Initialized,Default Initialized,20230915,4.fc41,EXISTS_IN_EXT,20190815,Y,1,Aninda,https://github.com/microsoft/azurelinux/pull/11769,NA,NA,https://github.com/aninda-al/azurelinux-test.git,upgrage-man-pages-ja
man-pages-ko,man-pages-l10n,P1,Neeraj,NA,NA,NA,NA,Revisit Ver Compare,Revisit Ver Compare,Built,20050219,39.azl3,1,1,man-pages-l10n-4.24.0-1.fc41.src.rpm,Default Initialized,Default Initialized,4.24.0,1.fc41,EXISTS_IN_EXT,20050219,N,0,Neeraj,NOT_FOUND,NA,NA,NA,NA
man-pages-pl,man-pages-l10n,P1,Neeraj,NA,NA,NA,NA,Y,Y,Built,0.7,11.azl3,1,1,man-pages-l10n-4.24.0-1.fc41.src.rpm,Default Initialized,Default Initialized,4.24.0,1.fc41,EXISTS_IN_EXT,0.7,N,0,Neeraj,NOT_FOUND,NA,NA,NA,NA
man-pages-ru,man-pages-l10n,P1,Neeraj,NA,NA,NA,NA,N,N,Built,5.03,4.azl3,1,1,man-pages-l10n-4.24.0-1.fc41.src.rpm,Default Initialized,Default Initialized,4.24.0,1.fc41,EXISTS_IN_EXT,5.03,N,0,Neeraj,NOT_FOUND,NA,NA,NA,NA
man-pages-zh-CN,NA,P1,Neeraj,NA,NA,NA,NA,Y,Y,Built,1.6.2.1,9.azl3,1,1,man-pages-zh-CN-1.6.3.6-10.fc41.src.rpm,Default Initialized,Default Initialized,1.6.3.6,10.fc41,EXISTS_IN_EXT,1.6.2.1,N,0,Neeraj,NOT_FOUND,NA,NA,NA,NA
mariadb-connector-odbc,NA,P0,Aninda,11902,https://github.com/microsoft/azurelinux/pull/11902,DRAFT,2025-01-14T17:54:26Z,Y,Y,Built,3.1.11,3.azl3,1,1,mariadb-connector-odbc-3.2.1-1.rc.fc41.3.src.rp,Default Initialized,Default Initialized,3.2.1,1.rc.fc41.3.src.rp,EXISTS_IN_EXT,3.1.11,N,0,Aninda,NA,NA,NA,https://github.com/aninda-al/azurelinux-test.git,upgrade-mariadb-connector-odbc
marisa,NA,P1,Jagadeesh,NA,NA,NA,NA,Y,Y,Failed,0.2.4,45.azl3,1,1,marisa-0.2.6-11.fc41.src.rpm,Default Initialized,Default Initialized,0.2.6,11.fc41,EXISTS_IN_EXT,0.2.4,N,0,Jagadeesh,NOT_FOUND,NA,NA,NA,NA
maven-parent,NA,P1,Archana,12403,https://github.com/microsoft/azurelinux/pull/12403,OPEN,2025-02-14T11:51:10Z,Y,Y,Built,27,2.azl3,1,1,maven-parent-41-6.fc41.src.rpm,Default Initialized,Default Initialized,41,6.fc41,EXISTS_IN_EXT,27,N,0,Neeraj,NOT_FOUND,NA,NA,https://github.com/archana25-ms/azurelinux-archana.git,topic_maven-parent
mcelog,NA,P0,Aninda,11510,https://github.com/microsoft/azurelinux/pull/11510,MERGED,2024-12-18T01:21:23Z,Y,Y,Built,168,3.azl3,1,1,mcelog-175-11.fc41.src.rpm,Default Initialized,Default Initialized,175,11.fc41,EXISTS_IN_EXT,168,Y,1,Aninda,https://github.com/microsoft/azurelinux/pull/11510,NA,NA,https://github.com/aninda-al/azurelinux-test.git,upgrade-mcelog
mdds,NA,P0,Aninda,11511,https://github.com/microsoft/azurelinux/pull/11511,OPEN,2024-12-18T01:53:53Z,Y,Y,Built,1.5.0,3.azl3,1,1,mdds-2.1.1-5.fc41.src.rpm,Default Initialized,Default Initialized,2.1.1,5.fc41,EXISTS_IN_EXT,1.5.0,Y,1,Aninda,https://github.com/microsoft/azurelinux/pull/11511,NA,NA,https://github.com/aninda-al/azurelinux-test.git,upgrade-mdds
meanwhile,NA,P0,Aninda,11512,https://github.com/microsoft/azurelinux/pull/11512,MERGED,2024-12-18T02:20:30Z,Y,Y,Built,1.1.0,31.azl3,1,1,meanwhile-1.1.1-7.fc41.src.rpm,Default Initialized,Default Initialized,1.1.1,7.fc41,EXISTS_IN_EXT,1.1.0,Y,1,Aninda,https://github.com/microsoft/azurelinux/pull/11512,NA,NA,https://github.com/aninda-al/azurelinux-test.git,upgrade-meanwhile
mecab,NA,P1,Archana,NA,NA,NA,NA,N,N,Built,0.996,3.azl3,1,1,mecab-0.996-8.fc41.src.rpm,Default Initialized,Default Initialized,0.996,8.fc41,EXISTS_IN_EXT,0.996,Y,1,Neeraj,NOT_FOUND,NA,NA,NA,NA
mecab-ipadic,NA,P1,Archana,NA,NA,NA,NA,N,N,Built,2.7.0.20070801,21.azl3,1,1,mecab-ipadic-2.7.0.20070801-31.fc41.src.rpm,Default Initialized,Default Initialized,2.7.0.20070801,31.fc41,EXISTS_IN_EXT,2.7.0.20070801,Y,1,Neeraj,NOT_FOUND,NA,NA,NA,NA
media-player-info,NA,P1,Archana,NA,NA,NA,NA,N,N,Built,23,7.azl3,1,1,media-player-info-23-16.fc41.src.rpm,Default Initialized,Default Initialized,23,16.fc41,EXISTS_IN_EXT,23,Y,1,Neeraj,NOT_FOUND,NA,NA,NA,NA
memkind,NA,New P0,Akhila,12164,https://github.com/microsoft/azurelinux/pull/12164,OPEN,2025-01-31T04:46:40Z,Y,Y,Failed,1.10.0,2.azl3,1,1,memkind-1.14.0-9.fc41.src.rpm,Default Initialized,Default Initialized,1.14.0,9.fc41,EXISTS_IN_EXT,1.10.0,Y,1,Neeraj,NOT_FOUND,NA,NA,https://github.com/akhila-guruju/azurelinux-test.git,topic_memkind
metis,NA,P0,Aninda,11768,https://github.com/microsoft/azurelinux/pull/11768,MERGED,2025-01-03T20:00:43Z,Revisit Ver Compare,Revisit Ver Compare,Built,5.1.0,25.azl3,1,1,metis-5.1.0.3-6.fc41.src.rpm,Default Initialized,Default Initialized,5.1.0.3,6.fc41,EXISTS_IN_EXT,5.1.0,Y,1,Aninda,https://github.com/microsoft/azurelinux/pull/11768,NA,NA,https://github.com/aninda-al/azurelinux-test.git,upgrade_metis
microcode_ctl,NA,CP_batch1,Archana,NA,NA,NA,NA,N,N,Built,2.1,41.azl3,1,1,microcode_ctl-2.1-67.fc41.src.rpm,Default Initialized,Default Initialized,2.1,67.fc41,EXISTS_IN_EXT,2.1,N,0,Neeraj,NOT_FOUND,NA,NA,NA,NA
microdnf,NA,P1,Archana,NA,NA,NA,NA,Y,Y,Failed,3.5.1,2.azl3,1,1,microdnf-3.10.1-1.fc41.src.rpm,Default Initialized,Default Initialized,3.10.1,1.fc41,EXISTS_IN_EXT,3.5.1,N,0,Neeraj,NOT_FOUND,NA,NA,NA,NA
minicom,NA,New P0,Akhila,12203,https://github.com/microsoft/azurelinux/pull/12203,OPEN,2025-02-03T12:30:59Z,Y,Y,Built,2.7.1,14.azl3,1,1,minicom-2.9-3.fc41.src.rpm,Default Initialized,Default Initialized,2.9,3.fc41,EXISTS_IN_EXT,2.7.1,Y,1,Neeraj,NOT_FOUND,NA,NA,https://github.com/akhila-guruju/azurelinux-test.git,topic_minicom
minizip,minizip-ng,P1,Archana,12599,https://github.com/microsoft/azurelinux/pull/12599,OPEN,2025-02-25T06:07:05Z,Y,Y,Built,2.10.1,2.azl3,1,1,minizip-ng-4.0.7-1.fc41.src.rpm,Default Initialized,Default Initialized,4.0.7,1.fc41,EXISTS_IN_EXT,2.10.1,N,0,Neeraj,NOT_FOUND,NA,NA,https://github.com/archana25-ms/azurelinux-archana.git,topic_minizip-ng
mksh,NA,NA,NA,NA,NA,NA,NA,Revisit Ver Compare,Revisit Ver Compare,Built,59c,3.azl3,1,1,mksh-59c-11.fc41.src.rpm,Default Initialized,Default Initialized,59c,11.fc41,EXISTS_IN_EXT,59c,Y,1,nan,NOT_FOUND,NA,NA,NA,NA
mobile-broadband-provider-info,NA,P0,Aninda,11529,https://github.com/microsoft/azurelinux/pull/11529,MERGED,2024-12-18T20:10:02Z,Y,Y,Built,20190618,4.azl3,1,1,mobile-broadband-provider-info-20240407-2.fc41.,Default Initialized,Default Initialized,20240407,2.fc41.,EXISTS_IN_EXT,20190618,Y,1,Aninda,https://github.com/microsoft/azurelinux/pull/11529,NA,NA,https://github.com/aninda-al/azurelinux-test.git,upgrade-mobile-broadband-provider-info
mock,NA,P1,Akarsh,NA,NA,NA,NA,Revisit No Bld Ver,Revisit No Bld Ver,Not Found,Not Found,Not Found,1,1,mock-6.0-1.fc41.src.rpm,Default Initialized,Default Initialized,6.0,1.fc41,MOVED_TO_CORE,Not Found,N,0,Akarsh,NOT_FOUND,NA,NA,NA,NA
mock-core-configs,NA,P1,Akarsh,NA,NA,NA,NA,Revisit No Bld Ver,Revisit No Bld Ver,Not Found,Not Found,Not Found,1,1,mock-core-configs-41.5-1.fc41.src.rpm,Default Initialized,Default Initialized,41.5,1.fc41,MOVED_TO_CORE,Not Found,N,0,Akarsh,NOT_FOUND,NA,NA,NA,NA
mod_auth_gssapi,NA,P1,Akarsh,NA,NA,NA,NA,Y,Y,Built,1.6.1,9.azl3,1,1,mod_auth_gssapi-1.6.5-6.fc41.src.rpm,Default Initialized,Default Initialized,1.6.5,6.fc41,EXISTS_IN_EXT,1.6.1,N,0,Akarsh,NOT_FOUND,NA,NA,NA,NA
mod_auth_mellon,NA,P1,Akarsh,NA,NA,NA,NA,Y,Y,Failed,0.16.0,4.azl3,1,1,mod_auth_mellon-0.19.0-2.fc41.src.rpm,Default Initialized,Default Initialized,0.19.0,2.fc41,EXISTS_IN_EXT,0.16.0,N,0,Akarsh,NOT_FOUND,NA,NA,NA,NA
mod_auth_openidc,NA,P0,Aninda,12181,https://github.com/microsoft/azurelinux/pull/12181,OPEN,2025-01-31T22:05:07Z,Y,Y,Failed,2.4.14.2,1.azl3,1,1,mod_auth_openidc-2.4.15.7-2.fc41.src.rpm,Default Initialized,Default Initialized,2.4.15.7,2.fc41,EXISTS_IN_EXT,2.4.14.2,Y,1,Aninda,NA,NA,NA,https://github.com/aninda-al/azurelinux-test.git,upgrade-mod_auth_openidc
mod_authnz_pam,NA,P0,Aninda,11549,https://github.com/microsoft/azurelinux/pull/11549,OPEN,2024-12-19T16:38:16Z,Y,Y,Built,1.2.1,2.azl3,1,1,mod_authnz_pam-1.2.3-8.fc41.src.rpm,Default Initialized,Default Initialized,1.2.3,8.fc41,EXISTS_IN_EXT,1.2.1,Y,1,Aninda,https://github.com/microsoft/azurelinux/pull/11549,NA,NA,https://github.com/aninda-al/azurelinux-test.git,upgrade-mod_authnz_pam
mod_fcgid,NA,NA,NA,NA,NA,NA,NA,N,N,Built,2.3.9,21.azl3,1,1,mod_fcgid-2.3.9-34.fc41.src.rpm,Default Initialized,Default Initialized,2.3.9,34.fc41,EXISTS_IN_EXT,2.3.9,Y,1,nan,NOT_FOUND,NA,NA,NA,NA
mod_http2,NA,New P0,Akhila,NA,NA,NA,NA,Y,Y,Failed,1.15.14,2.azl3,1,1,mod_http2-2.0.29-2.fc41.src.rpm,Default Initialized,Default Initialized,2.0.29,2.fc41,EXISTS_IN_EXT,1.15.14,Y,1,nan,NOT_FOUND,NA,NA,NA,NA
mod_intercept_form_submit,NA,P0,Aninda,11571,https://github.com/microsoft/azurelinux/pull/11571,OPEN,2024-12-19T22:25:22Z,Y,Y,Built,1.1.0,12.azl3,1,1,mod_intercept_form_submit-1.2.0-7.fc41.src.rpm,Default Initialized,Default Initialized,1.2.0,7.fc41,EXISTS_IN_EXT,1.1.0,Y,1,Aninda,https://github.com/microsoft/azurelinux/pull/11571,NA,NA,https://github.com/aninda-al/azurelinux-test.git,upgrade-mod_intercept_form_submit
mod_lookup_identity,NA,NA,NA,NA,NA,NA,NA,N,N,Built,1.0.0,12.azl3,1,1,mod_lookup_identity-1.0.0-21.fc41.src.rpm,Default Initialized,Default Initialized,1.0.0,21.fc41,EXISTS_IN_EXT,1.0.0,Y,1,nan,NOT_FOUND,NA,NA,NA,NA
mod_md,NA,P0,Aninda,11790,https://github.com/microsoft/azurelinux/pull/11790,OPEN,2025-01-06T16:57:06Z,Y,Y,Failed,2.2.7,4.azl3,1,1,mod_md-2.4.26-2.fc41.src.rpm,Default Initialized,Default Initialized,2.4.26,2.fc41,EXISTS_IN_EXT,2.2.7,Y,1,Aninda,https://github.com/microsoft/azurelinux/pull/11790,NA,NA,https://github.com/aninda-al/azurelinux-test.git,upgrade-mod_md
mod_security,NA,P0,Aninda,11802,https://github.com/microsoft/azurelinux/pull/11802,OPEN,2025-01-07T01:09:17Z,Y,Y,Failed,2.9.4,1.azl3,1,1,mod_security-2.9.7-7.fc41.src.rpm,Default Initialized,Default Initialized,2.9.7,7.fc41,EXISTS_IN_EXT,2.9.4,Y,1,Aninda,https://github.com/microsoft/azurelinux/pull/11802,NA,NA,https://github.com/aninda-al/azurelinux-test.git,upgrade-mod_security
mod_security_crs,NA,P0,Aninda,11576,https://github.com/microsoft/azurelinux/pull/11576,OPEN,2024-12-19T23:21:06Z,Y,Y,Built,3.0.0,11.azl3,1,1,mod_security_crs-4.2.0-2.fc41.src.rpm,Default Initialized,Default Initialized,4.2.0,2.fc41,EXISTS_IN_EXT,3.0.0,Y,1,Aninda,https://github.com/microsoft/azurelinux/pull/11576,NA,NA,https://github.com/aninda-al/azurelinux-test.git,upgrade-mod_modsecurity_crs
mod_wsgi,NA,P1,Akarsh,NA,NA,NA,NA,Y,Y,Built,4.9.3,2.azl3,1,1,mod_wsgi-5.0.2-1.fc41.src.rpm,Default Initialized,Default Initialized,5.0.2,1.fc41,EXISTS_IN_EXT,4.9.3,N,0,Akarsh,NOT_FOUND,NA,NA,NA,NA
mosh,NA,CP_batch1,Akarsh,NA,NA,NA,NA,N,N,Built,1.4.0,7.azl3,1,1,mosh-1.4.0-6.fc41.src.rpm,Default Initialized,Default Initialized,1.4.0,6.fc41,EXISTS_IN_EXT,1.4.0,N,0,Akarsh,NOT_FOUND,NA,NA,NA,NA
mpage,NA,NA,NA,NA,NA,NA,NA,N,N,Built,2.5.7,10.azl3,1,1,mpage-2.5.7-20.fc41.src.rpm,Default Initialized,Default Initialized,2.5.7,20.fc41,EXISTS_IN_EXT,2.5.7,Y,1,nan,NOT_FOUND,NA,NA,NA,NA
mrtg,NA,CP_batch1,Akarsh,NA,NA,NA,NA,Y,Y,Built,2.17.7,6.azl3,1,1,mrtg-2.17.10-9.fc41.src.rpm,Default Initialized,Default Initialized,2.17.10,9.fc41,EXISTS_IN_EXT,2.17.7,N,0,Akarsh,NOT_FOUND,NA,NA,NA,NA
mt-st,NA,CP_batch1,Akarsh,12316,https://github.com/microsoft/azurelinux/pull/12316,MERGED,2025-02-12T09:19:17Z,Y,Y,Built,1.1,27.azl3,1,1,mt-st-1.7-7.fc41.src.rpm,Default Initialized,Default Initialized,1.7,7.fc41,EXISTS_IN_EXT,1.1,N,0,Akarsh,NOT_FOUND,NA,NA,https://github.com/AkarshHCL/azurelinux.git,topic_mt-st
mtr,NA,P1,Akarsh,NA,NA,NA,NA,Revisit No Bld Ver,Revisit No Bld Ver,Not Found,Not Found,Not Found,1,1,mtr-0.95-10.fc41.src.rpm,Default Initialized,Default Initialized,0.95,10.fc41,MOVED_TO_CORE,Not Found,N,0,Akarsh,NOT_FOUND,NA,NA,NA,NA
mtx,NA,NA,NA,NA,NA,NA,NA,N,N,Built,1.3.12,23.azl3,1,1,mtx-1.3.12-32.fc41.src.rpm,Default Initialized,Default Initialized,1.3.12,32.fc41,EXISTS_IN_EXT,1.3.12,Y,1,nan,NOT_FOUND,NA,NA,NA,NA
mutt,NA,CP_batch1,Akarsh,12823,https://github.com/microsoft/azurelinux/pull/12823,OPEN,2025-03-05T06:53:17Z,Y,Y,Built,2.2.12,1.azl3,1,1,mutt-2.2.13-3.fc41.src.rpm,Default Initialized,Default Initialized,2.2.13,3.fc41,EXISTS_IN_EXT,2.2.12,N,0,Akarsh,NOT_FOUND,NA,NA,https://github.com/AkarshHCL/azurelinux.git,topic_mutt
mythes,NA,P0,Aninda,11600,https://github.com/microsoft/azurelinux/pull/11600,DRAFT,2024-12-20T14:25:31Z,Y,Y,Built,1.2.4,14.azl3,1,1,mythes-1.2.5-7.fc41.src.rpm,Default Initialized,Default Initialized,1.2.5,7.fc41,EXISTS_IN_EXT,1.2.4,Y,1,Aninda,NA,NA,NA,https://github.com/aninda-al/azurelinux-test.git,upgrade-mythes
mythes-bg,NA,NA,NA,NA,NA,NA,NA,N,N,Built,4.3,18.azl3,1,1,mythes-bg-4.3-28.fc41.src.rpm,Default Initialized,Default Initialized,4.3,28.fc41,EXISTS_IN_EXT,4.3,Y,1,nan,NOT_FOUND,NA,NA,NA,NA
mythes-ca,NA,P0,Aninda,11602,https://github.com/microsoft/azurelinux/pull/11602,DRAFT,2024-12-20T15:08:12Z,Y,Y,Built,1.5.0,21.azl3,1,1,mythes-ca-2.3.1-4.fc41.src.rpm,Default Initialized,Default Initialized,2.3.1,4.fc41,EXISTS_IN_EXT,1.5.0,Y,1,Aninda,https://github.com/microsoft/azurelinux/pull/11602,NA,NA,https://github.com/aninda-al/azurelinux-test.git,upgrade-mythes-ca
mythes-cs,NA,NA,NA,NA,NA,NA,NA,N,N,Built,0.20070926,24.azl3,1,1,mythes-cs-0.20070926-34.fc41.src.rpm,Default Initialized,Default Initialized,0.20070926,34.fc41,EXISTS_IN_EXT,0.20070926,Y,1,nan,NOT_FOUND,NA,NA,NA,NA
mythes-da,NA,NA,NA,NA,NA,NA,NA,N,N,Built,0.20100629.15.16,20.azl3,1,1,mythes-da-0.20100629.15.16-29.fc41.src.rpm,Default Initialized,Default Initialized,0.20100629.15.16,29.fc41,EXISTS_IN_EXT,0.20100629.15.16,Y,1,nan,NOT_FOUND,NA,NA,NA,NA
mythes-de,NA,P0,Aninda,11622,https://github.com/microsoft/azurelinux/pull/11622,DRAFT,2024-12-20T21:07:46Z,Y,Y,Built,0.20201226,2.azl3,1,1,mythes-de-0.20240601-2.fc41.src.rpm,Default Initialized,Default Initialized,0.20240601,2.fc41,EXISTS_IN_EXT,0.20201226,Y,1,Aninda,NA,NA,NA,https://github.com/aninda-al/azurelinux-test.git,upgrade-mythes-de
mythes-el,NA,NA,NA,NA,NA,NA,NA,N,N,Built,0.20070412,26.azl3,1,1,mythes-el-0.20070412-34.fc41.src.rpm,Default Initialized,Default Initialized,0.20070412,34.fc41,EXISTS_IN_EXT,0.20070412,Y,1,nan,NOT_FOUND,NA,NA,NA,NA
mythes-en,NA,P1,Aninda,NA,NA,NA,NA,N,N,Built,3.0,34.azl3,1,1,mythes-en-3.0-40.fc41.src.rpm,Default Initialized,Default Initialized,3.0,40.fc41,EXISTS_IN_EXT,3.0,N,0,Aninda,NA,NA,NA,NA,NA
mythes-eo,NA,NA,NA,NA,NA,NA,NA,N,N,Built,0.20180330,5.azl3,1,1,mythes-eo-0.20180330-15.fc41.src.rpm,Default Initialized,Default Initialized,0.20180330,15.fc41,EXISTS_IN_EXT,0.20180330,Y,1,nan,NOT_FOUND,NA,NA,NA,NA
mythes-es,NA,NA,NA,NA,NA,NA,NA,N,N,Built,2.3,7.azl3,1,1,mythes-es-2.3-17.fc41.src.rpm,Default Initialized,Default Initialized,2.3,17.fc41,EXISTS_IN_EXT,2.3,Y,1,nan,NOT_FOUND,NA,NA,NA,NA
mythes-fr,NA,NA,NA,NA,NA,NA,NA,N,N,Built,2.3,16.azl3,1,1,mythes-fr-2.3-26.fc41.src.rpm,Default Initialized,Default Initialized,2.3,26.fc41,EXISTS_IN_EXT,2.3,Y,1,nan,NOT_FOUND,NA,NA,NA,NA
mythes-ga,NA,NA,NA,NA,NA,NA,NA,N,N,Built,0.20071001,24.azl3,1,1,mythes-ga-0.20071001-34.fc41.src.rpm,Default Initialized,Default Initialized,0.20071001,34.fc41,EXISTS_IN_EXT,0.20071001,Y,1,nan,NOT_FOUND,NA,NA,NA,NA
mythes-hu,NA,NA,NA,NA,NA,NA,NA,N,N,Built,0.20101019,20.azl3,1,1,mythes-hu-0.20101019-30.fc41.src.rpm,Default Initialized,Default Initialized,0.20101019,30.fc41,EXISTS_IN_EXT,0.20101019,Y,1,nan,NOT_FOUND,NA,NA,NA,NA
mythes-mi,NA,NA,NA,NA,NA,NA,NA,N,N,Built,0.20080630,24.azl3,1,1,mythes-mi-0.20080630-32.fc41.src.rpm,Default Initialized,Default Initialized,0.20080630,32.fc41,EXISTS_IN_EXT,0.20080630,Y,1,nan,NOT_FOUND,NA,NA,NA,NA
mythes-ne,NA,NA,NA,NA,NA,NA,NA,N,N,Built,1.1,20.azl3,1,1,mythes-ne-1.1-29.fc41.src.rpm,Default Initialized,Default Initialized,1.1,29.fc41,EXISTS_IN_EXT,1.1,Y,1,nan,NOT_FOUND,NA,NA,NA,NA
mythes-nl,NA,NA,NA,NA,NA,NA,NA,N,N,Built,0.20130131,14.azl3,1,1,mythes-nl-0.20130131-24.fc41.src.rpm,Default Initialized,Default Initialized,0.20130131,24.fc41,EXISTS_IN_EXT,0.20130131,Y,1,nan,NOT_FOUND,NA,NA,NA,NA
mythes-pl,NA,NA,NA,NA,NA,NA,NA,N,N,Built,1.5,26.azl3,1,1,mythes-pl-1.5-35.fc41.src.rpm,Default Initialized,Default Initialized,1.5,35.fc41,EXISTS_IN_EXT,1.5,Y,1,nan,NOT_FOUND,NA,NA,NA,NA
mythes-pt,NA,NA,NA,NA,NA,NA,NA,N,N,Built,0.20060817,24.azl3,1,1,mythes-pt-0.20060817-35.fc41.src.rpm,Default Initialized,Default Initialized,0.20060817,35.fc41,EXISTS_IN_EXT,0.20060817,Y,1,nan,NOT_FOUND,NA,NA,NA,NA
mythes-ro,NA,NA,NA,NA,NA,NA,NA,N,N,Built,3.3,19.azl3,1,1,mythes-ro-3.3-29.fc41.src.rpm,Default Initialized,Default Initialized,3.3,29.fc41,EXISTS_IN_EXT,3.3,Y,1,nan,NOT_FOUND,NA,NA,NA,NA
mythes-ru,NA,NA,NA,NA,NA,NA,NA,N,N,Built,0.20070613,24.azl3,1,1,mythes-ru-0.20070613-32.fc41.src.rpm,Default Initialized,Default Initialized,0.20070613,32.fc41,EXISTS_IN_EXT,0.20070613,Y,1,nan,NOT_FOUND,NA,NA,NA,NA
mythes-sk,NA,NA,NA,NA,NA,NA,NA,N,N,Built,0.20130130,16.azl3,1,1,mythes-sk-0.20130130-26.fc41.src.rpm,Default Initialized,Default Initialized,0.20130130,26.fc41,EXISTS_IN_EXT,0.20130130,Y,1,nan,NOT_FOUND,NA,NA,NA,NA
mythes-sl,NA,NA,NA,NA,NA,NA,NA,N,N,Built,0.20130130,16.azl3,1,1,mythes-sl-0.20130130-26.fc41.src.rpm,Default Initialized,Default Initialized,0.20130130,26.fc41,EXISTS_IN_EXT,0.20130130,Y,1,nan,NOT_FOUND,NA,NA,NA,NA
mythes-sv,NA,NA,NA,NA,NA,NA,NA,N,N,Built,1.3,18.azl3,1,1,mythes-sv-1.3-29.fc41.src.rpm,Default Initialized,Default Initialized,1.3,29.fc41,EXISTS_IN_EXT,1.3,Y,1,nan,NOT_FOUND,NA,NA,NA,NA
mythes-uk,NA,NA,NA,NA,NA,NA,NA,N,N,Built,1.6.5,19.azl3,1,1,mythes-uk-1.6.5-29.fc41.src.rpm,Default Initialized,Default Initialized,1.6.5,29.fc41,EXISTS_IN_EXT,1.6.5,Y,1,nan,NOT_FOUND,NA,NA,NA,NA
neon,NA,P0,Jagadeesh,11484,https://github.com/microsoft/azurelinux/pull/11484,MERGED,2024-12-17T04:41:56Z,Y,Y,Failed,0.31.2,2.azl3,1,1,neon-0.33.0-2.fc41.src.rpm,Default Initialized,Default Initialized,0.33.0,2.fc41,EXISTS_IN_EXT,0.31.2,Y,1,Jagadeesh,https://github.com/microsoft/azurelinux/pull/11484,Suresh,In Review,https://github.com/durgajagadeesh/azurelinux_djpalli.git,Topic_neon
netcdf,NA,P1,Aninda,NA,NA,NA,NA,Y,Y,Built,4.9.0,4.azl3,1,1,netcdf-4.9.2-6.fc41.src.rpm,Default Initialized,Default Initialized,4.9.2,6.fc41,EXISTS_IN_EXT,4.9.0,N,0,Aninda,NA,NA,NA,NA,NA
netcf,NA,NA,NA,NA,NA,NA,NA,Revisit No Dnld Ver,Revisit No Dnld Ver,Built,0.2.8,16.azl3,0,0,Default Initialized,Default Initialized,Default Initialized,Not Found,Not Found,EXISTS_IN_EXT,0.2.8,N,0,nan,NOT_FOUND,NA,NA,NA,NA
netlabel_tools,NA,NA,NA,NA,NA,NA,NA,N,N,Built,0.30.0,10.azl3,1,1,netlabel_tools-0.30.0-19.fc41.src.rpm,Default Initialized,Default Initialized,0.30.0,19.fc41,EXISTS_IN_EXT,0.30.0,Y,1,nan,NOT_FOUND,NA,NA,NA,NA
netpbm,NA,P1,Aninda,NA,NA,NA,NA,Y,Y,Failed,10.90.00,6.azl3,1,1,netpbm-11.02.00-7.fc41.src.rpm,Default Initialized,Default Initialized,11.02.00,7.fc41,EXISTS_IN_EXT,10.90.00,N,0,Aninda,NA,NA,NA,NA,NA
netsniff-ng,NA,P1,Aninda,NA,NA,NA,NA,N,N,Failed,0.6.8,13.azl3,1,1,netsniff-ng-0.6.8-19.fc41.src.rpm,Default Initialized,Default Initialized,0.6.8,19.fc41,EXISTS_IN_EXT,0.6.8,N,0,Aninda,NA,NA,NA,NA,NA
nilfs-utils,NA,P0,Jagadeesh,11487,https://github.com/microsoft/azurelinux/pull/11487,MERGED,2024-12-17T06:58:25Z,Y,Y,Built,2.2.8,3.azl3,1,1,nilfs-utils-2.2.11-3.fc41.src.rpm,Default Initialized,Default Initialized,2.2.11,3.fc41,EXISTS_IN_EXT,2.2.8,Y,1,Jagadeesh,https://github.com/microsoft/azurelinux/pull/11487,Suresh,In Review,https://github.com/durgajagadeesh/azurelinux_djpalli.git,Topic_nilfs-utils
nkf,NA,NA,NA,NA,NA,NA,NA,N,N,Built,2.1.4,18.azl3,1,1,nkf-2.1.4-34.fc41.src.rpm,Default Initialized,Default Initialized,2.1.4,34.fc41,EXISTS_IN_EXT,2.1.4,Y,1,nan,NOT_FOUND,NA,NA,NA,NA
nload,NA,NA,NA,NA,NA,NA,NA,N,N,Built,0.7.4,18.azl3,1,1,nload-0.7.4-28.fc41.src.rpm,Default Initialized,Default Initialized,0.7.4,28.fc41,EXISTS_IN_EXT,0.7.4,Y,1,nan,NOT_FOUND,NA,NA,NA,NA
nmi,NA,P1,Aninda,NA,NA,NA,NA,Revisit No Bld Ver,Revisit No Bld Ver,Not Found,Not Found,Not Found,0,0,Default Initialized,Default Initialized,Default Initialized,Not Found,Not Found,REMOVED_FROM_BOTH,Not Found,N,0,Aninda,NA,NA,NA,NA,NA
nodejs-nodemon,NA,P0,Jagadeesh,NA,NA,NA,NA,Y,Y,Built,2.0.3,5.azl3,1,1,nodejs-nodemon-3.1.4-2.fc41.src.rpm,Default Initialized,Default Initialized,3.1.4,2.fc41,EXISTS_IN_EXT,2.0.3,Y,1,Jagadeesh,NA,NA,NA,NA,NA
nodejs-packaging,NA,P0,Jagadeesh,NA,NA,NA,NA,Revisit Ver Compare,Revisit Ver Compare,Built,25,2.azl3,1,1,nodejs-packaging-2023.10-6.fc41.src.rpm,Default Initialized,Default Initialized,2023.10,6.fc41,EXISTS_IN_EXT,25,Y,1,Jagadeesh,NA,NA,NA,NA,NA
nss-mdns,NA,P1,Aninda,NA,NA,NA,NA,Revisit No Bld Ver,Revisit No Bld Ver,Not Found,Not Found,Not Found,1,1,nss-mdns-0.15.1-12.fc41.src.rpm,Default Initialized,Default Initialized,0.15.1,12.fc41,MOVED_TO_CORE,Not Found,N,0,Aninda,NA,NA,NA,NA,NA
nss-pam-ldapd,NA,NA,NA,NA,NA,NA,NA,N,N,Built,0.9.10,5.azl3,1,1,nss-pam-ldapd-0.9.10-17.fc41.src.rpm,Default Initialized,Default Initialized,0.9.10,17.fc41,EXISTS_IN_EXT,0.9.10,Y,1,nan,NOT_FOUND,NA,NA,NA,NA
numatop,NA,P0,Jagadeesh,11596,https://github.com/microsoft/azurelinux/pull/11596,MERGED,2024-12-20T13:08:22Z,Y,Y,Built,2.1,5.azl3,1,1,numatop-2.4-2.fc41.src.rpm,Default Initialized,Default Initialized,2.4,2.fc41,EXISTS_IN_EXT,2.1,Y,1,Jagadeesh,https://github.com/microsoft/azurelinux/pull/11596,Bala,In Review,https://github.com/durgajagadeesh/azurelinux_djpalli.git,Topic_numatop
nvmetcli,NA,P0,Jagadeesh,11550,https://github.com/microsoft/azurelinux/pull/11550,OPEN,2024-12-19T17:39:39Z,Y,Y,Built,0.4,11.azl3,1,1,nvmetcli-0.7-15.fc41.src.rpm,Default Initialized,Default Initialized,0.7,15.fc41,EXISTS_IN_EXT,0.4,Y,1,Jagadeesh,NA,Bala,In Review,https://github.com/durgajagadeesh/azurelinux_djpalli.git,Topic_nvmetcli
objectweb-anttask,NA,P1,Aninda,NA,NA,NA,NA,Revisit No Dnld Ver,Revisit No Dnld Ver,Failed,1.2,267.azl3,0,0,Default Initialized,Default Initialized,Default Initialized,Not Found,Not Found,EXISTS_IN_EXT,1.2,N,0,Aninda,NA,NA,NA,NA,NA
objenesis,NA,P1,Aninda,NA,NA,NA,NA,Y,Y,Failed,3.1,3.azl3,1,1,objenesis-3.4-4.fc41.src.rpm,Default Initialized,Default Initialized,3.4,4.fc41,EXISTS_IN_EXT,3.1,N,0,Aninda,NA,NA,NA,NA,NA
ocaml-calendar,NA,P0,Jagadeesh,11562,https://github.com/microsoft/azurelinux/pull/11562,MERGED,2024-12-19T19:38:36Z,Y,Y,Failed,2.04,29.azl3,1,1,ocaml-calendar-3.0.0-13.fc41.src.rpm,Default Initialized,Default Initialized,3.0.0,13.fc41,EXISTS_IN_EXT,2.04,Y,1,Jagadeesh,NA,Bala,In Review,https://github.com/durgajagadeesh/azurelinux_djpalli.git,Topic_ocaml-calendar
ocaml-camlp5,NA,P1,Aninda,NA,NA,NA,NA,Y,Y,Failed,8.00.02,11.azl3,1,1,ocaml-camlp5-8.03.00-4.fc41.src.rpm,Default Initialized,Default Initialized,8.03.00,4.fc41,EXISTS_IN_EXT,8.00.02,N,0,Aninda,NA,NA,NA,NA,NA
ocaml-csv,NA,P0,Jagadeesh,11531,https://github.com/microsoft/azurelinux/pull/11531,MERGED,2024-12-18T21:51:14Z,Y,Y,Failed,1.7,17.azl3,1,1,ocaml-csv-2.4-22.fc41.src.rpm,Default Initialized,Default Initialized,2.4,22.fc41,EXISTS_IN_EXT,1.7,Y,1,Jagadeesh,https://github.com/microsoft/azurelinux/pull/11531,Bala,In Review,https://github.com/durgajagadeesh/azurelinux_djpalli.git,Topic_ocaml-csv
ocaml-curses,NA,P0,Jagadeesh,11566,https://github.com/microsoft/azurelinux/pull/11566,OPEN,2024-12-19T20:51:22Z,Y,Y,Built,1.0.4,13.azl3,1,1,ocaml-curses-1.0.11-11.fc41.src.rpm,Default Initialized,Default Initialized,1.0.11,11.fc41,EXISTS_IN_EXT,1.0.4,Y,1,Jagadeesh,https://github.com/microsoft/azurelinux/pull/11566,Bala,In Review,https://github.com/durgajagadeesh/azurelinux_djpalli.git,Topic_ocaml-curses
ocaml-extlib,NA,P0,Jagadeesh,11567,https://github.com/microsoft/azurelinux/pull/11567,OPEN,2024-12-19T21:34:23Z,Y,Y,Failed,1.7.8,1.azl3,1,1,ocaml-extlib-1.7.9-11.fc41.src.rpm,Default Initialized,Default Initialized,1.7.9,11.fc41,EXISTS_IN_EXT,1.7.8,Y,1,Jagadeesh,https://github.com/microsoft/azurelinux/pull/11567,NA,NA,https://github.com/durgajagadeesh/azurelinux_djpalli.git,Topic_ocaml-extlib
ocaml-fpath,NA,NA,NA,NA,NA,NA,NA,N,N,Built,0.7.3,3.azl3,1,1,ocaml-fpath-0.7.3-23.fc41.src.rpm,Default Initialized,Default Initialized,0.7.3,23.fc41,EXISTS_IN_EXT,0.7.3,Y,1,nan,NOT_FOUND,NA,NA,NA,NA
ocaml-libvirt,NA,P0,Jagadeesh,11599,https://github.com/microsoft/azurelinux/pull/11599,MERGED,2024-12-20T14:13:31Z,Y,Y,Built,0.6.1.5,8.azl3,1,1,ocaml-libvirt-0.6.1.7-12.fc41.src.rpm,Default Initialized,Default Initialized,0.6.1.7,12.fc41,EXISTS_IN_EXT,0.6.1.5,Y,1,Jagadeesh,https://github.com/microsoft/azurelinux/pull/11599,NA,NA,https://github.com/durgajagadeesh/azurelinux_djpalli.git,Topic_ocaml-libvirt
ocaml-markup,NA,P0,Jagadeesh,11723,https://github.com/microsoft/azurelinux/pull/11723,MERGED,2024-12-27T03:37:51Z,Y,Y,Failed,1.0.0,5.azl3,1,1,ocaml-markup-1.0.3-17.fc41.src.rpm,Default Initialized,Default Initialized,1.0.3,17.fc41,EXISTS_IN_EXT,1.0.0,Y,1,Jagadeesh,https://github.com/microsoft/azurelinux/pull/11723,Bala,Dev Approved,https://github.com/durgajagadeesh/azurelinux_djpalli.git,Topic_Ocaml-markup
ocaml-parsexp,NA,P1,Aninda,NA,NA,NA,NA,Revisit No Bld Ver,Revisit No Bld Ver,Not Found,Not Found,Not Found,1,1,ocaml-parsexp-0.17.0-2.fc41.src.rpm,Default Initialized,Default Initialized,0.17.0,2.fc41,MOVED_TO_CORE,Not Found,N,0,Aninda,NA,NA,NA,NA,NA
ocaml-sexplib,NA,P1,Aninda,NA,NA,NA,NA,Revisit No Bld Ver,Revisit No Bld Ver,Not Found,Not Found,Not Found,1,1,ocaml-sexplib-0.17.0-3.fc41.src.rpm,Default Initialized,Default Initialized,0.17.0,3.fc41,MOVED_TO_CORE,Not Found,N,0,Aninda,NA,NA,NA,NA,NA
ocaml-tyxml,NA,P0,Jagadeesh,11682,https://github.com/microsoft/azurelinux/pull/11682,OPEN,2024-12-23T15:39:45Z,Y,Y,Failed,4.5.0,2.azl3,1,1,ocaml-tyxml-4.6.0-12.fc41.src.rpm,Default Initialized,Default Initialized,4.6.0,12.fc41,EXISTS_IN_EXT,4.5.0,Y,1,Jagadeesh,NA,NA,NA,https://github.com/durgajagadeesh/azurelinux_djpalli.git,Topic_ocaml-tyxml
ocaml-xml-light,NA,P0,Jagadeesh,NA,NA,NA,NA,Y,Y,Failed,2.3,3.azl3,1,1,ocaml-xml-light-2.5-12.fc41.src.rpm,Default Initialized,Default Initialized,2.5,12.fc41,EXISTS_IN_EXT,2.3,Y,1,Jagadeesh,NA,NA,NA,NA,NA
ocaml-zarith,NA,P0,Jagadeesh,11680,https://github.com/microsoft/azurelinux/pull/11680,MERGED,2024-12-23T14:12:48Z,Y,Y,Built,1.9.1,9.azl3,1,1,ocaml-zarith-1.14-2.fc41.src.rpm,Default Initialized,Default Initialized,1.14,2.fc41,EXISTS_IN_EXT,1.9.1,Y,1,Jagadeesh,https://github.com/microsoft/azurelinux/pull/11680,Bala,Dev Approved,https://github.com/durgajagadeesh/azurelinux_djpalli.git,Topic_ocaml-zarith
ocl-icd,NA,P0,Jagadeesh,11706,https://github.com/microsoft/azurelinux/pull/11706,OPEN,2024-12-24T07:58:36Z,Y,Y,Built,2.2.13,2.azl3,1,1,ocl-icd-2.3.2-7.fc41.src.rpm,Default Initialized,Default Initialized,2.3.2,7.fc41,EXISTS_IN_EXT,2.2.13,Y,1,Jagadeesh,NA,NA,NA,https://github.com/durgajagadeesh/azurelinux_djpalli.git,Topic_ocl-icd
oddjob,NA,P0,Jagadeesh,NA,NA,NA,NA,Y,Y,Built,0.34.6,2.azl3,1,1,oddjob-0.34.7-14.fc41.src.rpm,Default Initialized,Default Initialized,0.34.7,14.fc41,EXISTS_IN_EXT,0.34.6,Y,1,Jagadeesh,NA,NA,NA,NA,NA
ogdi,NA,P1,Jagadeesh,11411,https://github.com/microsoft/azurelinux/pull/11411,OPEN,2024-12-11T17:52:40Z,Y,Y,Built,4.1.0,9.azl3,1,1,ogdi-4.1.1-2.fc41.src.rpm,Default Initialized,Default Initialized,4.1.1,2.fc41,EXISTS_IN_EXT,4.1.0,Y,1,Jagadeesh,https://github.com/microsoft/azurelinux/pull/11411,NA,NA,https://github.com/durgajagadeesh/azurelinux_djpalli.git,Topic_ogdi
omping,NA,NA,NA,NA,NA,NA,NA,N,N,Built,0.0.4,21.azl3,1,1,omping-0.0.4-33.fc41.src.rpm,Default Initialized,Default Initialized,0.0.4,33.fc41,EXISTS_IN_EXT,0.0.4,Y,1,nan,NOT_FOUND,NA,NA,NA,NA
opal,NA,P1,Jagadeesh,NA,NA,NA,NA,N,N,Failed,3.10.11,13.azl3,1,1,opal-3.10.11-18.fc41.src.rpm,Default Initialized,Default Initialized,3.10.11,18.fc41,EXISTS_IN_EXT,3.10.11,N,0,Jagadeesh,NA,NA,NA,NA,NA
opencc,NA,P1,Jagadeesh,NA,NA,NA,NA,Y,Y,Built,1.1.1,3.azl3,1,1,opencc-1.1.7-2.fc41.src.rpm,Default Initialized,Default Initialized,1.1.7,2.fc41,EXISTS_IN_EXT,1.1.1,N,0,Jagadeesh,NA,NA,NA,NA,NA
opencl-filesystem,NA,NA,NA,NA,NA,NA,NA,N,N,Built,1.0,13.azl3,1,1,opencl-filesystem-1.0-21.fc41.src.rpm,Default Initialized,Default Initialized,1.0,21.fc41,EXISTS_IN_EXT,1.0,Y,1,nan,NOT_FOUND,NA,NA,NA,NA
opencl-headers,NA,P0,Jagadeesh,11709,https://github.com/microsoft/azurelinux/pull/11709,OPEN,2024-12-24T20:32:42Z,Y,Y,Built,2.2,7.azl3,1,1,opencl-headers-3.0-31.20241023git4ea6df1.fc41.s,Default Initialized,Default Initialized,3.0,31.20241023git4ea6df1.fc41.s,EXISTS_IN_EXT,2.2,Y,1,Jagadeesh,https://github.com/microsoft/azurelinux/pull/11709,NA,NA,https://github.com/durgajagadeesh/azurelinux_djpalli.git,Topic_opencl-headers
opencryptoki,NA,P0,Jagadeesh,11919,https://github.com/microsoft/azurelinux/pull/11919,OPEN,2025-01-15T08:06:30Z,Y,Y,Built,3.17.0,2.azl3,1,1,opencryptoki-3.24.0-2.fc41.src.rpm,Default Initialized,Default Initialized,3.24.0,2.fc41,EXISTS_IN_EXT,3.17.0,Y,1,Jagadeesh,NA,NA,NA,https://github.com/durgajagadeesh/azurelinux_djpalli.git,Topic_opencryptoki
opendnssec,NA,CP_batch1,Jagadeesh,12547,https://github.com/microsoft/azurelinux/pull/12547,OPEN,2025-02-21T14:00:34Z,Y,Y,Built,2.1.7,5.azl3,1,1,opendnssec-2.1.14-0.2rc1.fc41.src.rpm,Default Initialized,Default Initialized,2.1.14,0.2rc1.fc41,EXISTS_IN_EXT,2.1.7,N,0,Jagadeesh,NA,NA,NA,https://github.com/durgajagadeesh/azurelinux_djpalli.git,Topic_opendnssec
openjpeg2,openjpeg,NA,NA,NA,NA,NA,NA,Y,Y,Built,2.3.1,12.azl3,1,1,openjpeg-2.5.3-1.fc41.src.rpm,Default Initialized,Default Initialized,2.5.3,1.fc41,EXISTS_IN_EXT,2.3.1,N,0,nan,NOT_FOUND,NA,NA,NA,NA
openobex,NA,NA,NA,NA,NA,NA,NA,N,N,Built,1.7.2,12.azl3,1,1,openobex-1.7.2-27.fc41.src.rpm,Default Initialized,Default Initialized,1.7.2,27.fc41,EXISTS_IN_EXT,1.7.2,Y,1,nan,NOT_FOUND,NA,NA,NA,NA
openoffice-lv,NA,P0,Jagadeesh,11884,https://github.com/microsoft/azurelinux/pull/11884,OPEN,2025-01-13T10:21:32Z,Y,Y,Built,1.0.0,12.azl3,1,1,openoffice-lv-1.4.0-9.fc41.src.rpm,Default Initialized,Default Initialized,1.4.0,9.fc41,EXISTS_IN_EXT,1.0.0,Y,1,Jagadeesh,NA,NA,NA,https://github.com/durgajagadeesh/azurelinux_djpalli.git,Topic_openoffice-lv
openrdate,NA,NA,NA,NA,NA,NA,NA,N,N,Built,1.2,23.azl3,1,1,openrdate-1.2-28.fc41.src.rpm,Default Initialized,Default Initialized,1.2,28.fc41,EXISTS_IN_EXT,1.2,Y,1,nan,NOT_FOUND,NA,NA,NA,NA
openslp,NA,NA,NA,NA,NA,NA,NA,N,N,Built,2.0.0,26.azl3,1,1,openslp-2.0.0-37.fc41.src.rpm,Default Initialized,Default Initialized,2.0.0,37.fc41,EXISTS_IN_EXT,2.0.0,Y,1,nan,NOT_FOUND,NA,NA,NA,NA
openssl-ibmpkcs11,NA,NA,NA,NA,NA,NA,NA,Revisit No Dnld Ver,Revisit No Dnld Ver,Built,1.0.2,6.azl3,0,0,Default Initialized,Default Initialized,Default Initialized,Not Found,Not Found,EXISTS_IN_EXT,1.0.2,N,0,nan,NOT_FOUND,NA,NA,NA,NA
openwsman,NA,CP_batch1,Jagadeesh,NA,NA,NA,NA,Y,Y,Built,2.6.8,13.azl3,1,1,openwsman-2.7.2-11.fc41.src.rpm,Default Initialized,Default Initialized,2.7.2,11.fc41,EXISTS_IN_EXT,2.6.8,N,0,Jagadeesh,NA,NA,NA,NA,NA
optipng,NA,P0,Jagadeesh,11944,https://github.com/microsoft/azurelinux/pull/11944,OPEN,2025-01-16T03:30:26Z,Y,Y,Built,0.7.7,7.azl3,1,1,optipng-0.7.8-4.fc41.src.rpm,Default Initialized,Default Initialized,0.7.8,4.fc41,EXISTS_IN_EXT,0.7.7,Y,1,Jagadeesh,NA,NA,NA,https://github.com/durgajagadeesh/azurelinux_djpalli.git,Topic_optipng
opus,NA,P0,Jyoti,NA,NA,NA,NA,Y,Y,Built,1.3.1,4.azl3,1,1,opus-1.5.2-1.fc41.src.rpm,Default Initialized,Default Initialized,1.5.2,1.fc41,EXISTS_IN_EXT,1.3.1,Y,1,Jyoti,NA,NA,NA,NA,NA
opusfile,NA,NA,NA,NA,NA,NA,NA,N,N,Built,0.12,2.azl3,1,1,opusfile-0.12-13.fc41.src.rpm,Default Initialized,Default Initialized,0.12,13.fc41,EXISTS_IN_EXT,0.12,Y,1,nan,NOT_FOUND,NA,NA,NA,NA
orc,NA,P0,Jyoti,11485,https://github.com/microsoft/azurelinux/pull/11485,MERGED,2024-12-17T04:49:36Z,Y,Y,Built,0.4.31,4.azl3,1,1,orc-0.4.39-1.fc41.src.rpm,Default Initialized,Default Initialized,0.4.39,1.fc41,EXISTS_IN_EXT,0.4.31,Y,1,Jyoti,https://github.com/microsoft/azurelinux/pull/11485,Bala,Dev Approved,https://github.com/jykanase/azurelinux.git,topic_orc
oro,NA,CP_batch1,Jagadeesh,12676,https://github.com/microsoft/azurelinux/pull/12676,OPEN,2025-02-28T05:57:40Z,Revisit No Dnld Ver,Revisit No Dnld Ver,Failed,2.0.8,297.azl3,0,0,Default Initialized,Default Initialized,Default Initialized,Not Found,Not Found,EXISTS_IN_EXT,2.0.8,N,0,Jagadeesh,NA,NA,NA,https://github.com/durgajagadeesh/azurelinux_djpalli.git,Topic_oro
os-prober,NA,P0,Jyoti,11494,https://github.com/microsoft/azurelinux/pull/11494,OPEN,2024-12-17T10:34:49Z,Y,Y,Built,1.77,7.azl3,1,1,os-prober-1.81-8.fc41.src.rpm,Default Initialized,Default Initialized,1.81,8.fc41,EXISTS_IN_EXT,1.77,Y,1,Jyoti,https://github.com/microsoft/azurelinux/pull/11494,NA,NA,https://github.com/jykanase/azurelinux.git,topic_os-prober
osgi-annotation,NA,P1,Jagadeesh,NA,NA,NA,NA,Y,Y,Failed,7.0.0,2.azl3,1,1,osgi-annotation-8.1.0-7.fc41.src.rpm,Default Initialized,Default Initialized,8.1.0,7.fc41,EXISTS_IN_EXT,7.0.0,N,0,Jagadeesh,NA,NA,NA,NA,NA
osgi-compendium,NA,P1,Jagadeesh,NA,NA,NA,NA,N,N,Failed,7.0.0,2.azl3,1,1,osgi-compendium-7.0.0-21.fc41.src.rpm,Default Initialized,Default Initialized,7.0.0,21.fc41,EXISTS_IN_EXT,7.0.0,N,0,Jagadeesh,NA,NA,NA,NA,NA
osgi-core,NA,P1,Jagadeesh,NA,NA,NA,NA,Y,Y,Failed,7.0.0,2.azl3,1,1,osgi-core-8.0.0-14.fc41.src.rpm,Default Initialized,Default Initialized,8.0.0,14.fc41,EXISTS_IN_EXT,7.0.0,N,0,Jagadeesh,NA,NA,NA,NA,NA
osinfo-db,NA,P0,Jyoti,11495,https://github.com/microsoft/azurelinux/pull/11495,OPEN,2024-12-17T11:28:51Z,Y,Y,Built,20221130,2.azl3,1,1,osinfo-db-20240701-2.fc41.src.rpm,Default Initialized,Default Initialized,20240701,2.fc41,EXISTS_IN_EXT,20221130,Y,1,Jyoti,NA,Suresh,In Review,https://github.com/jykanase/azurelinux.git,topic_osinfo-db
osinfo-db-tools,NA,P0,Jyoti,11513,https://github.com/microsoft/azurelinux/pull/11513,OPEN,2024-12-18T06:37:16Z,Y,Y,Built,1.10.0,2.azl3,1,1,osinfo-db-tools-1.12.0-1.fc41.src.rpm,Default Initialized,Default Initialized,1.12.0,1.fc41,EXISTS_IN_EXT,1.10.0,Y,1,Jyoti,https://github.com/microsoft/azurelinux/pull/11513,NA,NA,https://github.com/jykanase/azurelinux.git,topic_osinfo-db-tools
overpass-fonts,NA,P1,Jagadeesh,NA,NA,NA,NA,N,N,Failed,3.0.4,4.azl3,1,1,overpass-fonts-3.0.4-14.fc41.src.rpm,Default Initialized,Default Initialized,3.0.4,14.fc41,EXISTS_IN_EXT,3.0.4,N,0,Jagadeesh,NA,NA,NA,NA,NA
pacemaker,NA,P1,Jyoti,NA,NA,NA,NA,Y,Y,Failed,2.1.5,5.azl3,1,1,pacemaker-2.1.9-1.fc41.src.rpm,Default Initialized,Default Initialized,2.1.9,1.fc41,EXISTS_IN_EXT,2.1.5,N,0,Jyoti,NOT_FOUND,NA,NA,NA,NA
pacrunner,NA,NA,NA,NA,NA,NA,NA,N,N,Built,0.16,3.azl3,1,1,pacrunner-0.16-12.fc41.src.rpm,Default Initialized,Default Initialized,0.16,12.fc41,EXISTS_IN_EXT,0.16,Y,1,nan,NOT_FOUND,NA,NA,NA,NA
pakchois,NA,NA,NA,NA,NA,NA,NA,N,N,Built,0.4,23.azl3,1,1,pakchois-0.4-31.fc41.src.rpm,Default Initialized,Default Initialized,0.4,31.fc41,EXISTS_IN_EXT,0.4,Y,1,nan,NOT_FOUND,NA,NA,NA,NA
papi,NA,P1,Jyoti,NA,NA,NA,NA,Y,Y,Failed,5.7.0,5.azl3,1,1,papi-7.1.0-5.fc41.src.rpm,Default Initialized,Default Initialized,7.1.0,5.fc41,EXISTS_IN_EXT,5.7.0,N,0,Jyoti,NA,NA,NA,NA,NA
paps,NA,P0,Jyoti,11518,https://github.com/microsoft/azurelinux/pull/11518,OPEN,2024-12-18T10:40:38Z,Y,Y,Built,0.6.8,46.azl3,1,1,paps-0.8.0-11.fc41.src.rpm,Default Initialized,Default Initialized,0.8.0,11.fc41,EXISTS_IN_EXT,0.6.8,Y,1,Jyoti,https://github.com/microsoft/azurelinux/pull/11518,NA,NA,https://github.com/jykanase/azurelinux.git,topic_paps
parallel,NA,P0,Jyoti,11519,https://github.com/microsoft/azurelinux/pull/11519,MERGED,2024-12-18T12:20:31Z,Y,Y,Built,20190922,3.azl3,1,1,parallel-20240922-2.fc41.src.rpm,Default Initialized,Default Initialized,20240922,2.fc41,EXISTS_IN_EXT,20190922,Y,1,Jyoti,https://github.com/microsoft/azurelinux/pull/11519,Suresh,Dev Approved,https://github.com/jykanase/azurelinux.git,topic_parallel
pbzip2,NA,NA,NA,NA,NA,NA,NA,N,N,Built,1.1.13,3.azl3,1,1,pbzip2-1.1.13-13.fc41.src.rpm,Default Initialized,Default Initialized,1.1.13,13.fc41,EXISTS_IN_EXT,1.1.13,Y,1,nan,NOT_FOUND,NA,NA,NA,NA
pcp,NA,P1,Sandeep,12810,https://github.com/microsoft/azurelinux/pull/12810,OPEN,2025-03-04T20:24:17Z,Y,Y,Failed,5.1.1,3.azl3,1,1,pcp-6.3.2-2.fc41.src.rpm,Default Initialized,Default Initialized,6.3.2,2.fc41,EXISTS_IN_EXT,5.1.1,N,0,Jyoti,NA,NA,NA,https://github.com/microsoft/azurelinux.git,skarambelkar/libpfm-upgrade
perl-Algorithm-C3,NA,P1,Jyoti,NA,NA,NA,NA,Revisit No Bld Ver,Revisit No Bld Ver,Not Found,Not Found,Not Found,1,1,perl-Algorithm-C3-0.11-14.fc41.src.rpm,Default Initialized,Default Initialized,0.11,14.fc41,MOVED_TO_CORE,Not Found,N,0,Jyoti,NA,NA,NA,NA,NA
perl-Algorithm-Diff,NA,P0,Jyoti,11521,https://github.com/microsoft/azurelinux/pull/11521,MERGED,2024-12-18T13:56:41Z,Y,Y,Built,1.1903,16.azl3,1,1,perl-Algorithm-Diff-1.2010-12.fc41.src.rpm,Default Initialized,Default Initialized,1.2010,12.fc41,EXISTS_IN_EXT,1.1903,Y,1,Jyoti,https://github.com/microsoft/azurelinux/pull/11521,Suresh,Dev Approved,https://github.com/jykanase/azurelinux.git,topic_perl-Algorithm-Diff
perl-Alien-Build,NA,P1,Jyoti,NA,NA,NA,NA,Y,Y,Failed,2.17,3.azl3,1,1,perl-Alien-Build-2.84-1.fc41.src.rpm,Default Initialized,Default Initialized,2.84,1.fc41,EXISTS_IN_EXT,2.17,N,0,Jyoti,NA,NA,NA,NA,NA
perl-Alien-pkgconf,NA,P1,Jyoti,NA,NA,NA,NA,Y,Y,Built,0.17,2.azl3,1,1,perl-Alien-pkgconf-0.20-4.fc41.src.rpm,Default Initialized,Default Initialized,0.20,4.fc41,EXISTS_IN_EXT,0.17,N,0,Jyoti,NA,NA,NA,NA,NA
perl-AnyEvent,NA,NA,NA,NA,NA,NA,NA,N,N,Built,7.17,3.azl3,1,1,perl-AnyEvent-7.17-19.fc41.src.rpm,Default Initialized,Default Initialized,7.17,19.fc41,EXISTS_IN_EXT,7.17,Y,1,nan,NOT_FOUND,NA,NA,NA,NA
perl-AnyEvent-AIO,NA,NA,NA,NA,NA,NA,NA,N,N,Built,1.1,35.azl3,1,1,perl-AnyEvent-AIO-1.1-42.fc41.src.rpm,Default Initialized,Default Initialized,1.1,42.fc41,EXISTS_IN_EXT,1.1,Y,1,nan,NOT_FOUND,NA,NA,NA,NA
perl-AnyEvent-BDB,NA,P1,Jyoti,11783,https://github.com/microsoft/azurelinux/pull/11783,DRAFT,2025-01-06T10:28:56Z,N,Y,Failed,1.1,38.azl3,1,1,perl-AnyEvent-BDB-1.1-46.fc41.src.rpm,Default Initialized,Default Initialized,1.1,46.fc41,EXISTS_IN_EXT,1.1,N,0,Jyoti,NA,NA,NA,https://github.com/jykanase/azurelinux.git,topic_perl-AnyEvent-BDB
perl-App-FatPacker,NA,NA,NA,NA,NA,NA,NA,N,N,Built,0.010008,6.azl3,1,1,perl-App-FatPacker-0.010008-18.fc41.src.rpm,Default Initialized,Default Initialized,0.010008,18.fc41,EXISTS_IN_EXT,0.010008,Y,1,nan,NOT_FOUND,NA,NA,NA,NA
perl-AppConfig,NA,NA,NA,NA,NA,NA,NA,N,N,Built,1.71,18.azl3,1,1,perl-AppConfig-1.71-30.fc41.src.rpm,Default Initialized,Default Initialized,1.71,30.fc41,EXISTS_IN_EXT,1.71,Y,1,nan,NOT_FOUND,NA,NA,NA,NA
perl-Archive-Extract,NA,P0,Jyoti,11598,https://github.com/microsoft/azurelinux/pull/11598,OPEN,2024-12-20T14:02:04Z,Y,Y,Built,0.86,4.azl3,1,1,perl-Archive-Extract-0.88-12.fc41.src.rpm,Default Initialized,Default Initialized,0.88,12.fc41,EXISTS_IN_EXT,0.86,Y,1,Jyoti,NA,NA,NA,https://github.com/jykanase/azurelinux.git,topic_perl-Archive-Extract
perl-Authen-SASL,NA,New P0,Sumit,12754,https://github.com/microsoft/azurelinux/pull/12754,OPEN,2025-03-04T07:16:31Z,Y,Y,Built,2.16,21.azl3,1,1,perl-Authen-SASL-2.1700-4.fc41.src.rpm,Default Initialized,Default Initialized,2.1700,4.fc41,EXISTS_IN_EXT,2.16,Y,1,nan,NOT_FOUND,NA,NA,https://github.com/SumitJenaHCL/azurelinux.git,topic_perl-Authen-SASL
perl-B-Debug,NA,NA,NA,NA,NA,NA,NA,N,N,Built,1.26,425.azl3,1,1,perl-B-Debug-1.26-441.fc41.src.rpm,Default Initialized,Default Initialized,1.26,441.fc41,EXISTS_IN_EXT,1.26,Y,1,nan,NOT_FOUND,NA,NA,NA,NA
perl-B-Hooks-EndOfScope,NA,P0,Jyoti,11595,https://github.com/microsoft/azurelinux/pull/11595,OPEN,2024-12-20T12:27:31Z,Y,Y,Built,0.24,10.azl3,1,1,perl-B-Hooks-EndOfScope-0.28-2.fc41.src.rpm,Default Initialized,Default Initialized,0.28,2.fc41,EXISTS_IN_EXT,0.24,Y,1,Jyoti,NA,NA,NA,https://github.com/jykanase/azurelinux.git,topic_perl-B-Hooks-EndOfScope
perl-B-Hooks-OP-Check,NA,P1,Jyoti,NA,NA,NA,NA,Revisit No Bld Ver,Revisit No Bld Ver,Not Found,Not Found,Not Found,1,1,perl-B-Hooks-OP-Check-0.22-25.fc41.src.rpm,Default Initialized,Default Initialized,0.22,25.fc41,MOVED_TO_CORE,Not Found,N,0,Jyoti,NA,NA,NA,NA,NA
perl-B-Keywords,NA,P0,Jyoti,11593,https://github.com/microsoft/azurelinux/pull/11593,MERGED,2024-12-20T11:25:48Z,Y,Y,Built,1.21,4.azl3,1,1,perl-B-Keywords-1.27-2.fc41.src.rpm,Default Initialized,Default Initialized,1.27,2.fc41,EXISTS_IN_EXT,1.21,Y,1,Jyoti,https://github.com/microsoft/azurelinux/pull/11593,NA,NA,https://github.com/jykanase/azurelinux.git,topic_perl-B-Keywords
perl-B-Lint,NA,NA,NA,NA,NA,NA,NA,N,N,Built,1.20,18.azl3,1,1,perl-B-Lint-1.20-31.fc41.src.rpm,Default Initialized,Default Initialized,1.20,31.fc41,EXISTS_IN_EXT,1.20,Y,1,nan,NOT_FOUND,NA,NA,NA,NA
perl-BDB,NA,P1,Jyoti,11782,https://github.com/microsoft/azurelinux/pull/11782,MERGED,2025-01-06T09:58:49Z,Revisit No Bld Ver,Revisit No Bld Ver,Not Found,Not Found,Not Found,1,1,perl-BDB-1.92-25.fc41.src.rpm,Default Initialized,Default Initialized,1.92,25.fc41,REMOVED_FROM_BOTH,Not Found,N,0,Sumit,NA,NA,NA,https://github.com/jykanase/azurelinux.git,topic_perl-BDB
perl-BSD-Resource,NA,NA,NA,NA,NA,NA,NA,N,N,Built,1.291.100,12.azl3,1,1,perl-BSD-Resource-1.291.100-27.fc41.src.rpm,Default Initialized,Default Initialized,1.291.100,27.fc41,EXISTS_IN_EXT,1.291.100,Y,1,nan,NOT_FOUND,NA,NA,NA,NA
perl-Browser-Open,NA,NA,NA,NA,NA,NA,NA,N,N,Built,0.04,25.azl3,1,1,perl-Browser-Open-0.04-38.fc41.src.rpm,Default Initialized,Default Initialized,0.04,38.fc41,EXISTS_IN_EXT,0.04,Y,1,nan,NOT_FOUND,NA,NA,NA,NA
perl-Business-ISBN,NA,P1,Jyoti,11447,https://github.com/microsoft/azurelinux/pull/11447,OPEN,2024-12-13T11:11:28Z,Y,Y,Built,3.005,3.azl3,1,1,perl-Business-ISBN-3.009-5.fc41.src.rpm,Default Initialized,Default Initialized,3.009,5.fc41,EXISTS_IN_EXT,Not Found,N,0,Jyoti,NA,NA,NA,https://github.com/jykanase/azurelinux.git,topic_perl-Business-ISBN
perl-Business-ISBN-Data,NA,P0,Jyoti,11432,https://github.com/microsoft/azurelinux/pull/11432,OPEN,2024-12-12T14:22:21Z,Revisit Ver Compare,Revisit Ver Compare,Built,20191107,3.azl3,1,1,perl-Business-ISBN-Data-20240930.001-1.fc41.src,Default Initialized,Default Initialized,20240930.001,1.fc41.src,EXISTS_IN_EXT,20191107,Y,1,Jyoti,NA,NA,NA,https://github.com/jykanase/azurelinux.git,topic_perl-Business-ISBN-Data
perl-CBOR-XS,NA,New P0,Sumit,12753,https://github.com/microsoft/azurelinux/pull/12753,OPEN,2025-03-04T07:14:40Z,Y,Y,Built,1.86,2.azl3,1,1,perl-CBOR-XS-1.87-5.fc41.src.rpm,Default Initialized,Default Initialized,1.87,5.fc41,EXISTS_IN_EXT,1.86,Y,1,nan,NOT_FOUND,NA,NA,https://github.com/SumitJenaHCL/azurelinux.git,topic_perl-CBOR-XS
perl-CSS-Tiny,NA,NA,NA,NA,NA,NA,NA,N,N,Built,1.20,13.azl3,1,1,perl-CSS-Tiny-1.20-26.fc41.src.rpm,Default Initialized,Default Initialized,1.20,26.fc41,EXISTS_IN_EXT,1.20,Y,1,nan,NOT_FOUND,NA,NA,NA,NA
perl-Class-C3,NA,New P0,Sumit,12752,https://github.com/microsoft/azurelinux/pull/12752,OPEN,2025-03-04T07:12:31Z,Y,Y,Built,0.34,10.azl3,1,1,perl-Class-C3-0.35-14.fc41.src.rpm,Default Initialized,Default Initialized,0.35,14.fc41,EXISTS_IN_EXT,0.34,Y,1,nan,NOT_FOUND,NA,NA,https://github.com/SumitJenaHCL/azurelinux.git,topic_perl-Class-C3
perl-Class-C3-XS,NA,P0,Jyoti,11591,https://github.com/microsoft/azurelinux/pull/11591,MERGED,2024-12-20T10:34:37Z,Y,Y,Built,0.14,13.azl3,1,1,perl-Class-C3-XS-0.15-16.fc41.src.rpm,Default Initialized,Default Initialized,0.15,16.fc41,EXISTS_IN_EXT,0.14,Y,1,Jyoti,https://github.com/microsoft/azurelinux/pull/11591,Suresh,In Review,https://github.com/jykanase/azurelinux.git,topic_perl-Class-C3-XS
perl-Class-Data-Inheritable,NA,P0,Jyoti,11708,https://github.com/microsoft/azurelinux/pull/11708,OPEN,2024-12-24T13:21:44Z,Y,Y,Built,0.08,37.azl3,1,1,perl-Class-Data-Inheritable-0.09-9.fc41.src.rpm,Default Initialized,Default Initialized,0.09,9.fc41,EXISTS_IN_EXT,0.08,Y,1,Jyoti,https://github.com/microsoft/azurelinux/pull/10618,Suresh,In Review,https://github.com/jykanase/azurelinux.git,topic_perl-Class-Data-Inheritable
perl-Class-Factory-Util,NA,NA,NA,NA,NA,NA,NA,N,N,Built,1.7,34.azl3,1,1,perl-Class-Factory-Util-1.7-47.fc41.src.rpm,Default Initialized,Default Initialized,1.7,47.fc41,EXISTS_IN_EXT,1.7,Y,1,nan,NOT_FOUND,NA,NA,NA,NA
perl-Class-ISA,NA,P1,Kevin,NA,NA,NA,NA,Revisit No Bld Ver,Revisit No Bld Ver,Not Found,Not Found,Not Found,1,1,perl-Class-ISA-0.36-1042.fc41.src.rpm,Default Initialized,Default Initialized,0.36,1042.fc41,MOVED_TO_CORE,Not Found,N,0,Kevin,NA,NA,NA,NA,NA
perl-Class-Inspector,NA,NA,NA,NA,NA,NA,NA,N,N,Built,1.36,3.azl3,1,1,perl-Class-Inspector-1.36-17.fc41.src.rpm,Default Initialized,Default Initialized,1.36,17.fc41,EXISTS_IN_EXT,1.36,Y,1,nan,NOT_FOUND,NA,NA,NA,NA
perl-Class-Load,NA,P1,Kevin,NA,NA,NA,NA,N,N,Built,0.25,11.azl3,1,1,perl-Class-Load-0.25-26.fc41.src.rpm,Default Initialized,Default Initialized,0.25,26.fc41,EXISTS_IN_EXT,0.25,N,0,Kevin,NA,NA,NA,NA,NA
perl-Class-Load-XS,NA,P1,Kevin,NA,NA,NA,NA,N,N,Built,0.10,12.azl3,1,1,perl-Class-Load-XS-0.10-26.fc41.src.rpm,Default Initialized,Default Initialized,0.10,26.fc41,EXISTS_IN_EXT,0.10,N,0,Kevin,NA,NA,NA,NA,NA
perl-Class-Method-Modifiers,NA,P0,Jyoti,11547,https://github.com/microsoft/azurelinux/pull/11547,MERGED,2024-12-19T14:42:09Z,Y,Y,Built,2.13,3.azl3,1,1,perl-Class-Method-Modifiers-2.15-5.fc41.src.rpm,Default Initialized,Default Initialized,2.15,5.fc41,EXISTS_IN_EXT,2.13,Y,1,Jyoti,https://github.com/microsoft/azurelinux/pull/11547,Suresh,Dev Approved,https://github.com/jykanase/azurelinux.git,topic_perl-Class-Method-Modifiers
perl-Class-Singleton,NA,P0,Jyoti,11546,https://github.com/microsoft/azurelinux/pull/11546,MERGED,2024-12-19T14:14:25Z,Y,Y,Built,1.5,16.azl3,1,1,perl-Class-Singleton-1.6-12.fc41.src.rpm,Default Initialized,Default Initialized,1.6,12.fc41,EXISTS_IN_EXT,1.5,Y,1,Jyoti,https://github.com/microsoft/azurelinux/pull/10618,Suresh,Dev Approved,https://github.com/jykanase/azurelinux.git,topic_perl-Class-Singleton
perl-Class-Tiny,NA,New P0,Sumit,NA,NA,NA,NA,Y,Y,Built,1.006,13.azl3,1,1,perl-Class-Tiny-1.008-12.fc41.src.rpm,Default Initialized,Default Initialized,1.008,12.fc41,EXISTS_IN_EXT,1.006,Y,1,nan,NOT_FOUND,NA,NA,NA,NA
perl-Class-XSAccessor,NA,P1,Kevin,NA,NA,NA,NA,Revisit No Bld Ver,Revisit No Bld Ver,Not Found,Not Found,Not Found,1,1,perl-Class-XSAccessor-1.19-36.fc41.src.rpm,Default Initialized,Default Initialized,1.19,36.fc41,MOVED_TO_CORE,Not Found,N,0,Kevin,NA,NA,NA,NA,NA
perl-Clone,NA,P1,Kevin,NA,NA,NA,NA,Revisit No Bld Ver,Revisit No Bld Ver,Not Found,Not Found,Not Found,1,1,perl-Clone-0.47-1.fc41.src.rpm,Default Initialized,Default Initialized,0.47,1.fc41,MOVED_TO_CORE,Not Found,N,0,Kevin,NA,NA,NA,NA,NA
perl-Color-ANSI-Util,NA,P1,Kevin,11398,https://github.com/microsoft/azurelinux/pull/11398,MERGED,2024-12-10T21:40:18Z,Y,Y,Built,0.164,6.azl3,1,1,perl-Color-ANSI-Util-0.165-2.fc41.src.rpm,Default Initialized,Default Initialized,0.165,2.fc41,EXISTS_IN_EXT,0.164,N,0,Kevin,NA,NA,NA,https://github.com/kevin-b-lockwood/azurelinux.git,kevin-b-lockwood/perl-Color-ANSI-Util-0.165-1
perl-Color-RGB-Util,NA,P1,Kevin,11400,https://github.com/microsoft/azurelinux/pull/11400,OPEN,2024-12-10T23:09:10Z,Y,Y,Built,0.606,3.azl3,1,1,perl-Color-RGB-Util-0.607-4.fc41.src.rpm,Default Initialized,Default Initialized,0.607,4.fc41,EXISTS_IN_EXT,0.606,N,0,Kevin,NA,NA,NA,https://github.com/kevin-b-lockwood/azurelinux.git,kevin-b-lockwood/perl-Color-RGB-Util-0.607-1
perl-ColorThemeBase-Static,NA,P1,Kevin,11425,https://github.com/microsoft/azurelinux/pull/11425,MERGED,2024-12-12T00:40:42Z,Y,Y,Built,0.008,6.azl3,1,1,perl-ColorThemeBase-Static-0.009-1.fc41.src.rpm,Default Initialized,Default Initialized,0.009,1.fc41,EXISTS_IN_EXT,0.008,N,0,Kevin,NA,NA,NA,https://github.com/kevin-b-lockwood/azurelinux.git,kevin-b-lockwood/perl-ColorThemeBase-Static-0.009-1
perl-ColorThemeRole-ANSI,NA,P1,Kevin,NA,NA,NA,NA,N,N,Built,0.001,6.azl3,1,1,perl-ColorThemeRole-ANSI-0.001-13.fc41.src.rpm,Default Initialized,Default Initialized,0.001,13.fc41,EXISTS_IN_EXT,0.001,N,0,Kevin,NA,NA,NA,NA,NA
perl-ColorThemeUtil-ANSI,NA,P1,Kevin,NA,NA,NA,NA,N,N,Built,0.002,4.azl3,1,1,perl-ColorThemeUtil-ANSI-0.002-11.fc41.src.rpm,Default Initialized,Default Initialized,0.002,11.fc41,EXISTS_IN_EXT,0.002,N,0,Kevin,NA,NA,NA,NA,NA
perl-ColorThemes-Standard,NA,P1,Kevin,NA,NA,NA,NA,N,N,Built,0.003,2.azl3,1,1,perl-ColorThemes-Standard-0.003-9.fc41.src.rpm,Default Initialized,Default Initialized,0.003,9.fc41,EXISTS_IN_EXT,0.003,N,0,Kevin,NA,NA,NA,NA,NA
perl-Compress-LZF,NA,P1,Sreenivasulu,NA,NA,NA,NA,N,N,Failed,3.8,21.azl3,1,1,perl-Compress-LZF-3.8-32.fc41.src.rpm,Default Initialized,Default Initialized,3.8,32.fc41,EXISTS_IN_EXT,3.8,N,0,Sreenivasulu,NA,NA,NA,NA,NA
perl-Compress-Raw-Lzma,NA,New P0,Sumit,12750,https://github.com/microsoft/azurelinux/pull/12750,OPEN,2025-03-04T07:07:25Z,Y,Y,Built,2.101,4.azl3,1,1,perl-Compress-Raw-Lzma-2.212-5.fc41.src.rpm,Default Initialized,Default Initialized,2.212,5.fc41,EXISTS_IN_EXT,2.101,Y,1,nan,NOT_FOUND,NA,NA,https://github.com/SumitJenaHCL/azurelinux.git,topic_perl-Compress-Raw-Lzma
perl-Config-AutoConf,NA,New P0,Sumit,12749,https://github.com/microsoft/azurelinux/pull/12749,OPEN,2025-03-04T07:04:57Z,Y,Y,Built,0.318,3.azl3,1,1,perl-Config-AutoConf-0.320-11.fc41.src.rpm,Default Initialized,Default Initialized,0.320,11.fc41,EXISTS_IN_EXT,0.318,Y,1,nan,NOT_FOUND,NA,NA,https://github.com/SumitJenaHCL/azurelinux.git,topic_perl-Config-AutoConf
perl-Config-INI,NA,New P0,Sumit,12748,https://github.com/microsoft/azurelinux/pull/12748,OPEN,2025-03-04T07:02:54Z,Y,Y,Built,0.025,16.azl3,1,1,perl-Config-INI-0.029-6.fc41.src.rpm,Default Initialized,Default Initialized,0.029,6.fc41,EXISTS_IN_EXT,0.025,Y,1,nan,NOT_FOUND,NA,NA,https://github.com/SumitJenaHCL/azurelinux.git,topic_perl-Config-INI
perl-Config-INI-Reader-Multiline,NA,NA,NA,NA,NA,NA,NA,N,N,Built,1.001,9.azl3,1,1,perl-Config-INI-Reader-Multiline-1.001-21.fc41.,Default Initialized,Default Initialized,1.001,21.fc41.,EXISTS_IN_EXT,1.001,Y,1,nan,NOT_FOUND,NA,NA,NA,NA
perl-Config-IniFiles,NA,P0,Jyoti,11544,https://github.com/microsoft/azurelinux/pull/11544,MERGED,2024-12-19T13:56:46Z,Y,Y,Built,3.000002,6.azl3,1,1,perl-Config-IniFiles-3.000003-14.fc41.src.rpm,Default Initialized,Default Initialized,3.000003,14.fc41,EXISTS_IN_EXT,3.000002,Y,1,Jyoti,https://github.com/microsoft/azurelinux/pull/11544,Suresh,In Review,https://github.com/jykanase/azurelinux.git,topic_perl-Config-IniFiles
perl-Config-Simple,NA,NA,NA,NA,NA,NA,NA,N,N,Built,4.59,34.azl3,1,1,perl-Config-Simple-4.59-46.fc41.src.rpm,Default Initialized,Default Initialized,4.59,46.fc41,EXISTS_IN_EXT,4.59,Y,1,nan,NOT_FOUND,NA,NA,NA,NA
perl-Config-Tiny,NA,New P0,Sumit,12755,https://github.com/microsoft/azurelinux/pull/12755,OPEN,2025-03-04T07:19:19Z,Y,Y,Built,2.24,4.azl3,1,1,perl-Config-Tiny-2.30-4.fc41.src.rpm,Default Initialized,Default Initialized,2.30,4.fc41,EXISTS_IN_EXT,2.24,Y,1,nan,NOT_FOUND,NA,NA,https://github.com/SumitJenaHCL/azurelinux.git,topic_perl-Config-Tiny
perl-Const-Fast,NA,P1,Sreenivasulu,NA,NA,NA,NA,N,N,Built,0.014,21.azl3,1,1,perl-Const-Fast-0.014-33.fc41.src.rpm,Default Initialized,Default Initialized,0.014,33.fc41,EXISTS_IN_EXT,0.014,N,0,Sreenivasulu,NA,NA,NA,NA,NA
perl-Convert-ASN1,NA,P0,Jyoti,11543,https://github.com/microsoft/azurelinux/pull/11543,MERGED,2024-12-19T13:33:36Z,Y,Y,Built,0.27,21.azl3,1,1,perl-Convert-ASN1-0.34-4.fc41.src.rpm,Default Initialized,Default Initialized,0.34,4.fc41,EXISTS_IN_EXT,0.27,Y,1,Jyoti,https://github.com/microsoft/azurelinux/pull/11543,NA,NA,https://github.com/jykanase/azurelinux.git,topic_perl-Convert-ASN1
perl-Convert-Bencode,NA,NA,NA,NA,NA,NA,NA,N,N,Built,1.03,33.azl3,1,1,perl-Convert-Bencode-1.03-40.fc41.src.rpm,Default Initialized,Default Initialized,1.03,40.fc41,EXISTS_IN_EXT,1.03,Y,1,nan,NOT_FOUND,NA,NA,NA,NA
perl-Coro,NA,NA,NA,NA,NA,NA,NA,N,N,Built,6.570,5.azl3,1,1,perl-Coro-6.570-19.fc41.src.rpm,Default Initialized,Default Initialized,6.570,19.fc41,EXISTS_IN_EXT,6.570,Y,1,nan,NOT_FOUND,NA,NA,NA,NA
perl-Coro-Multicore,NA,P1,Sreenivasulu,NA,NA,NA,NA,N,N,Failed,1.07,3.azl3,1,1,perl-Coro-Multicore-1.07-13.fc41.src.rpm,Default Initialized,Default Initialized,1.07,13.fc41,EXISTS_IN_EXT,1.07,N,0,Sreenivasulu,NA,NA,NA,NA,NA
perl-Cpanel-JSON-XS,NA,P1,Sreenivasulu,NA,NA,NA,NA,Y,Y,Failed,4.27,2.azl3,1,1,perl-Cpanel-JSON-XS-4.38-4.fc41.src.rpm,Default Initialized,Default Initialized,4.38,4.fc41,EXISTS_IN_EXT,4.27,N,0,Sreenivasulu,NA,NA,NA,NA,NA
perl-Crypt-CBC,NA,P1,Sreenivasulu,NA,NA,NA,NA,Y,Y,Built,2.33,27.azl3,1,1,perl-Crypt-CBC-3.04-16.fc41.src.rpm,Default Initialized,Default Initialized,3.04,16.fc41,EXISTS_IN_EXT,2.33,N,0,Sreenivasulu,NA,NA,NA,NA,NA
perl-Crypt-DES,NA,P1,Sreenivasulu,NA,NA,NA,NA,N,N,Built,2.07,21.azl3,1,1,perl-Crypt-DES-2.07-39.fc41.src.rpm,Default Initialized,Default Initialized,2.07,39.fc41,EXISTS_IN_EXT,2.07,N,0,Sreenivasulu,NA,NA,NA,NA,NA
perl-Crypt-IDEA,NA,NA,NA,NA,NA,NA,NA,N,N,Built,1.10,18.azl3,1,1,perl-Crypt-IDEA-1.10-33.fc41.src.rpm,Default Initialized,Default Initialized,1.10,33.fc41,EXISTS_IN_EXT,1.10,Y,1,nan,NOT_FOUND,NA,NA,NA,NA
perl-Crypt-OpenSSL-Bignum,NA,NA,NA,NA,NA,NA,NA,N,N,Built,0.09,10.azl3,1,1,perl-Crypt-OpenSSL-Bignum-0.09-28.fc41.src.rpm,Default Initialized,Default Initialized,0.09,28.fc41,EXISTS_IN_EXT,0.09,Y,1,nan,NOT_FOUND,NA,NA,NA,NA
perl-Crypt-OpenSSL-Guess,NA,P0,Jyoti,11542,https://github.com/microsoft/azurelinux/pull/11542,MERGED,2024-12-19T13:05:50Z,Y,Y,Built,0.11,8.azl3,1,1,perl-Crypt-OpenSSL-Guess-0.15-8.fc41.src.rpm,Default Initialized,Default Initialized,0.15,8.fc41,EXISTS_IN_EXT,0.11,Y,1,Jyoti,https://github.com/microsoft/azurelinux/pull/11542,NA,NA,https://github.com/jykanase/azurelinux.git,topic_perl-Crypt-OpenSSL-Guess
perl-Crypt-OpenSSL-RSA,NA,P1,Sumit,11688,https://github.com/microsoft/azurelinux/pull/11688,OPEN,2024-12-23T18:57:11Z,Y,Y,Failed,0.31,6.azl3,1,1,perl-Crypt-OpenSSL-RSA-0.33-7.fc41.src.rpm,Default Initialized,Default Initialized,0.33,7.fc41,EXISTS_IN_EXT,0.31,Y,1,Sumit,NA,NA,NA,https://github.com/SumitJenaHCL/azurelinux.git,topic_perl-Crypt-OpenSSL-RSA
perl-Crypt-OpenSSL-Random,NA,P0,Jyoti,11541,https://github.com/microsoft/azurelinux/pull/11541,OPEN,2024-12-19T12:30:27Z,Y,Y,Built,0.15,8.azl3,1,1,perl-Crypt-OpenSSL-Random-0.17-2.fc41.src.rpm,Default Initialized,Default Initialized,0.17,2.fc41,EXISTS_IN_EXT,0.15,Y,1,Jyoti,NA,NA,NA,https://github.com/jykanase/azurelinux.git,topic_perl-Crypt-OpenSSL-Random
perl-Crypt-PasswdMD5,NA,P1,Sreenivasulu,NA,NA,NA,NA,Y,Y,Built,1.4.0,19.azl3,1,1,perl-Crypt-PasswdMD5-1.4.2-8.fc41.src.rpm,Default Initialized,Default Initialized,1.4.2,8.fc41,EXISTS_IN_EXT,Not Found,N,0,Sreenivasulu,NA,NA,NA,NA,NA
perl-DBD-MySQL,NA,P1,Sreenivasulu,NA,NA,NA,NA,Y,Y,Built,4.050,7.azl3,1,1,perl-DBD-MySQL-5.010-1.fc41.src.rpm,Default Initialized,Default Initialized,5.010,1.fc41,EXISTS_IN_EXT,4.050,N,0,Sreenivasulu,NA,NA,NA,NA,NA
perl-Data-Munge,NA,P1,Sreenivasulu,NA,NA,NA,NA,Y,Y,Built,0.097,11.azl3,1,1,perl-Data-Munge-0.111-2.fc41.src.rpm,Default Initialized,Default Initialized,0.111,2.fc41,EXISTS_IN_EXT,0.097,N,0,Sreenivasulu,NA,NA,NA,NA,NA
perl-Data-OptList,NA,P1,Sreenivasulu,NA,NA,NA,NA,Revisit No Bld Ver,Revisit No Bld Ver,Not Found,Not Found,Not Found,1,1,perl-Data-OptList-0.114-5.fc41.src.rpm,Default Initialized,Default Initialized,0.114,5.fc41,MOVED_TO_CORE,Not Found,N,0,Sreenivasulu,NA,NA,NA,NA,NA
perl-Data-Peek,NA,P0,Jyoti,11539,https://github.com/microsoft/azurelinux/pull/11539,OPEN,2024-12-19T11:07:29Z,Y,Y,Built,0.49,2.azl3,1,1,perl-Data-Peek-0.52-8.fc41.src.rpm,Default Initialized,Default Initialized,0.52,8.fc41,EXISTS_IN_EXT,0.49,Y,1,Jyoti,NA,NA,NA,https://github.com/jykanase/azurelinux.git,topic_perl-Data-Peek
perl-Data-Section,NA,New P0,Sumit,12759,https://github.com/microsoft/azurelinux/pull/12759,OPEN,2025-03-04T07:48:53Z,Y,Y,Built,0.200007,10.azl3,1,1,perl-Data-Section-0.200008-6.fc41.src.rpm,Default Initialized,Default Initialized,0.200008,6.fc41,EXISTS_IN_EXT,0.200007,Y,1,nan,NOT_FOUND,NA,NA,https://github.com/SumitJenaHCL/azurelinux.git,topic_perl-Data-Section
perl-Data-UUID,NA,P0,Jyoti,11536,https://github.com/microsoft/azurelinux/pull/11536,MERGED,2024-12-19T04:52:32Z,Y,Y,Built,1.224,5.azl3,1,1,perl-Data-UUID-1.227-3.fc41.src.rpm,Default Initialized,Default Initialized,1.227,3.fc41,EXISTS_IN_EXT,1.224,Y,1,Jyoti,https://github.com/microsoft/azurelinux/pull/11536,NA,NA,https://github.com/jykanase/azurelinux.git,topic_perl-Data-UUID
perl-Date-ISO8601,NA,NA,NA,NA,NA,NA,NA,N,N,Built,0.005,9.azl3,1,1,perl-Date-ISO8601-0.005-21.fc41.src.rpm,Default Initialized,Default Initialized,0.005,21.fc41,EXISTS_IN_EXT,0.005,Y,1,nan,NOT_FOUND,NA,NA,NA,NA
perl-Date-Manip,NA,P0,Jyoti,11522,https://github.com/microsoft/azurelinux/pull/11522,OPEN,2024-12-18T16:04:48Z,Y,Y,Built,6.82,2.azl3,1,1,perl-Date-Manip-6.96-1.fc41.src.rpm,Default Initialized,Default Initialized,6.96,1.fc41,EXISTS_IN_EXT,6.82,Y,1,Jyoti,NA,NA,NA,https://github.com/jykanase/azurelinux.git,topic_perl-Date-Manip
perl-DateTime,NA,P1,Sumit,NA,NA,NA,NA,Y,Y,Built,1.52,3.azl3,1,1,perl-DateTime-1.65-6.fc41.src.rpm,Default Initialized,Default Initialized,1.65,6.fc41,EXISTS_IN_EXT,1.52,N,0,Sumit,NA,NA,NA,NA,NA
perl-DateTime-Format-Builder,NA,P1,Sumit,NA,NA,NA,NA,Y,Y,Built,0.8200,6.azl3,1,1,perl-DateTime-Format-Builder-0.8300-14.fc41.src,Default Initialized,Default Initialized,0.8300,14.fc41.src,EXISTS_IN_EXT,0.8200,N,0,Sumit,NA,NA,NA,NA,NA
perl-DateTime-Format-DateParse,NA,P1,Sumit,NA,NA,NA,NA,N,N,Built,0.05,23.azl3,1,1,perl-DateTime-Format-DateParse-0.05-36.fc41.src,Default Initialized,Default Initialized,0.05,36.fc41.src,EXISTS_IN_EXT,0.05,N,0,Sumit,NA,NA,NA,NA,NA
perl-DateTime-Format-HTTP,NA,P1,Sumit,NA,NA,NA,NA,N,N,Built,0.42,16.azl3,1,1,perl-DateTime-Format-HTTP-0.42-29.fc41.src.rpm,Default Initialized,Default Initialized,0.42,29.fc41,EXISTS_IN_EXT,0.42,N,0,Sumit,NA,NA,NA,NA,NA
perl-DateTime-Format-IBeat,NA,P1,Sumit,NA,NA,NA,NA,N,N,Built,0.161,37.azl3,1,1,perl-DateTime-Format-IBeat-0.161-50.fc41.src.rp,Default Initialized,Default Initialized,0.161,50.fc41.src.rp,EXISTS_IN_EXT,0.161,N,0,Sumit,NA,NA,NA,NA,NA
perl-DateTime-Format-ISO8601,NA,P1,Sumit,NA,NA,NA,NA,Y,Y,Built,0.08,24.azl3,1,1,perl-DateTime-Format-ISO8601-0.16-12.fc41.src.r,Default Initialized,Default Initialized,0.16,12.fc41.src.r,EXISTS_IN_EXT,0.08,N,0,Sumit,NA,NA,NA,NA,NA
perl-DateTime-Format-Mail,NA,P1,Sumit,NA,NA,NA,NA,N,N,Built,0.403,13.azl3,1,1,perl-DateTime-Format-Mail-0.403-25.fc41.src.rpm,Default Initialized,Default Initialized,0.403,25.fc41,EXISTS_IN_EXT,0.403,N,0,Sumit,NA,NA,NA,NA,NA
perl-DateTime-Format-Strptime,NA,P1,Sumit,NA,NA,NA,NA,Y,Y,Built,1.77,3.azl3,1,1,perl-DateTime-Format-Strptime-1.79-11.fc41.src.,Default Initialized,Default Initialized,1.79,11.fc41.src.,EXISTS_IN_EXT,1.77,N,0,Sumit,NA,NA,NA,NA,NA
perl-DateTime-Locale,NA,P1,Sumit,NA,NA,NA,NA,Y,Y,Built,1.25,4.azl3,1,1,perl-DateTime-Locale-1.44-1.fc41.src.rpm,Default Initialized,Default Initialized,1.44,1.fc41,EXISTS_IN_EXT,1.25,N,0,Sumit,NA,NA,NA,NA,NA
perl-DateTime-TimeZone,NA,P1,Sumit,NA,NA,NA,NA,Y,Y,Built,2.39,2.azl3,1,1,perl-DateTime-TimeZone-2.63-1.fc41.src.rpm,Default Initialized,Default Initialized,2.63,1.fc41,EXISTS_IN_EXT,2.39,N,0,Sumit,NA,NA,NA,NA,NA
perl-DateTime-TimeZone-SystemV,NA,NA,NA,NA,NA,NA,NA,N,N,Built,0.010,10.azl3,1,1,perl-DateTime-TimeZone-SystemV-0.010-22.fc41.sr,Default Initialized,Default Initialized,0.010,22.fc41.sr,EXISTS_IN_EXT,0.010,Y,1,nan,NOT_FOUND,NA,NA,NA,NA
perl-DateTime-TimeZone-Tzfile,NA,NA,NA,NA,NA,NA,NA,N,N,Built,0.011,10.azl3,1,1,perl-DateTime-TimeZone-Tzfile-0.011-22.fc41.src,Default Initialized,Default Initialized,0.011,22.fc41.src,EXISTS_IN_EXT,0.011,Y,1,nan,NOT_FOUND,NA,NA,NA,NA
perl-Devel-CallChecker,NA,P0,Kevin,11498,https://github.com/microsoft/azurelinux/pull/11498,OPEN,2024-12-17T17:30:03Z,Y,Y,Built,0.008,10.azl3,1,1,perl-Devel-CallChecker-0.009-7.fc41.src.rpm,Default Initialized,Default Initialized,0.009,7.fc41,EXISTS_IN_EXT,0.008,Y,1,Kevin,https://github.com/microsoft/azurelinux/pull/11498,NA,NA,https://github.com/kevin-b-lockwood/azurelinux.git,kevin-b-lockwood/perl-Devel-CallChecker-0.009-1
perl-Devel-Caller,NA,P1,Akarsh,NA,NA,NA,NA,Revisit No Bld Ver,Revisit No Bld Ver,Not Found,Not Found,Not Found,1,1,perl-Devel-Caller-2.07-7.fc41.src.rpm,Default Initialized,Default Initialized,2.07,7.fc41,MOVED_TO_CORE,Not Found,N,0,Akarsh,NOT_FOUND,NA,NA,NA,NA
perl-Devel-Cycle,NA,P1,Akarsh,NA,NA,NA,NA,Revisit No Bld Ver,Revisit No Bld Ver,Not Found,Not Found,Not Found,1,1,perl-Devel-Cycle-1.12-30.fc41.src.rpm,Default Initialized,Default Initialized,1.12,30.fc41,MOVED_TO_CORE,Not Found,N,0,Akarsh,NOT_FOUND,NA,NA,NA,NA
perl-Devel-EnforceEncapsulation,NA,NA,NA,NA,NA,NA,NA,N,N,Built,0.51,18.azl3,1,1,perl-Devel-EnforceEncapsulation-0.51-31.fc41.sr,Default Initialized,Default Initialized,0.51,31.fc41.sr,EXISTS_IN_EXT,0.51,Y,1,nan,NOT_FOUND,NA,NA,NA,NA
perl-Devel-GlobalDestruction,NA,P1,Akarsh,NA,NA,NA,NA,Revisit No Bld Ver,Revisit No Bld Ver,Not Found,Not Found,Not Found,1,1,perl-Devel-GlobalDestruction-0.14-25.fc41.src.r,Default Initialized,Default Initialized,0.14,25.fc41.src.r,MOVED_TO_CORE,Not Found,N,0,Akarsh,NOT_FOUND,NA,NA,NA,NA
perl-Devel-GlobalDestruction-XS,NA,P1,Akarsh,NA,NA,NA,NA,Revisit No Bld Ver,Revisit No Bld Ver,Not Found,Not Found,Not Found,0,0,Default Initialized,Default Initialized,Default Initialized,Not Found,Not Found,MOVED_TO_CORE,Not Found,N,0,Akarsh,NOT_FOUND,NA,NA,NA,NA
perl-Devel-Hide,NA,P1,Akarsh,NA,NA,NA,NA,Revisit No Bld Ver,Revisit No Bld Ver,Not Found,Not Found,Not Found,1,1,perl-Devel-Hide-0.0015-9.fc41.src.rpm,Default Initialized,Default Initialized,0.0015,9.fc41,MOVED_TO_CORE,Not Found,N,0,Akarsh,NOT_FOUND,NA,NA,NA,NA
perl-Devel-Leak,NA,NA,NA,NA,NA,NA,NA,N,N,Built,0.03,43.azl3,1,1,perl-Devel-Leak-0.03-57.fc41.src.rpm,Default Initialized,Default Initialized,0.03,57.fc41,EXISTS_IN_EXT,0.03,Y,1,nan,NOT_FOUND,NA,NA,NA,NA
perl-Devel-LexAlias,NA,P1,Akarsh,NA,NA,NA,NA,Revisit No Bld Ver,Revisit No Bld Ver,Not Found,Not Found,Not Found,1,1,perl-Devel-LexAlias-0.05-38.fc41.src.rpm,Default Initialized,Default Initialized,0.05,38.fc41,MOVED_TO_CORE,Not Found,N,0,Akarsh,NOT_FOUND,NA,NA,NA,NA
perl-Devel-Size,NA,P0,Kevin,11500,https://github.com/microsoft/azurelinux/pull/11500,MERGED,2024-12-17T18:13:03Z,Y,Y,Built,0.83,6.azl3,1,1,perl-Devel-Size-0.84-3.fc41.src.rpm,Default Initialized,Default Initialized,0.84,3.fc41,EXISTS_IN_EXT,0.83,Y,1,Kevin,https://github.com/microsoft/azurelinux/pull/11500,NA,NA,https://github.com/kevin-b-lockwood/azurelinux.git,kevin-b-lockwood/perl-Devel-Size-0.84-1
perl-Digest-BubbleBabble,NA,P1,Akarsh,NA,NA,NA,NA,N,N,Failed,0.02,29.azl3,1,1,perl-Digest-BubbleBabble-0.02-40.fc41.src.rpm,Default Initialized,Default Initialized,0.02,40.fc41,EXISTS_IN_EXT,0.02,N,0,Akarsh,NOT_FOUND,NA,NA,NA,NA
perl-Digest-CRC,NA,P0,Kevin,11501,https://github.com/microsoft/azurelinux/pull/11501,OPEN,2024-12-17T18:28:47Z,Y,Y,Built,0.22.2,12.azl3,1,1,perl-Digest-CRC-0.24-9.fc41.src.rpm,Default Initialized,Default Initialized,0.24,9.fc41,EXISTS_IN_EXT,0.22.2,Y,1,Kevin,https://github.com/microsoft/azurelinux/pull/11501,NA,NA,https://github.com/kevin-b-lockwood/azurelinux.git,kevin-b-lockwood/perl-Digest-CRC-0.24-1
perl-Dist-CheckConflicts,NA,NA,NA,NA,NA,NA,NA,N,N,Built,0.11,18.azl3,1,1,perl-Dist-CheckConflicts-0.11-31.fc41.src.rpm,Default Initialized,Default Initialized,0.11,31.fc41,EXISTS_IN_EXT,0.11,Y,1,nan,NOT_FOUND,NA,NA,NA,NA
perl-DynaLoader-Functions,NA,P0,Kevin,11509,https://github.com/microsoft/azurelinux/pull/11509,OPEN,2024-12-18T00:03:20Z,Y,Y,Built,0.003,9.azl3,1,1,perl-DynaLoader-Functions-0.004-5.fc41.src.rpm,Default Initialized,Default Initialized,0.004,5.fc41,EXISTS_IN_EXT,0.003,Y,1,Kevin,https://github.com/microsoft/azurelinux/pull/11509,NA,NA,https://github.com/kevin-b-lockwood/azurelinux.git,kevin-b-lockwood/perl-DynaLoader-Functions-0.004-1
perl-EV,NA,New P0,Sumit,12758,https://github.com/microsoft/azurelinux/pull/12758,OPEN,2025-03-04T07:30:53Z,Y,Y,Built,4.33,8.azl3,1,1,perl-EV-4.34-5.fc41.src.rpm,Default Initialized,Default Initialized,4.34,5.fc41,EXISTS_IN_EXT,4.33,Y,1,nan,NOT_FOUND,NA,NA,https://github.com/SumitJenaHCL/azurelinux.git,topic_perl-EV
perl-Email-Address,NA,P0,Kevin,11532,https://github.com/microsoft/azurelinux/pull/11532,OPEN,2024-12-18T23:34:59Z,Y,Y,Built,1.912,7.azl3,1,1,perl-Email-Address-1.913-6.fc41.src.rpm,Default Initialized,Default Initialized,1.913,6.fc41,EXISTS_IN_EXT,1.912,Y,1,Kevin,https://github.com/microsoft/azurelinux/pull/11532,NA,NA,https://github.com/kevin-b-lockwood/azurelinux.git,kevin-b-lockwood/perl-Email-Address-1.913-1
perl-Email-Date-Format,NA,P0,Kevin,11533,https://github.com/microsoft/azurelinux/pull/11533,OPEN,2024-12-19T00:09:58Z,Y,Y,Built,1.005,16.azl3,1,1,perl-Email-Date-Format-1.008-5.fc41.src.rpm,Default Initialized,Default Initialized,1.008,5.fc41,EXISTS_IN_EXT,1.005,Y,1,Kevin,https://github.com/microsoft/azurelinux/pull/11533,NA,NA,https://github.com/kevin-b-lockwood/azurelinux.git,kevin-b-lockwood/perl-Email-Date-Format-1.008-1
perl-Encode-Detect,NA,NA,NA,NA,NA,NA,NA,N,N,Built,1.01,33.azl3,1,1,perl-Encode-Detect-1.01-48.fc41.src.rpm,Default Initialized,Default Initialized,1.01,48.fc41,EXISTS_IN_EXT,1.01,Y,1,nan,NOT_FOUND,NA,NA,NA,NA
perl-Encode-EUCJPASCII,NA,NA,NA,NA,NA,NA,NA,N,N,Built,0.03,30.azl3,1,1,perl-Encode-EUCJPASCII-0.03-45.fc41.src.rpm,Default Initialized,Default Initialized,0.03,45.fc41,EXISTS_IN_EXT,0.03,Y,1,nan,NOT_FOUND,NA,NA,NA,NA
perl-Encode-IMAPUTF7,NA,NA,NA,NA,NA,NA,NA,N,N,Built,1.05,18.azl3,1,1,perl-Encode-IMAPUTF7-1.05-26.fc41.src.rpm,Default Initialized,Default Initialized,1.05,26.fc41,EXISTS_IN_EXT,1.05,Y,1,nan,NOT_FOUND,NA,NA,NA,NA
perl-Env-ShellWords,NA,P1,Akarsh,NA,NA,NA,NA,N,N,Built,0.02,9.azl3,1,1,perl-Env-ShellWords-0.02-21.fc41.src.rpm,Default Initialized,Default Initialized,0.02,21.fc41,EXISTS_IN_EXT,0.02,N,0,Akarsh,NOT_FOUND,NA,NA,NA,NA
perl-Error,NA,NA,NA,NA,NA,NA,NA,N,N,Built,0.17029,4.azl3,1,1,perl-Error-0.17029-16.fc41.src.rpm,Default Initialized,Default Initialized,0.17029,16.fc41,EXISTS_IN_EXT,0.17029,Y,1,nan,NOT_FOUND,NA,NA,NA,NA
perl-Eval-Closure,NA,NA,NA,NA,NA,NA,NA,N,N,Built,0.14,12.azl3,1,1,perl-Eval-Closure-0.14-24.fc41.src.rpm,Default Initialized,Default Initialized,0.14,24.fc41,EXISTS_IN_EXT,0.14,Y,1,nan,NOT_FOUND,NA,NA,NA,NA
perl-Event,NA,P0,Kevin,11534,https://github.com/microsoft/azurelinux/pull/11534,OPEN,2024-12-19T00:44:07Z,Y,Y,Built,1.27,6.azl3,1,1,perl-Event-1.28-13.fc41.src.rpm,Default Initialized,Default Initialized,1.28,13.fc41,EXISTS_IN_EXT,1.27,Y,1,Kevin,https://github.com/microsoft/azurelinux/pull/11534,NA,NA,https://github.com/kevin-b-lockwood/azurelinux.git,kevin-b-lockwood/perl-Event-1.28-1
perl-Exception-Class,NA,P0,Kevin,11579,https://github.com/microsoft/azurelinux/pull/11579,OPEN,2024-12-20T00:38:25Z,Y,Y,Built,1.44,9.azl3,1,1,perl-Exception-Class-1.45-11.fc41.src.rpm,Default Initialized,Default Initialized,1.45,11.fc41,EXISTS_IN_EXT,1.44,Y,1,Kevin,https://github.com/microsoft/azurelinux/pull/11579,NA,NA,https://github.com/kevin-b-lockwood/azurelinux.git,kevin-b-lockwood/perl-Exception-Class-1.45-1
perl-ExtUtils-Config,NA,P0,Kevin,11582,https://github.com/microsoft/azurelinux/pull/11582,OPEN,2024-12-20T00:57:20Z,Y,Y,Built,0.008,19.azl3,1,1,perl-ExtUtils-Config-0.010-1.fc41.src.rpm,Default Initialized,Default Initialized,0.010,1.fc41,EXISTS_IN_EXT,0.008,Y,1,Kevin,https://github.com/microsoft/azurelinux/pull/11582,NA,NA,https://github.com/kevin-b-lockwood/azurelinux.git,kevin-b-lockwood/perl-ExtUtils-Config-0.010-1
perl-ExtUtils-Depends,NA,P1,Akarsh,NA,NA,NA,NA,Revisit No Bld Ver,Revisit No Bld Ver,Not Found,Not Found,Not Found,1,1,perl-ExtUtils-Depends-0.8001-11.fc41.src.rpm,Default Initialized,Default Initialized,0.8001,11.fc41,MOVED_TO_CORE,Not Found,N,0,Akarsh,NOT_FOUND,NA,NA,NA,NA
perl-ExtUtils-Helpers,NA,P0,Kevin,11624,https://github.com/microsoft/azurelinux/pull/11624,OPEN,2024-12-20T21:44:16Z,Y,Y,Built,0.026,14.azl3,1,1,perl-ExtUtils-Helpers-0.028-1.fc41.src.rpm,Default Initialized,Default Initialized,0.028,1.fc41,EXISTS_IN_EXT,0.026,Y,1,Kevin,https://github.com/microsoft/azurelinux/pull/11624,NA,NA,https://github.com/kevin-b-lockwood/azurelinux.git,kevin-b-lockwood/perl-ExtUtils-Helpers-0.028-1
perl-ExtUtils-InstallPaths,NA,P0,Kevin,11625,https://github.com/microsoft/azurelinux/pull/11625,OPEN,2024-12-20T22:45:15Z,Y,Y,Built,0.012,9.azl3,1,1,perl-ExtUtils-InstallPaths-0.014-1.fc41.src.rpm,Default Initialized,Default Initialized,0.014,1.fc41,EXISTS_IN_EXT,0.012,Y,1,Kevin,https://github.com/microsoft/azurelinux/pull/11625,NA,NA,https://github.com/kevin-b-lockwood/azurelinux.git,kevin-b-lockwood/perl-ExtUtils-InstallPaths-0.014-1
perl-ExtUtils-PkgConfig,NA,NA,NA,NA,NA,NA,NA,N,N,Built,1.16,12.azl3,1,1,perl-ExtUtils-PkgConfig-1.16-25.fc41.src.rpm,Default Initialized,Default Initialized,1.16,25.fc41,EXISTS_IN_EXT,1.16,Y,1,nan,NOT_FOUND,NA,NA,NA,NA
perl-FCGI,NA,P1,Akarsh,NA,NA,NA,NA,Y,Y,Built,0.79,4.azl3,1,1,perl-FCGI-0.82-12.fc41.src.rpm,Default Initialized,Default Initialized,0.82,12.fc41,EXISTS_IN_EXT,0.79,N,0,Akarsh,NOT_FOUND,NA,NA,NA,NA
perl-FFI-CheckLib,NA,P1,Akarsh,NA,NA,NA,NA,Y,Y,Built,0.26,3.azl3,1,1,perl-FFI-CheckLib-0.31-7.fc41.src.rpm,Default Initialized,Default Initialized,0.31,7.fc41,EXISTS_IN_EXT,0.26,N,0,Akarsh,NOT_FOUND,NA,NA,NA,NA
perl-File-BOM,NA,P1,Aninda,11433,https://github.com/microsoft/azurelinux/pull/11433,DRAFT,2024-12-12T18:20:04Z,Y,Y,Built,0.16,5.azl3,1,1,perl-File-BOM-0.18-14.fc41.src.rpm,Default Initialized,Default Initialized,0.18,14.fc41,EXISTS_IN_EXT,0.16,N,0,Aninda,NA,NA,NA,https://github.com/aninda-al/azurelinux-test.git,upgrade-perl-File-BOM
perl-File-BaseDir,NA,P1,Aninda,11437,https://github.com/microsoft/azurelinux/pull/11437,DRAFT,2024-12-12T21:02:34Z,Y,Y,Built,0.08,9.azl3,1,1,perl-File-BaseDir-0.09-10.fc41.src.rpm,Default Initialized,Default Initialized,0.09,10.fc41,EXISTS_IN_EXT,0.08,N,0,Aninda,NA,NA,NA,https://github.com/aninda-al/azurelinux-test.git,upgrade-perl-File-BaseDir
perl-File-CheckTree,NA,NA,NA,NA,NA,NA,NA,N,N,Built,4.42,308.azl3,1,1,perl-File-CheckTree-4.42-321.fc41.src.rpm,Default Initialized,Default Initialized,4.42,321.fc41,EXISTS_IN_EXT,4.42,Y,1,nan,NOT_FOUND,NA,NA,NA,NA
perl-File-Copy-Recursive,NA,P1,Aninda,NA,NA,NA,NA,N,N,Built,0.45,3.azl3,1,1,perl-File-Copy-Recursive-0.45-16.fc41.src.rpm,Default Initialized,Default Initialized,0.45,16.fc41,EXISTS_IN_EXT,0.45,N,0,Aninda,NA,NA,NA,NA,NA
perl-File-DesktopEntry,NA,P1,Aninda,NA,NA,NA,NA,N,N,Failed,0.22,14.azl3,1,1,perl-File-DesktopEntry-0.22-26.fc41.src.rpm,Default Initialized,Default Initialized,0.22,26.fc41,EXISTS_IN_EXT,0.22,N,0,Aninda,NA,NA,NA,NA,NA
perl-File-Find-Object,NA,P1,Aninda,12226,https://github.com/microsoft/azurelinux/pull/12226,DRAFT,2025-02-05T03:52:58Z,Y,Y,Built,0.3.5,3.azl3,1,1,perl-File-Find-Object-0.3.8-4.fc41.src.rpm,Default Initialized,Default Initialized,0.3.8,4.fc41,EXISTS_IN_EXT,0.3.5,N,0,Aninda,NA,NA,NA,https://github.com/aninda-al/azurelinux-test.git,upgrade-perl-File-Find-Object
perl-File-Find-Object-Rule,NA,P1,Aninda,NA,NA,NA,NA,Y,Y,Built,0.0312,3.azl3,1,1,perl-File-Find-Object-Rule-0.0313-9.fc41.src.rp,Default Initialized,Default Initialized,0.0313,9.fc41.src.rp,EXISTS_IN_EXT,0.0312,N,0,Aninda,NA,NA,NA,NA,NA
perl-File-Find-Rule,NA,NA,NA,NA,NA,NA,NA,N,N,Built,0.34,15.azl3,1,1,perl-File-Find-Rule-0.34-29.fc41.src.rpm,Default Initialized,Default Initialized,0.34,29.fc41,EXISTS_IN_EXT,0.34,Y,1,nan,NOT_FOUND,NA,NA,NA,NA
perl-File-Find-Rule-Perl,NA,New P0,Sumit,12757,https://github.com/microsoft/azurelinux/pull/12757,OPEN,2025-03-04T07:25:13Z,Y,Y,Built,1.15,17.azl3,1,1,perl-File-Find-Rule-Perl-1.16-9.fc41.src.rpm,Default Initialized,Default Initialized,1.16,9.fc41,EXISTS_IN_EXT,1.15,Y,1,nan,NOT_FOUND,NA,NA,https://github.com/SumitJenaHCL/azurelinux.git,topic_perl-File-Find-Rule-Perl
perl-File-Inplace,NA,NA,NA,NA,NA,NA,NA,N,N,Built,0.20,26.azl3,1,1,perl-File-Inplace-0.20-36.fc41.src.rpm,Default Initialized,Default Initialized,0.20,36.fc41,EXISTS_IN_EXT,0.20,Y,1,nan,NOT_FOUND,NA,NA,NA,NA
perl-File-MimeInfo,NA,P1,Aninda,NA,NA,NA,NA,Y,Y,Failed,0.29,7.azl3,1,1,perl-File-MimeInfo-0.35-2.fc41.src.rpm,Default Initialized,Default Initialized,0.35,2.fc41,EXISTS_IN_EXT,0.29,N,0,Aninda,NA,NA,NA,NA,NA
perl-File-ReadBackwards,NA,P0,Kevin,11626,https://github.com/microsoft/azurelinux/pull/11626,OPEN,2024-12-20T23:04:02Z,Y,Y,Built,1.05,18.azl3,1,1,perl-File-ReadBackwards-1.06-11.fc41.src.rpm,Default Initialized,Default Initialized,1.06,11.fc41,EXISTS_IN_EXT,1.05,Y,1,Kevin,https://github.com/microsoft/azurelinux/pull/11626,NA,NA,https://github.com/kevin-b-lockwood/azurelinux.git,kevin-b-lockwood/perl-File-ReadBackwards-1.06-1
perl-File-Remove,NA,P0,Kevin,11691,https://github.com/microsoft/azurelinux/pull/11691,MERGED,2024-12-23T22:47:33Z,Y,Y,Built,1.58,7.azl3,1,1,perl-File-Remove-1.61-8.fc41.src.rpm,Default Initialized,Default Initialized,1.61,8.fc41,EXISTS_IN_EXT,1.58,Y,1,Kevin,https://github.com/microsoft/azurelinux/pull/11691,Bala,Dev Approved,https://github.com/kevin-b-lockwood/azurelinux.git,kevin-b-lockwood/perl-File-Remove-1.61-1
perl-File-ShareDir,NA,New P0,Sumit,12756,https://github.com/microsoft/azurelinux/pull/12756,OPEN,2025-03-04T07:22:40Z,Y,Y,Built,1.116,8.azl3,1,1,perl-File-ShareDir-1.118-12.fc41.src.rpm,Default Initialized,Default Initialized,1.118,12.fc41,EXISTS_IN_EXT,1.116,Y,1,nan,NOT_FOUND,NA,NA,https://github.com/SumitJenaHCL/azurelinux.git,topic_perl-File-ShareDir
perl-File-ShareDir-Install,NA,P0,Kevin,11693,https://github.com/microsoft/azurelinux/pull/11693,MERGED,2024-12-23T23:05:46Z,Y,Y,Built,0.13,9.azl3,1,1,perl-File-ShareDir-Install-0.14-7.fc41.src.rpm,Default Initialized,Default Initialized,0.14,7.fc41,EXISTS_IN_EXT,0.13,Y,1,Kevin,https://github.com/microsoft/azurelinux/pull/11693,Bala,Dev Approved,https://github.com/kevin-b-lockwood/azurelinux.git,kevin-b-lockwood/perl-File-ShareDir-Install-0.14-1
perl-File-Slurp,NA,P0,Kevin,11694,https://github.com/microsoft/azurelinux/pull/11694,OPEN,2024-12-23T23:16:32Z,Y,Y,Built,9999.29,3.azl3,1,1,perl-File-Slurp-9999.32-14.fc41.src.rpm,Default Initialized,Default Initialized,9999.32,14.fc41,EXISTS_IN_EXT,9999.29,Y,1,Kevin,https://github.com/microsoft/azurelinux/pull/11694,NA,NA,https://github.com/kevin-b-lockwood/azurelinux.git,kevin-b-lockwood/perl-File-Slurp-9999.32-1
perl-File-Slurp-Tiny,NA,NA,NA,NA,NA,NA,NA,N,N,Built,0.004,15.azl3,1,1,perl-File-Slurp-Tiny-0.004-27.fc41.src.rpm,Default Initialized,Default Initialized,0.004,27.fc41,EXISTS_IN_EXT,0.004,Y,1,nan,NOT_FOUND,NA,NA,NA,NA
perl-File-Slurper,NA,New P0,Sumit,12760,https://github.com/microsoft/azurelinux/pull/12760,OPEN,2025-03-04T07:49:49Z,Y,Y,Built,0.012,8.azl3,1,1,perl-File-Slurper-0.014-6.fc41.src.rpm,Default Initialized,Default Initialized,0.014,6.fc41,EXISTS_IN_EXT,0.012,Y,1,nan,NOT_FOUND,NA,NA,https://github.com/SumitJenaHCL/azurelinux.git,topic_perl-File-Slurper
perl-File-Type,NA,NA,NA,NA,NA,NA,NA,N,N,Built,0.22,37.azl3,1,1,perl-File-Type-0.22-49.fc41.src.rpm,Default Initialized,Default Initialized,0.22,49.fc41,EXISTS_IN_EXT,0.22,Y,1,nan,NOT_FOUND,NA,NA,NA,NA
perl-File-chdir,NA,NA,NA,NA,NA,NA,NA,N,N,Built,0.1011,12.azl3,1,1,perl-File-chdir-0.1011-26.fc41.src.rpm,Default Initialized,Default Initialized,0.1011,26.fc41,EXISTS_IN_EXT,0.1011,Y,1,nan,NOT_FOUND,NA,NA,NA,NA
perl-Font-TTF,NA,NA,NA,NA,NA,NA,NA,N,N,Built,1.06,13.azl3,1,1,perl-Font-TTF-1.06-25.fc41.src.rpm,Default Initialized,Default Initialized,1.06,25.fc41,EXISTS_IN_EXT,1.06,Y,1,nan,NOT_FOUND,NA,NA,NA,NA
perl-FreezeThaw,NA,NA,NA,NA,NA,NA,NA,N,N,Built,0.5001,30.azl3,1,1,perl-FreezeThaw-0.5001-45.fc41.src.rpm,Default Initialized,Default Initialized,0.5001,45.fc41,EXISTS_IN_EXT,0.5001,Y,1,nan,NOT_FOUND,NA,NA,NA,NA
perl-GD,NA,New P0,Sumit,12769,https://github.com/microsoft/azurelinux/pull/12769,DRAFT,2025-03-04T08:12:02Z,Y,Y,Built,2.71,5.azl3,1,1,perl-GD-2.83-2.fc41.src.rpm,Default Initialized,Default Initialized,2.83,2.fc41,EXISTS_IN_EXT,2.71,Y,1,nan,NOT_FOUND,NA,NA,https://github.com/SumitJenaHCL/azurelinux.git,topic_perl-GD
perl-GD-Barcode,NA,P1,Aninda,NA,NA,NA,NA,Y,Y,Built,1.15,34.azl3,1,1,perl-GD-Barcode-2.00-5.fc41.src.rpm,Default Initialized,Default Initialized,2.00,5.fc41,EXISTS_IN_EXT,1.15,N,0,Aninda,NA,NA,NA,NA,NA
perl-GSSAPI,NA,NA,NA,NA,NA,NA,NA,N,N,Built,0.28,31.azl3,1,1,perl-GSSAPI-0.28-47.fc41.src.rpm,Default Initialized,Default Initialized,0.28,47.fc41,EXISTS_IN_EXT,0.28,Y,1,nan,NOT_FOUND,NA,NA,NA,NA
perl-Getopt-ArgvFile,NA,NA,NA,NA,NA,NA,NA,N,N,Built,1.11,32.azl3,1,1,perl-Getopt-ArgvFile-1.11-44.fc41.src.rpm,Default Initialized,Default Initialized,1.11,44.fc41,EXISTS_IN_EXT,1.11,Y,1,nan,NOT_FOUND,NA,NA,NA,NA
perl-Graphics-ColorNamesLite-WWW,NA,NA,NA,NA,NA,NA,NA,N,N,Built,1.14.000,6.azl3,1,1,perl-Graphics-ColorNamesLite-WWW-1.14.000-13.fc,Default Initialized,Default Initialized,1.14.000,13.fc,EXISTS_IN_EXT,1.14.000,Y,1,nan,NOT_FOUND,NA,NA,NA,NA
perl-Guard,NA,NA,NA,NA,NA,NA,NA,N,N,Built,1.023,18.azl3,1,1,perl-Guard-1.023-32.fc41.src.rpm,Default Initialized,Default Initialized,1.023,32.fc41,EXISTS_IN_EXT,1.023,Y,1,nan,NOT_FOUND,NA,NA,NA,NA
perl-HTML-Tree,NA,NA,NA,NA,NA,NA,NA,N,N,Built,5.07,12.azl3,1,1,perl-HTML-Tree-5.07-27.fc41.src.rpm,Default Initialized,Default Initialized,5.07,27.fc41,EXISTS_IN_EXT,5.07,Y,1,nan,NOT_FOUND,NA,NA,NA,NA
perl-Hook-LexWrap,NA,NA,NA,NA,NA,NA,NA,N,N,Built,0.26,11.azl3,1,1,perl-Hook-LexWrap-0.26-23.fc41.src.rpm,Default Initialized,Default Initialized,0.26,23.fc41,EXISTS_IN_EXT,0.26,Y,1,nan,NOT_FOUND,NA,NA,NA,NA
perl-IO-AIO,NA,P0,Kevin,11695,https://github.com/microsoft/azurelinux/pull/11695,MERGED,2024-12-23T23:49:29Z,Y,Y,Built,4.76,2.azl3,1,1,perl-IO-AIO-4.81-3.fc41.src.rpm,Default Initialized,Default Initialized,4.81,3.fc41,EXISTS_IN_EXT,Not Found,Y,1,Kevin,https://github.com/microsoft/azurelinux/pull/11695,Bala,Dev Approved,https://github.com/kevin-b-lockwood/azurelinux.git,kevin-b-lockwood/perl-IO-AIO-4.81-1
perl-IO-All,NA,P1,Aninda,NA,NA,NA,NA,N,N,Failed,0.87,11.azl3,1,1,perl-IO-All-0.87-23.fc41.src.rpm,Default Initialized,Default Initialized,0.87,23.fc41,EXISTS_IN_EXT,0.87,N,0,Aninda,NA,NA,NA,NA,NA
perl-IO-CaptureOutput,NA,P1,Aninda,NA,NA,NA,NA,N,N,Built,1.1105,3.azl3,1,1,perl-IO-CaptureOutput-1.1105-15.fc41.src.rpm,Default Initialized,Default Initialized,1.1105,15.fc41,EXISTS_IN_EXT,1.1105,N,0,Aninda,NA,NA,NA,NA,NA
perl-IO-Compress-Lzma,NA,New P0,Sumit,12762,https://github.com/microsoft/azurelinux/pull/12762,OPEN,2025-03-04T07:57:30Z,Y,Y,Built,2.101,5.azl3,1,1,perl-IO-Compress-Lzma-2.212-2.fc41.src.rpm,Default Initialized,Default Initialized,2.212,2.fc41,EXISTS_IN_EXT,2.101,Y,1,nan,NOT_FOUND,NA,NA,https://github.com/SumitJenaHCL/azurelinux.git,topic_perl-IO-Compress-Lzma
perl-IO-Multiplex,NA,NA,NA,NA,NA,NA,NA,N,N,Built,1.16,16.azl3,1,1,perl-IO-Multiplex-1.16-28.fc41.src.rpm,Default Initialized,Default Initialized,1.16,28.fc41,EXISTS_IN_EXT,1.16,Y,1,nan,NOT_FOUND,NA,NA,NA,NA
perl-IO-SessionData,NA,NA,NA,NA,NA,NA,NA,N,N,Built,1.03,18.azl3,1,1,perl-IO-SessionData-1.03-30.fc41.src.rpm,Default Initialized,Default Initialized,1.03,30.fc41,EXISTS_IN_EXT,1.03,Y,1,nan,NOT_FOUND,NA,NA,NA,NA
perl-IO-Socket-INET6,NA,P1,Aninda,NA,NA,NA,NA,Y,Y,Built,2.72,19.azl3,1,1,perl-IO-Socket-INET6-2.73-9.fc41.src.rpm,Default Initialized,Default Initialized,2.73,9.fc41,EXISTS_IN_EXT,2.72,N,0,Aninda,NA,NA,NA,NA,NA
perl-IPC-Run3,NA,P0,Kevin,11698,https://github.com/microsoft/azurelinux/pull/11698,MERGED,2024-12-24T00:39:49Z,Y,Y,Built,0.048,19.azl3,1,1,perl-IPC-Run3-0.049-2.fc41.src.rpm,Default Initialized,Default Initialized,0.049,2.fc41,EXISTS_IN_EXT,0.048,Y,1,Kevin,https://github.com/microsoft/azurelinux/pull/11698,Bala,Dev Approved,https://github.com/kevin-b-lockwood/azurelinux.git,kevin-b-lockwood/perl-IPC-Run3-0.049-1
perl-IPC-System-Simple,NA,NA,NA,NA,NA,NA,NA,N,N,Built,1.30,2.azl3,1,1,perl-IPC-System-Simple-1.30-14.fc41.src.rpm,Default Initialized,Default Initialized,1.30,14.fc41,EXISTS_IN_EXT,1.30,Y,1,nan,NOT_FOUND,NA,NA,NA,NA
perl-Image-Base,NA,NA,NA,NA,NA,NA,NA,N,N,Built,1.17,17.azl3,1,1,perl-Image-Base-1.17-29.fc41.src.rpm,Default Initialized,Default Initialized,1.17,29.fc41,EXISTS_IN_EXT,1.17,Y,1,nan,NOT_FOUND,NA,NA,NA,NA
perl-Image-Info,NA,New P0,Sumit,12761,https://github.com/microsoft/azurelinux/pull/12761,OPEN,2025-03-04T07:56:00Z,Y,Y,Built,1.42,4.azl3,1,1,perl-Image-Info-1.44-4.fc41.src.rpm,Default Initialized,Default Initialized,1.44,4.fc41,EXISTS_IN_EXT,1.42,Y,1,nan,NOT_FOUND,NA,NA,https://github.com/SumitJenaHCL/azurelinux.git,topic_perl-Image-Info
perl-Image-Xbm,NA,NA,NA,NA,NA,NA,NA,N,N,Built,1.10,13.azl3,1,1,perl-Image-Xbm-1.10-25.fc41.src.rpm,Default Initialized,Default Initialized,1.10,25.fc41,EXISTS_IN_EXT,1.10,Y,1,nan,NOT_FOUND,NA,NA,NA,NA
perl-Image-Xpm,NA,NA,NA,NA,NA,NA,NA,N,N,Built,1.13,12.azl3,1,1,perl-Image-Xpm-1.13-25.fc41.src.rpm,Default Initialized,Default Initialized,1.13,25.fc41,EXISTS_IN_EXT,1.13,Y,1,nan,NOT_FOUND,NA,NA,NA,NA
perl-Import-Into,NA,P1,Jagadeesh,NA,NA,NA,NA,Revisit No Bld Ver,Revisit No Bld Ver,Not Found,Not Found,Not Found,1,1,perl-Import-Into-1.002005-27.fc41.src.rpm,Default Initialized,Default Initialized,1.002005,27.fc41,MOVED_TO_CORE,Not Found,N,0,Jagadeesh,NA,NA,NA,NA,NA
perl-Importer,NA,P0,Kevin,11710,https://github.com/microsoft/azurelinux/pull/11710,OPEN,2024-12-24T22:38:04Z,Y,Y,Built,0.025,8.azl3,1,1,perl-Importer-0.026-13.fc41.src.rpm,Default Initialized,Default Initialized,0.026,13.fc41,EXISTS_IN_EXT,0.025,Y,1,Kevin,https://github.com/microsoft/azurelinux/pull/11710,Bala,Dev Approved,https://github.com/kevin-b-lockwood/azurelinux.git,kevin-b-lockwood/perl-Importer-0.026-1
perl-Inline-Files,NA,NA,NA,NA,NA,NA,NA,N,N,Built,0.71,5.azl3,1,1,perl-Inline-Files-0.71-18.fc41.src.rpm,Default Initialized,Default Initialized,0.71,18.fc41,EXISTS_IN_EXT,0.71,Y,1,nan,NOT_FOUND,NA,NA,NA,NA
perl-JSON-Color,NA,P1,Jagadeesh,NA,NA,NA,NA,Y,Y,Built,0.133,3.azl3,1,1,perl-JSON-Color-0.134-5.fc41.src.rpm,Default Initialized,Default Initialized,0.134,5.fc41,EXISTS_IN_EXT,0.133,N,0,Jagadeesh,NA,NA,NA,NA,NA
perl-JSON-MaybeXS,NA,P1,Jagadeesh,NA,NA,NA,NA,Y,Y,Failed,1.004003,5.azl3,1,1,perl-JSON-MaybeXS-1.004008-2.fc41.src.rpm,Default Initialized,Default Initialized,1.004008,2.fc41,EXISTS_IN_EXT,1.004003,N,0,Jagadeesh,NA,NA,NA,NA,NA
perl-LDAP,NA,P1,Jagadeesh,NA,NA,NA,NA,Y,Y,Built,0.66,10.azl3,1,1,perl-LDAP-0.68-14.fc41.src.rpm,Default Initialized,Default Initialized,0.68,14.fc41,EXISTS_IN_EXT,0.66,N,0,Jagadeesh,NA,NA,NA,NA,NA
perl-LWP-Protocol-https,NA,P0,Kevin,11712,https://github.com/microsoft/azurelinux/pull/11712,OPEN,2024-12-25T00:02:41Z,Y,Y,Built,6.10,2.azl3,1,1,perl-LWP-Protocol-https-6.14-2.fc41.src.rpm,Default Initialized,Default Initialized,6.14,2.fc41,EXISTS_IN_EXT,6.10,Y,1,Kevin,https://github.com/microsoft/azurelinux/pull/11712,Bala,In Review,https://github.com/kevin-b-lockwood/azurelinux.git,kevin-b-lockwood/perl-LWP-Protocol-https-6.14-1
perl-Lingua-EN-Inflect,NA,P0,Kevin,11714,https://github.com/microsoft/azurelinux/pull/11714,MERGED,2024-12-25T00:13:30Z,Y,Y,Built,1.904,5.azl3,1,1,perl-Lingua-EN-Inflect-1.905-12.fc41.src.rpm,Default Initialized,Default Initialized,1.905,12.fc41,EXISTS_IN_EXT,1.904,Y,1,Kevin,https://github.com/microsoft/azurelinux/pull/11714,Bala,Dev Approved,https://github.com/kevin-b-lockwood/azurelinux.git,kevin-b-lockwood/perl-Lingua-EN-Inflect-1.905-1
perl-List-MoreUtils-XS,NA,New P0,Sumit,12766,https://github.com/microsoft/azurelinux/pull/12766,OPEN,2025-03-04T08:06:14Z,Y,Y,Built,0.428,9.azl3,1,1,perl-List-MoreUtils-XS-0.430-15.fc41.src.rpm,Default Initialized,Default Initialized,0.430,15.fc41,EXISTS_IN_EXT,0.428,Y,1,nan,NOT_FOUND,NA,NA,https://github.com/SumitJenaHCL/azurelinux.git,topic_perl-List-MoreUtils-XS
perl-Locale-Codes,NA,P0,Kevin,11715,https://github.com/microsoft/azurelinux/pull/11715,OPEN,2024-12-25T00:33:08Z,Y,Y,Built,3.66,4.azl3,1,1,perl-Locale-Codes-3.79-2.fc41.src.rpm,Default Initialized,Default Initialized,3.79,2.fc41,EXISTS_IN_EXT,3.66,Y,1,Kevin,https://github.com/microsoft/azurelinux/pull/11715,NA,NA,https://github.com/kevin-b-lockwood/azurelinux.git,kevin-b-lockwood/perl-Locale-Codes-3.81-1
perl-Locale-Maketext-Gettext,NA,P0,Kevin,NA,NA,NA,NA,Y,Y,Built,1.30,3.azl3,1,1,perl-Locale-Maketext-Gettext-1.32-12.fc41.src.r,Default Initialized,Default Initialized,1.32,12.fc41.src.r,EXISTS_IN_EXT,1.30,Y,1,Kevin,NA,NA,NA,NA,NA
perl-Locale-Msgfmt,NA,CP_batch1,Sumit,12336,https://github.com/microsoft/azurelinux/pull/12336,OPEN,2025-02-12T20:43:08Z,N,N,Failed,0.15,28.azl3,1,1,perl-Locale-Msgfmt-0.15-40.fc41.src.rpm,Default Initialized,Default Initialized,0.15,40.fc41,EXISTS_IN_EXT,0.15,N,0,Sumit,NOT_FOUND,NA,NA,https://github.com/SumitJenaHCL/azurelinux.git,topic_perl-Locale-Msgfmt
perl-Locale-PO,NA,NA,NA,NA,NA,NA,NA,N,N,Built,0.27,16.azl3,1,1,perl-Locale-PO-0.27-28.fc41.src.rpm,Default Initialized,Default Initialized,0.27,28.fc41,EXISTS_IN_EXT,0.27,Y,1,nan,NOT_FOUND,NA,NA,NA,NA
perl-Log-Message,NA,NA,NA,NA,NA,NA,NA,N,N,Built,0.08,22.azl3,1,1,perl-Log-Message-0.08-35.fc41.src.rpm,Default Initialized,Default Initialized,0.08,35.fc41,EXISTS_IN_EXT,0.08,Y,1,nan,NOT_FOUND,NA,NA,NA,NA
perl-Log-Message-Simple,NA,NA,NA,NA,NA,NA,NA,N,N,Built,0.10,309.azl3,1,1,perl-Log-Message-Simple-0.10-322.fc41.src.rpm,Default Initialized,Default Initialized,0.10,322.fc41,EXISTS_IN_EXT,0.10,Y,1,nan,NOT_FOUND,NA,NA,NA,NA
perl-MIME-Charset,NA,CP_batch1,Jagadeesh,12484,https://github.com/microsoft/azurelinux/pull/12484,MERGED,2025-02-18T21:11:03Z,Y,Y,Built,1.012.2,12.azl3,1,1,perl-MIME-Charset-1.013.1-6.fc41.src.rpm,Default Initialized,Default Initialized,1.013.1,6.fc41,EXISTS_IN_EXT,1.012.2,N,0,Jagadeesh,NA,NA,NA,https://github.com/durgajagadeesh/azurelinux_djpalli.git,Topic_perl-MIME-Charset
perl-MIME-Lite,NA,P1,Jagadeesh,NA,NA,NA,NA,Y,Y,Built,3.031,3.azl3,1,1,perl-MIME-Lite-3.033-11.fc41.src.rpm,Default Initialized,Default Initialized,3.033,11.fc41,EXISTS_IN_EXT,3.031,N,0,Jagadeesh,NA,NA,NA,NA,NA
perl-MIME-Types,NA,P1,Jagadeesh,NA,NA,NA,NA,Y,Y,Built,2.17,9.azl3,1,1,perl-MIME-Types-2.26-2.fc41.src.rpm,Default Initialized,Default Initialized,2.26,2.fc41,EXISTS_IN_EXT,2.17,N,0,Jagadeesh,NA,NA,NA,NA,NA
perl-MLDBM,NA,P1,Jagadeesh,NA,NA,NA,NA,N,N,Built,2.05,22.azl3,1,1,perl-MLDBM-2.05-33.fc41.src.rpm,Default Initialized,Default Initialized,2.05,33.fc41,EXISTS_IN_EXT,2.05,N,0,Jagadeesh,NA,NA,NA,NA,NA
perl-MRO-Compat,NA,P0,Sreenivasulu,11476,https://github.com/microsoft/azurelinux/pull/11476,MERGED,2024-12-17T00:59:02Z,Y,Y,Built,0.13,11.azl3,1,1,perl-MRO-Compat-0.15-10.fc41.src.rpm,Default Initialized,Default Initialized,0.15,10.fc41,EXISTS_IN_EXT,0.13,Y,1,Sreenivasulu,https://github.com/microsoft/azurelinux/pull/11476,NA,NA,https://github.com/v-smalavathu/azurelinux1.git,topic_perl-MRO-Compat
perl-Mail-AuthenticationResults,NA,New P0,Sumit,12765,https://github.com/microsoft/azurelinux/pull/12765,OPEN,2025-03-04T08:04:38Z,Y,Y,Built,1.20200108,3.azl3,1,1,perl-Mail-AuthenticationResults-2.20231031-4.fc,Default Initialized,Default Initialized,2.20231031,4.fc,EXISTS_IN_EXT,1.20200108,Y,1,nan,NOT_FOUND,NA,NA,https://github.com/SumitJenaHCL/azurelinux.git,topic_perl-Mail-AuthenticationResults
perl-Mail-DKIM,NA,P1,Jagadeesh,NA,NA,NA,NA,Y,Y,Failed,0.58,4.azl3,1,1,perl-Mail-DKIM-1.20240619-2.fc41.src.rpm,Default Initialized,Default Initialized,1.20240619,2.fc41,EXISTS_IN_EXT,0.58,N,0,Jagadeesh,NA,NA,NA,NA,NA
perl-Mail-IMAPTalk,NA,P0,Sreenivasulu,11552,https://github.com/microsoft/azurelinux/pull/11552,MERGED,2024-12-19T18:35:25Z,Y,Y,Built,4.04,12.azl3,1,1,perl-Mail-IMAPTalk-4.06-4.fc41.src.rpm,Default Initialized,Default Initialized,4.06,4.fc41,EXISTS_IN_EXT,4.04,Y,1,Sreenivasulu,NA,NA,NA,https://github.com/v-smalavathu/azurelinux1.git,topic_perl-Mail-IMAPTalk
perl-Mail-SPF,NA,P1,Jyoti,NA,NA,NA,NA,Y,Y,Failed,2.9.0,23.azl3,1,1,perl-Mail-SPF-3.20240923-1.fc41.src.rpm,Default Initialized,Default Initialized,3.20240923,1.fc41,EXISTS_IN_EXT,2.9.0,N,0,Jyoti,NA,NA,NA,NA,NA
perl-MailTools,NA,NA,NA,NA,NA,NA,NA,N,N,Built,2.21,5.azl3,1,1,perl-MailTools-2.21-17.fc41.src.rpm,Default Initialized,Default Initialized,2.21,17.fc41,EXISTS_IN_EXT,2.21,Y,1,nan,NOT_FOUND,NA,NA,NA,NA
perl-Math-Int64,NA,P0,Sreenivasulu,11477,https://github.com/microsoft/azurelinux/pull/11477,MERGED,2024-12-17T01:14:14Z,Y,Y,Built,0.54,14.azl3,1,1,perl-Math-Int64-0.57-3.fc41.src.rpm,Default Initialized,Default Initialized,0.57,3.fc41,EXISTS_IN_EXT,0.54,Y,1,Sreenivasulu,https://github.com/microsoft/azurelinux/pull/11477,NA,NA,https://github.com/v-smalavathu/azurelinux1.git,topic_perl-Math-Int64
perl-Mixin-Linewise,NA,New P0,Sumit,12764,https://github.com/microsoft/azurelinux/pull/12764,OPEN,2025-03-04T08:00:33Z,Y,Y,Built,0.108,17.azl3,1,1,perl-Mixin-Linewise-0.111-6.fc41.src.rpm,Default Initialized,Default Initialized,0.111,6.fc41,EXISTS_IN_EXT,0.108,Y,1,nan,NOT_FOUND,NA,NA,https://github.com/SumitJenaHCL/azurelinux.git,topic_perl-Mixin-Linewise
perl-Module-Build-Tiny,NA,P1,Jyoti,11466,https://github.com/microsoft/azurelinux/pull/11466,OPEN,2024-12-16T06:45:50Z,Y,Y,Built,0.039,17.azl3,1,1,perl-Module-Build-Tiny-0.051-1.fc41.src.rpm,Default Initialized,Default Initialized,0.051,1.fc41,EXISTS_IN_EXT,0.039,N,0,Jyoti,NA,NA,NA,https://github.com/jykanase/azurelinux.git,topic_perl-Module-Build-Tiny
perl-Module-Implementation,NA,NA,NA,NA,NA,NA,NA,Revisit No Bld Ver,Revisit No Bld Ver,Not Found,Not Found,Not Found,1,1,perl-Module-Implementation-0.09-40.fc41.src.rpm,Default Initialized,Default Initialized,0.09,40.fc41,MOVED_TO_CORE,Not Found,N,0,nan,NOT_FOUND,NA,NA,NA,NA
perl-Module-Install-AuthorRequires,NA,CP_batch1,Jyoti,NA,NA,NA,NA,N,N,Built,0.02,23.azl3,1,1,perl-Module-Install-AuthorRequires-0.02-35.fc41,Default Initialized,Default Initialized,0.02,35.fc41,EXISTS_IN_EXT,0.02,N,0,Jyoti,NA,NA,NA,NA,NA
perl-Module-Install-AutoLicense,NA,P1,Jyoti,NA,NA,NA,NA,N,N,Built,0.10,12.azl3,1,1,perl-Module-Install-AutoLicense-0.10-23.fc41.sr,Default Initialized,Default Initialized,0.10,23.fc41.sr,EXISTS_IN_EXT,0.10,N,0,Jyoti,NA,NA,NA,NA,NA
perl-Module-Install-GithubMeta,NA,CP_batch1,Archana,NA,NA,NA,NA,N,N,Built,0.30,17.azl3,1,1,perl-Module-Install-GithubMeta-0.30-29.fc41.src,Default Initialized,Default Initialized,0.30,29.fc41.src,EXISTS_IN_EXT,0.30,N,0,nan,NOT_FOUND,NA,NA,NA,NA
perl-Module-Install-ManifestSkip,NA,NA,NA,NA,NA,NA,NA,N,N,Built,0.24,17.azl3,1,1,perl-Module-Install-ManifestSkip-0.24-30.fc41.s,Default Initialized,Default Initialized,0.24,30.fc41.s,EXISTS_IN_EXT,0.24,Y,1,nan,NOT_FOUND,NA,NA,NA,NA
perl-Module-Install-ReadmeFromPod,NA,P1,Jyoti,NA,NA,NA,NA,N,N,Failed,0.30,13.azl3,1,1,perl-Module-Install-ReadmeFromPod-0.30-26.fc41.,Default Initialized,Default Initialized,0.30,26.fc41.,EXISTS_IN_EXT,0.30,N,0,Jyoti,NA,NA,NA,NA,NA
perl-Module-Install-ReadmeMarkdownFromPod,NA,NA,NA,NA,NA,NA,NA,N,N,Built,0.04,11.azl3,1,1,perl-Module-Install-ReadmeMarkdownFromPod-0.04-,Default Initialized,Default Initialized,0.04,,EXISTS_IN_EXT,0.04,Y,1,nan,NOT_FOUND,NA,NA,NA,NA
perl-Module-Install-TestBase,NA,NA,NA,NA,NA,NA,NA,N,N,Built,0.86,18.azl3,1,1,perl-Module-Install-TestBase-0.86-32.fc41.src.r,Default Initialized,Default Initialized,0.86,32.fc41.src.r,EXISTS_IN_EXT,0.86,Y,1,nan,NOT_FOUND,NA,NA,NA,NA
perl-Module-Load-Util,NA,New P0,Sumit,12763,https://github.com/microsoft/azurelinux/pull/12763,OPEN,2025-03-04T07:58:57Z,Y,Y,Built,0.006,2.azl3,1,1,perl-Module-Load-Util-0.012-2.fc41.src.rpm,Default Initialized,Default Initialized,0.012,2.fc41,EXISTS_IN_EXT,0.006,Y,1,nan,NOT_FOUND,NA,NA,https://github.com/SumitJenaHCL/azurelinux.git,topic_perl-Module-Load-Util
perl-Module-Manifest,NA,NA,NA,NA,NA,NA,NA,N,N,Built,1.09,10.azl3,1,1,perl-Module-Manifest-1.09-22.fc41.src.rpm,Default Initialized,Default Initialized,1.09,22.fc41,EXISTS_IN_EXT,1.09,Y,1,nan,NOT_FOUND,NA,NA,NA,NA
perl-Module-Manifest-Skip,NA,NA,NA,NA,NA,NA,NA,N,N,Built,0.23,17.azl3,1,1,perl-Module-Manifest-Skip-0.23-32.fc41.src.rpm,Default Initialized,Default Initialized,0.23,32.fc41,EXISTS_IN_EXT,0.23,Y,1,nan,NOT_FOUND,NA,NA,NA,NA
perl-Module-Package,NA,P1,Jyoti,NA,NA,NA,NA,N,N,Failed,0.30,24.azl3,1,1,perl-Module-Package-0.30-36.fc41.src.rpm,Default Initialized,Default Initialized,0.30,36.fc41,EXISTS_IN_EXT,0.30,N,0,Jyoti,NA,NA,NA,NA,NA
perl-Module-Package-Au,NA,P1,Jyoti,NA,NA,NA,NA,N,N,Failed,2,18.azl3,1,1,perl-Module-Package-Au-2-30.fc41.src.rpm,Default Initialized,Default Initialized,2,30.fc41,EXISTS_IN_EXT,2,N,0,Jyoti,NA,NA,NA,NA,NA
perl-Module-Pluggable,NA,NA,NA,NA,NA,NA,NA,N,N,Built,5.2,15.azl3,1,1,perl-Module-Pluggable-5.2-29.fc41.src.rpm,Default Initialized,Default Initialized,5.2,29.fc41,EXISTS_IN_EXT,5.2,Y,1,nan,NOT_FOUND,NA,NA,NA,NA
perl-Module-Runtime,NA,P1,Jyoti,NA,NA,NA,NA,Revisit No Bld Ver,Revisit No Bld Ver,Not Found,Not Found,Not Found,1,1,perl-Module-Runtime-0.016-23.fc41.src.rpm,Default Initialized,Default Initialized,0.016,23.fc41,MOVED_TO_CORE,Not Found,N,0,Jyoti,NA,NA,NA,NA,NA
perl-Module-Signature,NA,P1,Jyoti,11406,https://github.com/microsoft/azurelinux/pull/11406,OPEN,2024-12-11T08:41:46Z,Y,Y,Built,0.83,8.azl3,1,1,perl-Module-Signature-0.89-1.fc41.src.rpm,Default Initialized,Default Initialized,0.89,1.fc41,EXISTS_IN_EXT,0.83,N,0,Jyoti,https://github.com/microsoft/azurelinux/pull/11406,NA,NA,https://github.com/jykanase/azurelinux.git,topic_perl-Module-Signature
perl-Mojolicious,NA,P0,Sreenivasulu,11527,https://github.com/microsoft/azurelinux/pull/11527,OPEN,2024-12-18T19:31:24Z,Y,Y,Built,8.57,3.azl3,1,1,perl-Mojolicious-9.37-2.fc41.src.rpm,Default Initialized,Default Initialized,9.37,2.fc41,EXISTS_IN_EXT,8.57,Y,1,Sreenivasulu,NA,NA,NA,https://github.com/v-smalavathu/azurelinux1.git,topic_perl-Mojolicious
perl-Moo,NA,P0,Sreenivasulu,11690,https://github.com/microsoft/azurelinux/pull/11690,OPEN,2024-12-23T22:03:58Z,Y,Y,Built,2.003006,3.azl3,1,1,perl-Moo-2.005005-7.fc41.src.rpm,Default Initialized,Default Initialized,2.005005,7.fc41,EXISTS_IN_EXT,2.003006,Y,1,Sreenivasulu,NA,NA,NA,https://github.com/v-smalavathu/azurelinux1.git,topic_perl-Moo
perl-Mozilla-CA,NA,P0,Sreenivasulu,11481,https://github.com/microsoft/azurelinux/pull/11481,MERGED,2024-12-17T02:37:19Z,Y,Y,Built,20200520,2.azl3,1,1,perl-Mozilla-CA-20240730-1.fc41.src.rpm,Default Initialized,Default Initialized,20240730,1.fc41,EXISTS_IN_EXT,20200520,Y,1,Sreenivasulu,https://github.com/microsoft/azurelinux/pull/11481,NA,NA,https://github.com/v-smalavathu/azurelinux1.git,topic_perl-Mozilla-CA
perl-Mozilla-LDAP,NA,NA,NA,NA,NA,NA,NA,Revisit No Dnld Ver,Revisit No Dnld Ver,Built,1.5.3,33.azl3,0,0,Default Initialized,Default Initialized,Default Initialized,Not Found,Not Found,EXISTS_IN_EXT,1.5.3,N,0,nan,NOT_FOUND,NA,NA,NA,NA
perl-NNTPClient,NA,NA,NA,NA,NA,NA,NA,N,N,Built,0.37,12.azl3,1,1,perl-NNTPClient-0.37-25.fc41.src.rpm,Default Initialized,Default Initialized,0.37,25.fc41,EXISTS_IN_EXT,0.37,Y,1,nan,NOT_FOUND,NA,NA,NA,NA
perl-Net-CIDR-Lite,NA,NA,NA,NA,NA,NA,NA,N,N,Built,0.22,2.azl3,1,1,perl-Net-CIDR-Lite-0.22-11.fc41.src.rpm,Default Initialized,Default Initialized,0.22,11.fc41,EXISTS_IN_EXT,0.22,Y,1,nan,NOT_FOUND,NA,NA,NA,NA
perl-Net-DNS,NA,P1,Jyoti,NA,NA,NA,NA,Y,Y,Failed,1.21,4.azl3,1,1,perl-Net-DNS-1.47-1.fc41.src.rpm,Default Initialized,Default Initialized,1.47,1.fc41,EXISTS_IN_EXT,1.21,N,0,Jyoti,NA,NA,NA,NA,NA
perl-Net-DNS-Resolver-Mock,NA,P1,Jyoti,NA,NA,NA,NA,Y,Y,Failed,1.20200215,3.azl3,1,1,perl-Net-DNS-Resolver-Mock-1.20230216-5.fc41.sr,Default Initialized,Default Initialized,1.20230216,5.fc41.sr,EXISTS_IN_EXT,1.20200215,N,0,Jyoti,NA,NA,NA,NA,NA
perl-Net-DNS-Resolver-Programmable,NA,P1,Jyoti,NA,NA,NA,NA,N,N,Failed,0.009,10.azl3,1,1,perl-Net-DNS-Resolver-Programmable-0.009-21.fc4,Default Initialized,Default Initialized,0.009,21.fc4,EXISTS_IN_EXT,0.009,N,0,Jyoti,NA,NA,NA,NA,NA
perl-Net-Daemon,NA,P0,Sreenivasulu,11478,https://github.com/microsoft/azurelinux/pull/11478,MERGED,2024-12-17T01:58:21Z,Y,Y,Built,0.48,25.azl3,1,1,perl-Net-Daemon-0.49-13.fc41.src.rpm,Default Initialized,Default Initialized,0.49,13.fc41,EXISTS_IN_EXT,0.48,Y,1,Sreenivasulu,https://github.com/microsoft/azurelinux/pull/11478,NA,NA,https://github.com/v-smalavathu/azurelinux1.git,topic_perl-Net-Daemon
perl-Net-IMAP-Simple,NA,NA,NA,NA,NA,NA,NA,N,N,Built,1.2212,6.azl3,1,1,perl-Net-IMAP-Simple-1.2212-18.fc41.src.rpm,Default Initialized,Default Initialized,1.2212,18.fc41,EXISTS_IN_EXT,1.2212,Y,1,nan,NOT_FOUND,NA,NA,NA,NA
perl-Net-IMAP-Simple-SSL,NA,NA,NA,NA,NA,NA,NA,N,N,Built,1.3,29.azl3,1,1,perl-Net-IMAP-Simple-SSL-1.3-41.fc41.src.rpm,Default Initialized,Default Initialized,1.3,41.fc41,EXISTS_IN_EXT,1.3,Y,1,nan,NOT_FOUND,NA,NA,NA,NA
perl-Net-IP,NA,NA,NA,NA,NA,NA,NA,N,N,Built,1.26,32.azl3,1,1,perl-Net-IP-1.26-34.fc41.src.rpm,Default Initialized,Default Initialized,1.26,34.fc41,EXISTS_IN_EXT,1.26,Y,1,nan,NOT_FOUND,NA,NA,NA,NA
perl-Net-LibIDN2,NA,P1,Jyoti,11391,https://github.com/microsoft/azurelinux/pull/11391,MERGED,2024-12-10T11:50:14Z,Y,Y,Built,1.01,3.azl3,1,1,perl-Net-LibIDN2-1.02-8.fc41.src.rpm,Default Initialized,Default Initialized,1.02,8.fc41,EXISTS_IN_EXT,1.01,N,0,Jyoti,https://github.com/microsoft/azurelinux/pull/11391,NA,NA,https://github.com/jykanase/azurelinux.git,topic_perl-Net-LibIDN2
perl-Net-Patricia,NA,NA,NA,NA,NA,NA,NA,N,N,Built,1.22,25.azl3,1,1,perl-Net-Patricia-1.22-40.fc41.src.rpm,Default Initialized,Default Initialized,1.22,40.fc41,EXISTS_IN_EXT,1.22,Y,1,nan,NOT_FOUND,NA,NA,NA,NA
perl-Net-SMTP-SSL,NA,NA,NA,NA,NA,NA,NA,N,N,Built,1.04,12.azl3,1,1,perl-Net-SMTP-SSL-1.04-25.fc41.src.rpm,Default Initialized,Default Initialized,1.04,25.fc41,EXISTS_IN_EXT,1.04,Y,1,nan,NOT_FOUND,NA,NA,NA,NA
perl-Net-SNMP,NA,NA,NA,NA,NA,NA,NA,N,N,Built,6.0.1,27.azl3,1,1,perl-Net-SNMP-6.0.1-42.fc41.src.rpm,Default Initialized,Default Initialized,6.0.1,42.fc41,EXISTS_IN_EXT,6.0.1,Y,1,nan,NOT_FOUND,NA,NA,NA,NA
perl-Net-Telnet,NA,P0,Sreenivasulu,11480,https://github.com/microsoft/azurelinux/pull/11480,OPEN,2024-12-17T02:27:05Z,Y,Y,Built,3.04,14.azl3,1,1,perl-Net-Telnet-3.05-11.fc41.src.rpm,Default Initialized,Default Initialized,3.05,11.fc41,EXISTS_IN_EXT,3.04,Y,1,Sreenivasulu,https://github.com/microsoft/azurelinux/pull/11480,NA,NA,https://github.com/v-smalavathu/azurelinux1.git,topic_perl-Net-Telnet
perl-Newt,NA,NA,NA,NA,NA,NA,NA,N,N,Built,1.08,56.azl3,1,1,perl-Newt-1.08-70.fc41.src.rpm,Default Initialized,Default Initialized,1.08,70.fc41,EXISTS_IN_EXT,1.08,Y,1,nan,NOT_FOUND,NA,NA,NA,NA
perl-Number-Compare,NA,NA,NA,NA,NA,NA,NA,N,N,Built,0.03,26.azl3,1,1,perl-Number-Compare-0.03-39.fc41.src.rpm,Default Initialized,Default Initialized,0.03,39.fc41,EXISTS_IN_EXT,0.03,Y,1,nan,NOT_FOUND,NA,NA,NA,NA
perl-Object-Deadly,NA,NA,NA,NA,NA,NA,NA,N,N,Built,0.09,35.azl3,1,1,perl-Object-Deadly-0.09-48.fc41.src.rpm,Default Initialized,Default Initialized,0.09,48.fc41,EXISTS_IN_EXT,0.09,Y,1,nan,NOT_FOUND,NA,NA,NA,NA
perl-Object-HashBase,NA,P0,Sreenivasulu,11524,https://github.com/microsoft/azurelinux/pull/11524,MERGED,2024-12-18T18:19:54Z,Y,Y,Built,0.009,3.azl3,1,1,perl-Object-HashBase-0.013-2.fc41.src.rpm,Default Initialized,Default Initialized,0.013,2.fc41,EXISTS_IN_EXT,0.009,Y,1,Sreenivasulu,https://github.com/microsoft/azurelinux/pull/11524,NA,NA,https://github.com/v-smalavathu/azurelinux1.git,topic_perl-Object-HashBase
perl-PAR-Dist,NA,P0,Sreenivasulu,11585,https://github.com/microsoft/azurelinux/pull/11585,MERGED,2024-12-20T01:08:45Z,Y,Y,Built,0.51,2.azl3,1,1,perl-PAR-Dist-0.53-2.fc41.src.rpm,Default Initialized,Default Initialized,0.53,2.fc41,EXISTS_IN_EXT,0.51,Y,1,Sreenivasulu,https://github.com/microsoft/azurelinux/pull/11585,NA,NA,https://github.com/v-smalavathu/azurelinux1.git,topic_perl-PAR-Dist
perl-PPI,NA,New P0,Sumit,12771,https://github.com/microsoft/azurelinux/pull/12771,OPEN,2025-03-04T09:02:08Z,Y,Y,Built,1.270,4.azl3,1,1,perl-PPI-1.279-1.fc41.src.rpm,Default Initialized,Default Initialized,1.279,1.fc41,EXISTS_IN_EXT,1.270,Y,1,nan,NOT_FOUND,NA,NA,https://github.com/SumitJenaHCL/azurelinux.git,topic_perl-PPI
perl-PPI-HTML,NA,CP_batch1,Kevin,NA,NA,NA,NA,N,N,Built,1.08,24.azl3,1,1,perl-PPI-HTML-1.08-35.fc41.src.rpm,Default Initialized,Default Initialized,1.08,35.fc41,EXISTS_IN_EXT,1.08,N,0,Kevin,NA,NA,NA,NA,NA
perl-PPIx-QuoteLike,NA,P1,Kevin,11455,https://github.com/microsoft/azurelinux/pull/11455,OPEN,2024-12-13T19:49:20Z,Y,Y,Built,0.008,3.azl3,1,1,perl-PPIx-QuoteLike-0.023-7.fc41.src.rpm,Default Initialized,Default Initialized,0.023,7.fc41,EXISTS_IN_EXT,0.008,N,0,Kevin,NA,NA,NA,https://github.com/kevin-b-lockwood/azurelinux.git,kevin-b-lockwood/perl-PPIx-QuoteLike-0.023-1
perl-PPIx-Regexp,NA,New P0,Sumit,12773,https://github.com/microsoft/azurelinux/pull/12773,OPEN,2025-03-04T12:41:27Z,Y,Y,Built,0.069,2.azl3,1,1,perl-PPIx-Regexp-0.088-5.fc41.src.rpm,Default Initialized,Default Initialized,0.088,5.fc41,EXISTS_IN_EXT,0.069,Y,1,nan,NOT_FOUND,NA,NA,https://github.com/SumitJenaHCL/azurelinux.git,topic_perl-PPIx-Regexp
perl-PPIx-Utilities,NA,P1,Kevin,NA,NA,NA,NA,N,N,Built,1.001000,37.azl3,1,1,perl-PPIx-Utilities-1.001000-53.fc41.src.rpm,Default Initialized,Default Initialized,1.001000,53.fc41,EXISTS_IN_EXT,1.001000,N,0,Kevin,NA,NA,NA,NA,NA
perl-Package-Anon,NA,NA,NA,NA,NA,NA,NA,N,N,Built,0.05,26.azl3,1,1,perl-Package-Anon-0.05-40.fc41.src.rpm,Default Initialized,Default Initialized,0.05,40.fc41,EXISTS_IN_EXT,0.05,Y,1,nan,NOT_FOUND,NA,NA,NA,NA
perl-Package-Constants,NA,NA,NA,NA,NA,NA,NA,N,N,Built,0.06,17.azl3,1,1,perl-Package-Constants-0.06-31.fc41.src.rpm,Default Initialized,Default Initialized,0.06,31.fc41,EXISTS_IN_EXT,0.06,Y,1,nan,NOT_FOUND,NA,NA,NA,NA
perl-Package-DeprecationManager,NA,P1,Kevin,11456,https://github.com/microsoft/azurelinux/pull/11456,OPEN,2024-12-13T20:54:44Z,Y,Y,Built,0.17,12.azl3,1,1,perl-Package-DeprecationManager-0.18-5.fc41.src,Default Initialized,Default Initialized,0.18,5.fc41.src,EXISTS_IN_EXT,0.17,N,0,Kevin,NA,NA,NA,https://github.com/kevin-b-lockwood/azurelinux.git,kevin-b-lockwood/perl-Package-DeprecationManager-0.18-1
perl-Package-Generator,NA,P1,Kevin,NA,NA,NA,NA,Revisit No Bld Ver,Revisit No Bld Ver,Not Found,Not Found,Not Found,1,1,perl-Package-Generator-1.106-32.fc41.src.rpm,Default Initialized,Default Initialized,1.106,32.fc41,MOVED_TO_CORE,Not Found,N,0,Kevin,NA,NA,NA,NA,NA
perl-Package-Stash,NA,P1,Kevin,NA,NA,NA,NA,Y,Y,Built,0.38,7.azl3,1,1,perl-Package-Stash-0.40-8.fc41.src.rpm,Default Initialized,Default Initialized,0.40,8.fc41,EXISTS_IN_EXT,0.38,N,0,Kevin,NA,NA,NA,NA,NA
perl-Package-Stash-XS,NA,New P0,Sumit,12792,https://github.com/microsoft/azurelinux/pull/12792,OPEN,2025-03-04T15:20:33Z,Y,Y,Built,0.29,7.azl3,1,1,perl-Package-Stash-XS-0.30-9.fc41.src.rpm,Default Initialized,Default Initialized,0.30,9.fc41,EXISTS_IN_EXT,0.29,Y,1,nan,NOT_FOUND,NA,NA,https://github.com/SumitJenaHCL/azurelinux.git,topic_perl-Package-Stash-XS
perl-PadWalker,NA,P1,Kevin,NA,NA,NA,NA,Revisit No Bld Ver,Revisit No Bld Ver,Not Found,Not Found,Not Found,1,1,perl-PadWalker-2.5-15.fc41.src.rpm,Default Initialized,Default Initialized,2.5,15.fc41,MOVED_TO_CORE,Not Found,N,0,Kevin,NA,NA,NA,NA,NA
perl-Paper-Specs,NA,NA,NA,NA,NA,NA,NA,N,N,Built,0.10,23.azl3,1,1,perl-Paper-Specs-0.10-35.fc41.src.rpm,Default Initialized,Default Initialized,0.10,35.fc41,EXISTS_IN_EXT,0.10,Y,1,nan,NOT_FOUND,NA,NA,NA,NA
perl-Parallel-Iterator,NA,P0,Sreenivasulu,11483,https://github.com/microsoft/azurelinux/pull/11483,MERGED,2024-12-17T03:40:21Z,Y,Y,Built,1.00,26.azl3,1,1,perl-Parallel-Iterator-1.002-6.fc41.src.rpm,Default Initialized,Default Initialized,1.002,6.fc41,EXISTS_IN_EXT,1.00,Y,1,Sreenivasulu,https://github.com/microsoft/azurelinux/pull/11483,NA,NA,https://github.com/v-smalavathu/azurelinux1.git,topic_perl-Parallel-Iterator
perl-Params-Classify,NA,NA,NA,NA,NA,NA,NA,N,N,Built,0.015,10.azl3,1,1,perl-Params-Classify-0.015-24.fc41.src.rpm,Default Initialized,Default Initialized,0.015,24.fc41,EXISTS_IN_EXT,0.015,Y,1,nan,NOT_FOUND,NA,NA,NA,NA
perl-Params-Util,NA,P1,Kevin,NA,NA,NA,NA,Revisit No Bld Ver,Revisit No Bld Ver,Not Found,Not Found,Not Found,1,1,perl-Params-Util-1.102-16.fc41.src.rpm,Default Initialized,Default Initialized,1.102,16.fc41,MOVED_TO_CORE,Not Found,N,0,Kevin,NA,NA,NA,NA,NA
perl-Params-Validate,NA,P1,Kevin,NA,NA,NA,NA,Y,Y,Built,1.29,13.azl3,1,1,perl-Params-Validate-1.31-9.fc41.src.rpm,Default Initialized,Default Initialized,1.31,9.fc41,EXISTS_IN_EXT,1.29,N,0,Kevin,NA,NA,NA,NA,NA
perl-Params-ValidationCompiler,NA,P1,Kevin,NA,NA,NA,NA,Y,Y,Built,0.30,7.azl3,1,1,perl-Params-ValidationCompiler-0.31-6.fc41.src.,Default Initialized,Default Initialized,0.31,6.fc41.src.,EXISTS_IN_EXT,0.30,N,0,Kevin,NA,NA,NA,NA,NA
perl-Parse-RecDescent,NA,NA,NA,NA,NA,NA,NA,N,N,Built,1.967015,11.azl3,1,1,perl-Parse-RecDescent-1.967015-23.fc41.src.rpm,Default Initialized,Default Initialized,1.967015,23.fc41,EXISTS_IN_EXT,1.967015,Y,1,nan,NOT_FOUND,NA,NA,NA,NA
perl-Parse-Yapp,NA,NA,NA,NA,NA,NA,NA,N,N,Built,1.21,8.azl3,1,1,perl-Parse-Yapp-1.21-20.fc41.src.rpm,Default Initialized,Default Initialized,1.21,20.fc41,EXISTS_IN_EXT,1.21,Y,1,nan,NOT_FOUND,NA,NA,NA,NA
perl-Path-Tiny,NA,P1,Sreenivasulu,11457,https://github.com/microsoft/azurelinux/pull/11457,OPEN,2024-12-13T20:57:58Z,Y,Y,Built,0.112,2.azl3,1,1,perl-Path-Tiny-0.146-2.fc41.src.rpm,Default Initialized,Default Initialized,0.146,2.fc41,EXISTS_IN_EXT,0.112,N,0,Sreenivasulu,NA,NA,NA,https://github.com/v-smalavathu/azurelinux1.git,topic_perl-Path-Tiny
perl-Perl-Critic,NA,P1,Sreenivasulu,NA,NA,NA,NA,Y,Y,Built,1.138,3.azl3,1,1,perl-Perl-Critic-1.152-5.fc41.src.rpm,Default Initialized,Default Initialized,1.152,5.fc41,EXISTS_IN_EXT,1.138,N,0,Sreenivasulu,NA,NA,NA,NA,NA
perl-Perl-Critic-More,NA,P1,Sreenivasulu,NA,NA,NA,NA,N,N,Built,1.003,18.azl3,1,1,perl-Perl-Critic-More-1.003-31.fc41.src.rpm,Default Initialized,Default Initialized,1.003,31.fc41,EXISTS_IN_EXT,1.003,N,0,Sreenivasulu,NA,NA,NA,NA,NA
perl-Perl-Destruct-Level,NA,P1,Sreenivasulu,NA,NA,NA,NA,Revisit No Bld Ver,Revisit No Bld Ver,Not Found,Not Found,Not Found,1,1,perl-Perl-Destruct-Level-0.02-41.fc41.src.rpm,Default Initialized,Default Initialized,0.02,41.fc41,MOVED_TO_CORE,Not Found,N,0,Sreenivasulu,NA,NA,NA,NA,NA
perl-Perl-MinimumVersion,NA,P1,Sreenivasulu,NA,NA,NA,NA,Y,Y,Built,1.38,25.azl3,1,1,perl-Perl-MinimumVersion-1.40-13.fc41.src.rpm,Default Initialized,Default Initialized,1.40,13.fc41,EXISTS_IN_EXT,1.38,N,0,Sreenivasulu,NA,NA,NA,NA,NA
perl-Perl4-CoreLibs,NA,P1,Sreenivasulu,NA,NA,NA,NA,Y,Y,Built,0.004,11.azl3,1,1,perl-Perl4-CoreLibs-0.005-5.fc41.src.rpm,Default Initialized,Default Initialized,0.005,5.fc41,EXISTS_IN_EXT,0.004,N,0,Sreenivasulu,NA,NA,NA,NA,NA
perl-PerlIO-gzip,NA,NA,NA,NA,NA,NA,NA,N,N,Built,0.20,12.azl3,1,1,perl-PerlIO-gzip-0.20-27.fc41.src.rpm,Default Initialized,Default Initialized,0.20,27.fc41,EXISTS_IN_EXT,0.20,Y,1,nan,NOT_FOUND,NA,NA,NA,NA
perl-PerlIO-utf8_strict,NA,New P0,Sumit,12776,https://github.com/microsoft/azurelinux/pull/12776,OPEN,2025-03-04T13:22:35Z,Y,Y,Built,0.007,12.azl3,1,1,perl-PerlIO-utf8_strict-0.010-8.fc41.src.rpm,Default Initialized,Default Initialized,0.010,8.fc41,EXISTS_IN_EXT,0.007,Y,1,nan,NOT_FOUND,NA,NA,https://github.com/SumitJenaHCL/azurelinux.git,topic_perl-PerlIO-utf8_strict
perl-PkgConfig-LibPkgConf,NA,P1,Sumit,NA,NA,NA,NA,N,N,Failed,0.11,2.azl3,1,1,perl-PkgConfig-LibPkgConf-0.11-22.fc41.src.rpm,Default Initialized,Default Initialized,0.11,22.fc41,EXISTS_IN_EXT,0.11,Y,1,Sumit,NOT_FOUND,NA,NA,NA,NA
perl-Pod-Coverage-TrustPod,NA,New P0,Sumit,12777,https://github.com/microsoft/azurelinux/pull/12777,OPEN,2025-03-04T13:23:50Z,Y,Y,Built,0.100005,9.azl3,1,1,perl-Pod-Coverage-TrustPod-0.100006-6.fc41.src.,Default Initialized,Default Initialized,0.100006,6.fc41.src.,EXISTS_IN_EXT,0.100005,Y,1,nan,NOT_FOUND,NA,NA,https://github.com/SumitJenaHCL/azurelinux.git,topic_perl-Pod-Coverage-TrustPod
perl-Pod-Escapes,NA,NA,NA,NA,NA,NA,NA,N,N,Built,1.07,443.azl3,1,1,perl-Pod-Escapes-1.07-511.fc41.src.rpm,Default Initialized,Default Initialized,1.07,511.fc41,EXISTS_IN_EXT,1.07,Y,1,nan,NOT_FOUND,NA,NA,NA,NA
perl-Pod-Eventual,NA,New P0,Sumit,12797,https://github.com/microsoft/azurelinux/pull/12797,OPEN,2025-03-04T18:21:18Z,Y,Y,Built,0.094001,17.azl3,1,1,perl-Pod-Eventual-0.094003-6.fc41.src.rpm,Default Initialized,Default Initialized,0.094003,6.fc41,EXISTS_IN_EXT,0.094001,Y,1,nan,NOT_FOUND,NA,NA,https://github.com/SumitJenaHCL/azurelinux.git,topic_perl-Pod-Eventual
perl-Pod-LaTeX,NA,NA,NA,NA,NA,NA,NA,N,N,Built,0.61,309.azl3,1,1,perl-Pod-LaTeX-0.61-323.fc41.src.rpm,Default Initialized,Default Initialized,0.61,323.fc41,EXISTS_IN_EXT,0.61,Y,1,nan,NOT_FOUND,NA,NA,NA,NA
perl-Pod-Markdown,NA,New P0,Sumit,12798,https://github.com/microsoft/azurelinux/pull/12798,OPEN,2025-03-04T18:22:50Z,Y,Y,Built,3.200,4.azl3,1,1,perl-Pod-Markdown-3.400-4.fc41.src.rpm,Default Initialized,Default Initialized,3.400,4.fc41,EXISTS_IN_EXT,3.200,Y,1,nan,NOT_FOUND,NA,NA,https://github.com/SumitJenaHCL/azurelinux.git,topic_perl-Pod-Markdown
perl-Pod-POM,NA,NA,NA,NA,NA,NA,NA,N,N,Built,2.01,16.azl3,1,1,perl-Pod-POM-2.01-28.fc41.src.rpm,Default Initialized,Default Initialized,2.01,28.fc41,EXISTS_IN_EXT,2.01,Y,1,nan,NOT_FOUND,NA,NA,NA,NA
perl-Pod-Plainer,NA,NA,NA,NA,NA,NA,NA,N,N,Built,1.04,15.azl3,1,1,perl-Pod-Plainer-1.04-28.fc41.src.rpm,Default Initialized,Default Initialized,1.04,28.fc41,EXISTS_IN_EXT,1.04,Y,1,nan,NOT_FOUND,NA,NA,NA,NA
perl-Pod-Spell,NA,New P0,Sumit,12799,https://github.com/microsoft/azurelinux/pull/12799,OPEN,2025-03-04T18:24:07Z,Y,Y,Built,1.20,15.azl3,1,1,perl-Pod-Spell-1.26-5.fc41.src.rpm,Default Initialized,Default Initialized,1.26,5.fc41,EXISTS_IN_EXT,1.20,Y,1,nan,NOT_FOUND,NA,NA,https://github.com/SumitJenaHCL/azurelinux.git,topic_perl-Pod-Spell
perl-Probe-Perl,NA,NA,NA,NA,NA,NA,NA,N,N,Built,0.03,18.azl3,1,1,perl-Probe-Perl-0.03-31.fc41.src.rpm,Default Initialized,Default Initialized,0.03,31.fc41,EXISTS_IN_EXT,0.03,Y,1,nan,NOT_FOUND,NA,NA,NA,NA
perl-Razor-Agent,NA,P0,Sreenivasulu,11603,https://github.com/microsoft/azurelinux/pull/11603,MERGED,2024-12-20T16:58:56Z,Y,Y,Failed,2.85,37.azl3,1,1,perl-Razor-Agent-2.86-12.fc41.src.rpm,Default Initialized,Default Initialized,2.86,12.fc41,EXISTS_IN_EXT,2.85,Y,1,Sreenivasulu,https://github.com/microsoft/azurelinux/pull/11603,NA,NA,https://github.com/v-smalavathu/azurelinux1.git,topic_perl-Razor-Agent
perl-Readonly,NA,P1,Sreenivasulu,NA,NA,NA,NA,N,N,Built,2.05,12.azl3,1,1,perl-Readonly-2.05-27.fc41.src.rpm,Default Initialized,Default Initialized,2.05,27.fc41,EXISTS_IN_EXT,2.05,N,0,Sreenivasulu,NA,NA,NA,NA,NA
perl-Readonly-XS,NA,NA,NA,NA,NA,NA,NA,N,N,Built,1.05,37.azl3,1,1,perl-Readonly-XS-1.05-52.fc41.src.rpm,Default Initialized,Default Initialized,1.05,52.fc41,EXISTS_IN_EXT,1.05,Y,1,nan,NOT_FOUND,NA,NA,NA,NA
perl-Ref-Util,NA,P1,Sreenivasulu,NA,NA,NA,NA,N,N,Built,0.204,8.azl3,1,1,perl-Ref-Util-0.204-21.fc41.src.rpm,Default Initialized,Default Initialized,0.204,21.fc41,EXISTS_IN_EXT,0.204,N,0,Sreenivasulu,NA,NA,NA,NA,NA
perl-Ref-Util-XS,NA,P1,Sreenivasulu,NA,NA,NA,NA,N,N,Built,0.117,9.azl3,1,1,perl-Ref-Util-XS-0.117-24.fc41.src.rpm,Default Initialized,Default Initialized,0.117,24.fc41,EXISTS_IN_EXT,0.117,N,0,Sreenivasulu,NA,NA,NA,NA,NA
perl-Regexp-Pattern-Perl,NA,P0,Sreenivasulu,11482,https://github.com/microsoft/azurelinux/pull/11482,MERGED,2024-12-17T03:19:01Z,Y,Y,Built,0.006,2.azl3,1,1,perl-Regexp-Pattern-Perl-0.007-6.fc41.src.rpm,Default Initialized,Default Initialized,0.007,6.fc41,EXISTS_IN_EXT,0.006,Y,1,Sreenivasulu,https://github.com/microsoft/azurelinux/pull/11482,NA,NA,https://github.com/v-smalavathu/azurelinux1.git,topic_perl-Regexp-Pattern-Perl
perl-Return-MultiLevel,NA,P0,Sreenivasulu,11496,https://github.com/microsoft/azurelinux/pull/11496,OPEN,2024-12-17T15:39:10Z,Y,Y,Built,0.05,10.azl3,1,1,perl-Return-MultiLevel-0.08-9.fc41.src.rpm,Default Initialized,Default Initialized,0.08,9.fc41,EXISTS_IN_EXT,0.05,Y,1,Sreenivasulu,NA,NA,NA,https://github.com/v-smalavathu/azurelinux1.git,topic_perl-Return-MultiLevel
perl-Role-Tiny,NA,P0,Sreenivasulu,11499,https://github.com/microsoft/azurelinux/pull/11499,OPEN,2024-12-17T17:49:32Z,Y,Y,Built,2.001004,3.azl3,1,1,perl-Role-Tiny-2.002004-12.fc41.src.rpm,Default Initialized,Default Initialized,2.002004,12.fc41,EXISTS_IN_EXT,2.001004,Y,1,Sreenivasulu,NA,NA,NA,https://github.com/v-smalavathu/azurelinux1.git,topic_perl-Role-Tiny
perl-SGMLSpm,NA,NA,NA,NA,NA,NA,NA,Revisit Ver Compare,Revisit Ver Compare,Built,1.03ii,49.azl3,1,1,perl-SGMLSpm-1.03ii-63.fc41.src.rpm,Default Initialized,Default Initialized,1.03ii,63.fc41,EXISTS_IN_EXT,1.03ii,Y,1,nan,NOT_FOUND,NA,NA,NA,NA
perl-SNMP_Session,NA,P0,Sreenivasulu,11616,https://github.com/microsoft/azurelinux/pull/11616,OPEN,2024-12-20T18:54:36Z,Y,Y,Built,1.13,24.azl3,1,1,perl-SNMP_Session-1.16-5.fc41.src.rpm,Default Initialized,Default Initialized,1.16,5.fc41,EXISTS_IN_EXT,1.13,Y,1,Sreenivasulu,https://github.com/microsoft/azurelinux/pull/11616,NA,NA,https://github.com/v-smalavathu/azurelinux1.git,topic_perl-SNMP_Session
perl-SUPER,NA,P1,Sreenivasulu,NA,NA,NA,NA,Revisit No Bld Ver,Revisit No Bld Ver,Not Found,Not Found,Not Found,1,1,perl-SUPER-1.20190531-18.fc41.src.rpm,Default Initialized,Default Initialized,1.20190531,18.fc41,MOVED_TO_CORE,Not Found,N,0,Sreenivasulu,NA,NA,NA,NA,NA
perl-Scope-Guard,NA,NA,NA,NA,NA,NA,NA,N,N,Built,0.21,14.azl3,1,1,perl-Scope-Guard-0.21-28.fc41.src.rpm,Default Initialized,Default Initialized,0.21,28.fc41,EXISTS_IN_EXT,0.21,Y,1,nan,NOT_FOUND,NA,NA,NA,NA
perl-Scope-Upper,NA,P0,Sreenivasulu,11502,https://github.com/microsoft/azurelinux/pull/11502,OPEN,2024-12-17T18:30:25Z,Y,Y,Built,0.32,4.azl3,1,1,perl-Scope-Upper-0.34-7.fc41.src.rpm,Default Initialized,Default Initialized,0.34,7.fc41,EXISTS_IN_EXT,0.32,Y,1,Sreenivasulu,https://github.com/microsoft/azurelinux/pull/11502,NA,NA,https://github.com/v-smalavathu/azurelinux1.git,topic_perl-Scope-Upper
perl-Socket6,NA,NA,NA,NA,NA,NA,NA,N,N,Built,0.29,6.azl3,1,1,perl-Socket6-0.29-23.fc41.src.rpm,Default Initialized,Default Initialized,0.29,23.fc41,EXISTS_IN_EXT,0.29,Y,1,nan,NOT_FOUND,NA,NA,NA,NA
perl-Software-License,NA,New P0,Sumit,12800,https://github.com/microsoft/azurelinux/pull/12800,OPEN,2025-03-04T18:25:17Z,Y,Y,Built,0.103014,7.azl3,1,1,perl-Software-License-0.104006-2.fc41.src.rpm,Default Initialized,Default Initialized,0.104006,2.fc41,EXISTS_IN_EXT,0.103014,Y,1,nan,NOT_FOUND,NA,NA,https://github.com/SumitJenaHCL/azurelinux.git,topic_perl-Software-License
perl-Sort-Versions,NA,NA,NA,NA,NA,NA,NA,N,N,Built,1.62,15.azl3,1,1,perl-Sort-Versions-1.62-28.fc41.src.rpm,Default Initialized,Default Initialized,1.62,28.fc41,EXISTS_IN_EXT,1.62,Y,1,nan,NOT_FOUND,NA,NA,NA,NA
perl-Specio,NA,P1,Sumit,NA,NA,NA,NA,Y,Y,Built,0.46,2.azl3,1,1,perl-Specio-0.48-7.fc41.src.rpm,Default Initialized,Default Initialized,0.48,7.fc41,EXISTS_IN_EXT,0.46,N,0,Sumit,NA,NA,NA,NA,NA
perl-Spiffy,NA,NA,NA,NA,NA,NA,NA,N,N,Built,0.46,17.azl3,1,1,perl-Spiffy-0.46-31.fc41.src.rpm,Default Initialized,Default Initialized,0.46,31.fc41,EXISTS_IN_EXT,0.46,Y,1,nan,NOT_FOUND,NA,NA,NA,NA
perl-String-CRC32,NA,P0,Sreenivasulu,11503,https://github.com/microsoft/azurelinux/pull/11503,MERGED,2024-12-17T19:04:27Z,Y,Y,Built,1.8,3.azl3,1,1,perl-String-CRC32-2.100-13.fc41.src.rpm,Default Initialized,Default Initialized,2.100,13.fc41,EXISTS_IN_EXT,1.8,Y,1,Sreenivasulu,NA,NA,NA,https://github.com/v-smalavathu/azurelinux1.git,topic_perl-String-CRC32
perl-String-Format,NA,NA,NA,NA,NA,NA,NA,N,N,Built,1.18,8.azl3,1,1,perl-String-Format-1.18-20.fc41.src.rpm,Default Initialized,Default Initialized,1.18,20.fc41,EXISTS_IN_EXT,1.18,Y,1,nan,NOT_FOUND,NA,NA,NA,NA
perl-String-Similarity,NA,NA,NA,NA,NA,NA,NA,N,N,Built,1.04,29.azl3,1,1,perl-String-Similarity-1.04-43.fc41.src.rpm,Default Initialized,Default Initialized,1.04,43.fc41,EXISTS_IN_EXT,1.04,Y,1,nan,NOT_FOUND,NA,NA,NA,NA
perl-Sub-Exporter,NA,P1,Sumit,NA,NA,NA,NA,Revisit No Bld Ver,Revisit No Bld Ver,Not Found,Not Found,Not Found,1,1,perl-Sub-Exporter-0.991-4.fc41.src.rpm,Default Initialized,Default Initialized,0.991,4.fc41,MOVED_TO_CORE,Not Found,N,0,Sumit,NA,NA,NA,NA,NA
perl-Sub-Exporter-Progressive,NA,P1,Sumit,NA,NA,NA,NA,Revisit No Bld Ver,Revisit No Bld Ver,Not Found,Not Found,Not Found,1,1,perl-Sub-Exporter-Progressive-0.001013-25.fc41.,Default Initialized,Default Initialized,0.001013,25.fc41.,MOVED_TO_CORE,Not Found,N,0,Sumit,NA,NA,NA,NA,NA
perl-Sub-Identify,NA,P1,Sumit,NA,NA,NA,NA,Revisit No Bld Ver,Revisit No Bld Ver,Not Found,Not Found,Not Found,1,1,perl-Sub-Identify-0.14-28.fc41.src.rpm,Default Initialized,Default Initialized,0.14,28.fc41,MOVED_TO_CORE,Not Found,N,0,Sumit,NA,NA,NA,NA,NA
perl-Sub-Info,NA,NA,NA,NA,NA,NA,NA,N,N,Built,0.002,12.azl3,1,1,perl-Sub-Info-0.002-25.fc41.src.rpm,Default Initialized,Default Initialized,0.002,25.fc41,EXISTS_IN_EXT,0.002,Y,1,nan,NOT_FOUND,NA,NA,NA,NA
perl-Sub-Install,NA,P1,Sumit,NA,NA,NA,NA,Revisit No Bld Ver,Revisit No Bld Ver,Not Found,Not Found,Not Found,1,1,perl-Sub-Install-0.929-6.fc41.src.rpm,Default Initialized,Default Initialized,0.929,6.fc41,MOVED_TO_CORE,Not Found,N,0,Sumit,NA,NA,NA,NA,NA
perl-Sub-Quote,NA,P1,Sumit,NA,NA,NA,NA,Revisit No Bld Ver,Revisit No Bld Ver,Not Found,Not Found,Not Found,1,1,perl-Sub-Quote-2.006008-6.fc41.src.rpm,Default Initialized,Default Initialized,2.006008,6.fc41,MOVED_TO_CORE,Not Found,N,0,Sumit,NA,NA,NA,NA,NA
perl-Sub-Uplevel,NA,NA,NA,NA,NA,NA,NA,N,N,Built,0.2800,12.azl3,1,1,perl-Sub-Uplevel-0.2800-23.fc41.src.rpm,Default Initialized,Default Initialized,0.2800,23.fc41,EXISTS_IN_EXT,0.2800,Y,1,nan,NOT_FOUND,NA,NA,NA,NA
perl-Switch,NA,NA,NA,NA,NA,NA,NA,N,N,Built,2.17,17.azl3,1,1,perl-Switch-2.17-31.fc41.src.rpm,Default Initialized,Default Initialized,2.17,31.fc41,EXISTS_IN_EXT,2.17,Y,1,nan,NOT_FOUND,NA,NA,NA,NA
perl-Syntax-Highlight-Engine-Kate,NA,CP_batch1,Sumit,NA,NA,NA,NA,N,N,Built,0.14,10.azl3,1,1,perl-Syntax-Highlight-Engine-Kate-0.14-21.fc41.,Default Initialized,Default Initialized,0.14,21.fc41.,EXISTS_IN_EXT,0.14,N,0,Sumit,NA,NA,NA,NA,NA
perl-Sys-CPU,NA,NA,NA,NA,NA,NA,NA,N,N,Built,0.61,22.azl3,1,1,perl-Sys-CPU-0.61-38.fc41.src.rpm,Default Initialized,Default Initialized,0.61,38.fc41,EXISTS_IN_EXT,0.61,Y,1,nan,NOT_FOUND,NA,NA,NA,NA
perl-Sys-MemInfo,NA,NA,NA,NA,NA,NA,NA,N,N,Built,0.99,13.azl3,1,1,perl-Sys-MemInfo-0.99-29.fc41.src.rpm,Default Initialized,Default Initialized,0.99,29.fc41,EXISTS_IN_EXT,0.99,Y,1,nan,NOT_FOUND,NA,NA,NA,NA
perl-Taint-Runtime,NA,NA,NA,NA,NA,NA,NA,N,N,Built,0.03,39.azl3,1,1,perl-Taint-Runtime-0.03-54.fc41.src.rpm,Default Initialized,Default Initialized,0.03,54.fc41,EXISTS_IN_EXT,0.03,Y,1,nan,NOT_FOUND,NA,NA,NA,NA
perl-Task-Weaken,NA,NA,NA,NA,NA,NA,NA,N,N,Built,1.06,8.azl3,1,1,perl-Task-Weaken-1.06-20.fc41.src.rpm,Default Initialized,Default Initialized,1.06,20.fc41,EXISTS_IN_EXT,1.06,Y,1,nan,NOT_FOUND,NA,NA,NA,NA
perl-Term-Size-Any,NA,NA,NA,NA,NA,NA,NA,N,N,Built,0.002,31.azl3,1,1,perl-Term-Size-Any-0.002-43.fc41.src.rpm,Default Initialized,Default Initialized,0.002,43.fc41,EXISTS_IN_EXT,0.002,Y,1,nan,NOT_FOUND,NA,NA,NA,NA
perl-Term-Size-Perl,NA,NA,NA,NA,NA,NA,NA,N,N,Built,0.031,8.azl3,1,1,perl-Term-Size-Perl-0.031-20.fc41.src.rpm,Default Initialized,Default Initialized,0.031,20.fc41,EXISTS_IN_EXT,0.031,Y,1,nan,NOT_FOUND,NA,NA,NA,NA
perl-Term-Table,NA,P1,Sumit,NA,NA,NA,NA,Y,Y,Built,0.015,4.azl3,1,1,perl-Term-Table-0.022-1.fc41.src.rpm,Default Initialized,Default Initialized,0.022,1.fc41,EXISTS_IN_EXT,0.015,N,0,Sumit,NA,NA,NA,NA,NA
perl-Term-UI,NA,New P0,Sumit,12801,https://github.com/microsoft/azurelinux/pull/12801,OPEN,2025-03-04T18:26:42Z,Y,Y,Built,0.46,16.azl3,1,1,perl-Term-UI-0.50-12.fc41.src.rpm,Default Initialized,Default Initialized,0.50,12.fc41,EXISTS_IN_EXT,0.46,Y,1,nan,NOT_FOUND,NA,NA,https://github.com/SumitJenaHCL/azurelinux.git,topic_perl-Term-UI
perl-TermReadKey,NA,NA,NA,NA,NA,NA,NA,N,N,Built,2.38,7.azl3,1,1,perl-TermReadKey-2.38-23.fc41.src.rpm,Default Initialized,Default Initialized,2.38,23.fc41,EXISTS_IN_EXT,2.38,Y,1,nan,NOT_FOUND,NA,NA,NA,NA
perl-Test-Base,NA,NA,NA,NA,NA,NA,NA,N,N,Built,0.89,8.azl3,1,1,perl-Test-Base-0.89-20.fc41.src.rpm,Default Initialized,Default Initialized,0.89,20.fc41,EXISTS_IN_EXT,0.89,Y,1,nan,NOT_FOUND,NA,NA,NA,NA
perl-Test-CPAN-Meta,NA,NA,NA,NA,NA,NA,NA,N,N,Built,0.25,21.azl3,1,1,perl-Test-CPAN-Meta-0.25-37.fc41.src.rpm,Default Initialized,Default Initialized,0.25,37.fc41,EXISTS_IN_EXT,0.25,Y,1,nan,NOT_FOUND,NA,NA,NA,NA
perl-Test-CPAN-Meta-JSON,NA,NA,NA,NA,NA,NA,NA,N,N,Built,0.16,17.azl3,1,1,perl-Test-CPAN-Meta-JSON-0.16-29.fc41.src.rpm,Default Initialized,Default Initialized,0.16,29.fc41,EXISTS_IN_EXT,0.16,Y,1,nan,NOT_FOUND,NA,NA,NA,NA
perl-Test-ClassAPI,NA,NA,NA,NA,NA,NA,NA,N,N,Built,1.07,11.azl3,1,1,perl-Test-ClassAPI-1.07-28.fc41.src.rpm,Default Initialized,Default Initialized,1.07,28.fc41,EXISTS_IN_EXT,1.07,Y,1,nan,NOT_FOUND,NA,NA,NA,NA
perl-Test-Differences,NA,New P0,Sumit,12802,https://github.com/microsoft/azurelinux/pull/12802,OPEN,2025-03-04T18:27:57Z,Y,Y,Built,0.6700,5.azl3,1,1,perl-Test-Differences-0.7100-4.fc41.src.rpm,Default Initialized,Default Initialized,0.7100,4.fc41,EXISTS_IN_EXT,0.6700,Y,1,nan,NOT_FOUND,NA,NA,https://github.com/SumitJenaHCL/azurelinux.git,topic_perl-Test-Differences
perl-Test-DistManifest,NA,NA,NA,NA,NA,NA,NA,N,N,Built,1.014,17.azl3,1,1,perl-Test-DistManifest-1.014-31.fc41.src.rpm,Default Initialized,Default Initialized,1.014,31.fc41,EXISTS_IN_EXT,1.014,Y,1,nan,NOT_FOUND,NA,NA,NA,NA
perl-Test-Distribution,NA,P1,Sumit,NA,NA,NA,NA,N,N,Built,2.00,34.azl3,1,1,perl-Test-Distribution-2.00-47.fc41.src.rpm,Default Initialized,Default Initialized,2.00,47.fc41,EXISTS_IN_EXT,2.00,N,0,Sumit,NA,NA,NA,NA,NA
perl-Test-EOL,NA,P0,Sreenivasulu,11525,https://github.com/microsoft/azurelinux/pull/11525,MERGED,2024-12-18T19:08:33Z,Y,Y,Built,2.00,12.azl3,1,1,perl-Test-EOL-2.02-12.fc41.src.rpm,Default Initialized,Default Initialized,2.02,12.fc41,EXISTS_IN_EXT,2.00,Y,1,Sreenivasulu,https://github.com/microsoft/azurelinux/pull/11525,NA,NA,https://github.com/v-smalavathu/azurelinux1.git,topic_perl-Test-EOL
perl-Test-Exception,NA,NA,NA,NA,NA,NA,NA,N,N,Built,0.43,14.azl3,1,1,perl-Test-Exception-0.43-27.fc41.src.rpm,Default Initialized,Default Initialized,0.43,27.fc41,EXISTS_IN_EXT,0.43,Y,1,nan,NOT_FOUND,NA,NA,NA,NA
perl-Test-Exit,NA,NA,NA,NA,NA,NA,NA,N,N,Built,0.11,9.azl3,1,1,perl-Test-Exit-0.11-21.fc41.src.rpm,Default Initialized,Default Initialized,0.11,21.fc41,EXISTS_IN_EXT,0.11,Y,1,nan,NOT_FOUND,NA,NA,NA,NA
perl-Test-FailWarnings,NA,NA,NA,NA,NA,NA,NA,N,N,Built,0.008,20.azl3,1,1,perl-Test-FailWarnings-0.008-34.fc41.src.rpm,Default Initialized,Default Initialized,0.008,34.fc41,EXISTS_IN_EXT,0.008,Y,1,nan,NOT_FOUND,NA,NA,NA,NA
perl-Test-File,NA,P0,Sreenivasulu,11530,https://github.com/microsoft/azurelinux/pull/11530,MERGED,2024-12-18T20:49:02Z,Y,Y,Built,1.44.3,12.azl3,1,1,perl-Test-File-1.99.3-7.fc41.src.rpm,Default Initialized,Default Initialized,1.99.3,7.fc41,EXISTS_IN_EXT,1.44.3,Y,1,Sreenivasulu,https://github.com/microsoft/azurelinux/pull/11530,NA,NA,https://github.com/v-smalavathu/azurelinux1.git,topic_perl-Test-File
perl-Test-File-ShareDir,NA,P1,Sumit,NA,NA,NA,NA,N,N,Built,1.001002,11.azl3,1,1,perl-Test-File-ShareDir-1.001002-23.fc41.src.rp,Default Initialized,Default Initialized,1.001002,23.fc41.src.rp,EXISTS_IN_EXT,1.001002,N,0,Sumit,NA,NA,NA,NA,NA
perl-Test-Harness,NA,P0,Sreenivasulu,11558,https://github.com/microsoft/azurelinux/pull/11558,OPEN,2024-12-19T19:32:53Z,Y,Y,Built,3.42,444.azl3,1,1,perl-Test-Harness-3.50-1.fc41.src.rpm,Default Initialized,Default Initialized,3.50,1.fc41,EXISTS_IN_EXT,3.42,Y,1,Sreenivasulu,https://github.com/microsoft/azurelinux/pull/11558,NA,NA,https://github.com/v-smalavathu/azurelinux1.git,topic_perl-Test-Harness
perl-Test-HasVersion,NA,NA,NA,NA,NA,NA,NA,N,N,Built,0.014,14.azl3,1,1,perl-Test-HasVersion-0.014-27.fc41.src.rpm,Default Initialized,Default Initialized,0.014,27.fc41,EXISTS_IN_EXT,0.014,Y,1,nan,NOT_FOUND,NA,NA,NA,NA
perl-Test-InDistDir,NA,NA,NA,NA,NA,NA,NA,N,N,Built,1.112071,13.azl3,1,1,perl-Test-InDistDir-1.112071-25.fc41.src.rpm,Default Initialized,Default Initialized,1.112071,25.fc41,EXISTS_IN_EXT,1.112071,Y,1,nan,NOT_FOUND,NA,NA,NA,NA
perl-Test-Inter,NA,P0,Sreenivasulu,11580,https://github.com/microsoft/azurelinux/pull/11580,OPEN,2024-12-20T00:38:29Z,Y,Y,Built,1.09,5.azl3,1,1,perl-Test-Inter-1.11-2.fc41.src.rpm,Default Initialized,Default Initialized,1.11,2.fc41,EXISTS_IN_EXT,1.09,Y,1,Sreenivasulu,https://github.com/microsoft/azurelinux/pull/11580,NA,NA,https://github.com/v-smalavathu/azurelinux1.git,topic_perl-Test-Inter
perl-Test-LongString,NA,NA,NA,NA,NA,NA,NA,N,N,Built,0.17,17.azl3,1,1,perl-Test-LongString-0.17-30.fc41.src.rpm,Default Initialized,Default Initialized,0.17,30.fc41,EXISTS_IN_EXT,0.17,Y,1,nan,NOT_FOUND,NA,NA,NA,NA
perl-Test-Manifest,NA,P0,Sreenivasulu,11627,https://github.com/microsoft/azurelinux/pull/11627,MERGED,2024-12-20T23:11:02Z,Y,Y,Built,2.021,8.azl3,1,1,perl-Test-Manifest-2.024-4.fc41.src.rpm,Default Initialized,Default Initialized,2.024,4.fc41,EXISTS_IN_EXT,2.021,Y,1,Sreenivasulu,https://github.com/microsoft/azurelinux/pull/11627,NA,NA,https://github.com/v-smalavathu/azurelinux1.git,topic_perl-Test-Manifest
perl-Test-Memory-Cycle,NA,NA,NA,NA,NA,NA,NA,Revisit No Bld Ver,Revisit No Bld Ver,Not Found,Not Found,Not Found,1,1,perl-Test-Memory-Cycle-1.06-27.fc41.src.rpm,Default Initialized,Default Initialized,1.06,27.fc41,MOVED_TO_CORE,Not Found,N,0,nan,NOT_FOUND,NA,NA,NA,NA
perl-Test-MinimumVersion,NA,NA,NA,NA,NA,NA,NA,Y,Y,Built,0.101082,15.azl3,1,1,perl-Test-MinimumVersion-0.101083-6.fc41.src.rp,Default Initialized,Default Initialized,0.101083,6.fc41.src.rp,EXISTS_IN_EXT,0.101082,N,0,nan,NOT_FOUND,NA,NA,NA,NA
perl-Test-MockObject,NA,NA,NA,NA,NA,NA,NA,N,N,Built,1.20200122,3.azl3,1,1,perl-Test-MockObject-1.20200122-15.fc41.src.rpm,Default Initialized,Default Initialized,1.20200122,15.fc41,EXISTS_IN_EXT,1.20200122,Y,1,nan,NOT_FOUND,NA,NA,NA,NA
perl-Test-MockRandom,NA,NA,NA,NA,NA,NA,NA,N,N,Built,1.01,12.azl3,1,1,perl-Test-MockRandom-1.01-24.fc41.src.rpm,Default Initialized,Default Initialized,1.01,24.fc41,EXISTS_IN_EXT,1.01,Y,1,nan,NOT_FOUND,NA,NA,NA,NA
perl-Test-NoTabs,NA,NA,NA,NA,NA,NA,NA,N,N,Built,2.02,9.azl3,1,1,perl-Test-NoTabs-2.02-21.fc41.src.rpm,Default Initialized,Default Initialized,2.02,21.fc41,EXISTS_IN_EXT,2.02,Y,1,nan,NOT_FOUND,NA,NA,NA,NA
perl-Test-Object,NA,NA,NA,NA,NA,NA,NA,N,N,Built,0.08,9.azl3,1,1,perl-Test-Object-0.08-21.fc41.src.rpm,Default Initialized,Default Initialized,0.08,21.fc41,EXISTS_IN_EXT,0.08,Y,1,nan,NOT_FOUND,NA,NA,NA,NA
perl-Test-Output,NA,NA,NA,NA,NA,NA,NA,Revisit No Bld Ver,Revisit No Bld Ver,Not Found,Not Found,Not Found,1,1,perl-Test-Output-1.03.4-5.fc41.src.rpm,Default Initialized,Default Initialized,1.03.4,5.fc41,MOVED_TO_CORE,Not Found,N,0,nan,NOT_FOUND,NA,NA,NA,NA
perl-Test-Portability-Files,NA,NA,NA,NA,NA,NA,NA,N,N,Built,0.10,7.azl3,1,1,perl-Test-Portability-Files-0.10-19.fc41.src.rp,Default Initialized,Default Initialized,0.10,19.fc41.src.rp,EXISTS_IN_EXT,0.10,Y,1,nan,NOT_FOUND,NA,NA,NA,NA
perl-Test-Requires,NA,NA,NA,NA,NA,NA,NA,Revisit No Bld Ver,Revisit No Bld Ver,Not Found,Not Found,Not Found,1,1,perl-Test-Requires-0.11-15.fc41.src.rpm,Default Initialized,Default Initialized,0.11,15.fc41,MOVED_TO_CORE,Not Found,N,0,nan,NOT_FOUND,NA,NA,NA,NA
perl-Test-RequiresInternet,NA,NA,NA,NA,NA,NA,NA,N,N,Built,0.05,17.azl3,1,1,perl-Test-RequiresInternet-0.05-29.fc41.src.rpm,Default Initialized,Default Initialized,0.05,29.fc41,EXISTS_IN_EXT,0.05,Y,1,nan,NOT_FOUND,NA,NA,NA,NA
perl-Test-Script,NA,NA,NA,NA,NA,NA,NA,Y,Y,Built,1.26,3.azl3,1,1,perl-Test-Script-1.29-12.fc41.src.rpm,Default Initialized,Default Initialized,1.29,12.fc41,EXISTS_IN_EXT,1.26,N,0,nan,NOT_FOUND,NA,NA,NA,NA
perl-Test-Simple,NA,NA,NA,NA,NA,NA,NA,Y,Y,Built,1.302174,4.azl3,1,1,perl-Test-Simple-1.302204-1.fc41.src.rpm,Default Initialized,Default Initialized,1.302204,1.fc41,EXISTS_IN_EXT,1.302174,N,0,nan,NOT_FOUND,NA,NA,NA,NA
perl-Test-SubCalls,NA,NA,NA,NA,NA,NA,NA,N,N,Built,1.10,9.azl3,1,1,perl-Test-SubCalls-1.10-21.fc41.src.rpm,Default Initialized,Default Initialized,1.10,21.fc41,EXISTS_IN_EXT,1.10,Y,1,nan,NOT_FOUND,NA,NA,NA,NA
perl-Test-Synopsis,NA,P0,Sreenivasulu,11634,https://github.com/microsoft/azurelinux/pull/11634,MERGED,2024-12-21T04:16:39Z,Y,Y,Built,0.16,7.azl3,1,1,perl-Test-Synopsis-0.17-11.fc41.src.rpm,Default Initialized,Default Initialized,0.17,11.fc41,EXISTS_IN_EXT,0.16,Y,1,Sreenivasulu,https://github.com/microsoft/azurelinux/pull/11690,NA,NA,https://github.com/v-smalavathu/azurelinux1.git,topic_perl-Test-Synopsis
perl-Test-Taint,NA,NA,NA,NA,NA,NA,NA,Revisit No Bld Ver,Revisit No Bld Ver,Not Found,Not Found,Not Found,1,1,perl-Test-Taint-1.08-19.fc41.src.rpm,Default Initialized,Default Initialized,1.08,19.fc41,MOVED_TO_CORE,Not Found,N,0,nan,NOT_FOUND,NA,NA,NA,NA
perl-Test-TrailingSpace,NA,NA,NA,NA,NA,NA,NA,Y,Y,Built,0.0302,4.azl3,1,1,perl-Test-TrailingSpace-0.0601-10.fc41.src.rpm,Default Initialized,Default Initialized,0.0601,10.fc41,EXISTS_IN_EXT,0.0302,N,0,nan,NOT_FOUND,NA,NA,NA,NA
perl-Test-Vars,NA,NA,NA,NA,NA,NA,NA,Revisit No Dnld Ver,Revisit No Dnld Ver,Built,0.014,15.azl3,0,0,Default Initialized,Default Initialized,Default Initialized,Not Found,Not Found,EXISTS_IN_EXT,0.014,N,0,nan,NOT_FOUND,NA,NA,NA,NA
perl-Test-Warn,NA,New P0,Sumit,12803,https://github.com/microsoft/azurelinux/pull/12803,OPEN,2025-03-04T18:29:25Z,Y,Y,Built,0.36,9.azl3,1,1,perl-Test-Warn-0.37-6.fc41.src.rpm,Default Initialized,Default Initialized,0.37,6.fc41,EXISTS_IN_EXT,0.36,Y,1,nan,NOT_FOUND,NA,NA,https://github.com/SumitJenaHCL/azurelinux.git,topic_perl-Test-Warn
perl-Test-Without-Module,NA,NA,NA,NA,NA,NA,NA,Revisit No Bld Ver,Revisit No Bld Ver,Not Found,Not Found,Not Found,1,1,perl-Test-Without-Module-0.22-2.fc41.src.rpm,Default Initialized,Default Initialized,0.22,2.fc41,MOVED_TO_CORE,Not Found,N,0,nan,NOT_FOUND,NA,NA,NA,NA
perl-Test-utf8,NA,CP_batch1,Archana,NA,NA,NA,NA,N,N,Built,1.02,3.azl3,1,1,perl-Test-utf8-1.02-15.fc41.src.rpm,Default Initialized,Default Initialized,1.02,15.fc41,EXISTS_IN_EXT,1.02,N,0,nan,NOT_FOUND,NA,NA,NA,NA
perl-Test2-Plugin-NoWarnings,NA,NA,NA,NA,NA,NA,NA,Y,Y,Built,0.08,3.azl3,1,1,perl-Test2-Plugin-NoWarnings-0.10-2.fc41.src.rp,Default Initialized,Default Initialized,0.10,2.fc41.src.rp,EXISTS_IN_EXT,0.08,N,0,nan,NOT_FOUND,NA,NA,NA,NA
perl-Test2-Suite,perl-Test-Simple,NA,NA,NA,NA,NA,NA,Y,Y,Built,0.000130,2.azl3,1,1,perl-Test-Simple-1.302204-1.fc41.src.rpm,Default Initialized,Default Initialized,1.302204,1.fc41,EXISTS_IN_EXT,0.000130,N,0,nan,NOT_FOUND,NA,NA,NA,NA
perl-Test2-Tools-Explain,NA,NA,NA,NA,NA,NA,NA,N,N,Built,0.02,4.azl3,1,1,perl-Test2-Tools-Explain-0.02-16.fc41.src.rpm,Default Initialized,Default Initialized,0.02,16.fc41,EXISTS_IN_EXT,0.02,N,0,nan,NOT_FOUND,NA,NA,NA,NA
perl-Text-CSV_XS,NA,New P0,Sumit,12804,https://github.com/microsoft/azurelinux/pull/12804,OPEN,2025-03-04T18:31:18Z,Y,Y,Built,1.41,2.azl3,1,1,perl-Text-CSV_XS-1.56-1.fc41.src.rpm,Default Initialized,Default Initialized,1.56,1.fc41,EXISTS_IN_EXT,1.41,Y,1,nan,NOT_FOUND,NA,NA,https://github.com/SumitJenaHCL/azurelinux.git,topic_perl-Text-CSV_XS
perl-Text-CharWidth,NA,NA,NA,NA,NA,NA,NA,N,N,Built,0.04,40.azl3,1,1,perl-Text-CharWidth-0.04-55.fc41.src.rpm,Default Initialized,Default Initialized,0.04,55.fc41,EXISTS_IN_EXT,0.04,Y,1,nan,NOT_FOUND,NA,NA,NA,NA
perl-Text-Diff,NA,NA,NA,NA,NA,NA,NA,N,N,Built,1.45,9.azl3,1,1,perl-Text-Diff-1.45-22.fc41.src.rpm,Default Initialized,Default Initialized,1.45,22.fc41,EXISTS_IN_EXT,1.45,Y,1,nan,NOT_FOUND,NA,NA,NA,NA
perl-Text-Glob,NA,NA,NA,NA,NA,NA,NA,N,N,Built,0.11,11.azl3,1,1,perl-Text-Glob-0.11-24.fc41.src.rpm,Default Initialized,Default Initialized,0.11,24.fc41,EXISTS_IN_EXT,0.11,Y,1,nan,NOT_FOUND,NA,NA,NA,NA
perl-Text-Iconv,NA,NA,NA,NA,NA,NA,NA,N,N,Built,1.7,39.azl3,1,1,perl-Text-Iconv-1.7-53.fc41.src.rpm,Default Initialized,Default Initialized,1.7,53.fc41,EXISTS_IN_EXT,1.7,Y,1,nan,NOT_FOUND,NA,NA,NA,NA
perl-Text-Soundex,NA,NA,NA,NA,NA,NA,NA,N,N,Built,3.05,16.azl3,1,1,perl-Text-Soundex-3.05-32.fc41.src.rpm,Default Initialized,Default Initialized,3.05,32.fc41,EXISTS_IN_EXT,3.05,Y,1,nan,NOT_FOUND,NA,NA,NA,NA
perl-Text-Unidecode,NA,NA,NA,NA,NA,NA,NA,N,N,Built,1.30,12.azl3,1,1,perl-Text-Unidecode-1.30-25.fc41.src.rpm,Default Initialized,Default Initialized,1.30,25.fc41,EXISTS_IN_EXT,1.30,Y,1,nan,NOT_FOUND,NA,NA,NA,NA
perl-Text-WrapI18N,NA,NA,NA,NA,NA,NA,NA,N,N,Built,0.06,37.azl3,1,1,perl-Text-WrapI18N-0.06-50.fc41.src.rpm,Default Initialized,Default Initialized,0.06,50.fc41,EXISTS_IN_EXT,0.06,Y,1,nan,NOT_FOUND,NA,NA,NA,NA
perl-Tie-IxHash,NA,NA,NA,NA,NA,NA,NA,N,N,Built,1.23,22.azl3,1,1,perl-Tie-IxHash-1.23-39.fc41.src.rpm,Default Initialized,Default Initialized,1.23,39.fc41,EXISTS_IN_EXT,1.23,Y,1,nan,NOT_FOUND,NA,NA,NA,NA
perl-Tree-DAG_Node,NA,New P0,Sumit,12805,https://github.com/microsoft/azurelinux/pull/12805,OPEN,2025-03-04T18:32:46Z,Y,Y,Built,1.31,8.azl3,1,1,perl-Tree-DAG_Node-1.32-11.fc41.src.rpm,Default Initialized,Default Initialized,1.32,11.fc41,EXISTS_IN_EXT,1.31,Y,1,nan,NOT_FOUND,NA,NA,https://github.com/SumitJenaHCL/azurelinux.git,topic_perl-Tree-DAG_Node
perl-UNIVERSAL-can,NA,NA,NA,NA,NA,NA,NA,N,N,Built,1.20140328,17.azl3,1,1,perl-UNIVERSAL-can-1.20140328-28.fc41.src.rpm,Default Initialized,Default Initialized,1.20140328,28.fc41,EXISTS_IN_EXT,1.20140328,Y,1,nan,NOT_FOUND,NA,NA,NA,NA
perl-UNIVERSAL-isa,NA,NA,NA,NA,NA,NA,NA,N,N,Built,1.20171012,9.azl3,1,1,perl-UNIVERSAL-isa-1.20171012-20.fc41.src.rpm,Default Initialized,Default Initialized,1.20171012,20.fc41,EXISTS_IN_EXT,1.20171012,Y,1,nan,NOT_FOUND,NA,NA,NA,NA
perl-Unicode-EastAsianWidth,NA,NA,NA,NA,NA,NA,NA,N,N,Failed,12.0,4.azl3,1,1,perl-Unicode-EastAsianWidth-12.0-15.fc41.src.rp,Default Initialized,Default Initialized,12.0,15.fc41.src.rp,EXISTS_IN_EXT,12.0,N,0,nan,NOT_FOUND,NA,NA,NA,NA
perl-Unicode-LineBreak,NA,NA,NA,NA,NA,NA,NA,N,N,Built,2019.001,7.azl3,1,1,perl-Unicode-LineBreak-2019.001-22.fc41.src.rpm,Default Initialized,Default Initialized,2019.001,22.fc41,EXISTS_IN_EXT,2019.001,N,0,nan,NOT_FOUND,NA,NA,NA,NA
perl-Unicode-Map8,NA,NA,NA,NA,NA,NA,NA,N,N,Built,0.13,35.azl3,1,1,perl-Unicode-Map8-0.13-49.fc41.src.rpm,Default Initialized,Default Initialized,0.13,49.fc41,EXISTS_IN_EXT,0.13,Y,1,nan,NOT_FOUND,NA,NA,NA,NA
perl-Unicode-String,NA,NA,NA,NA,NA,NA,NA,N,N,Built,2.10,14.azl3,1,1,perl-Unicode-String-2.10-28.fc41.src.rpm,Default Initialized,Default Initialized,2.10,28.fc41,EXISTS_IN_EXT,2.10,Y,1,nan,NOT_FOUND,NA,NA,NA,NA
perl-Unicode-UTF8,NA,NA,NA,NA,NA,NA,NA,N,N,Built,0.62,13.azl3,1,1,perl-Unicode-UTF8-0.62-26.fc41.src.rpm,Default Initialized,Default Initialized,0.62,26.fc41,EXISTS_IN_EXT,0.62,N,0,nan,NOT_FOUND,NA,NA,NA,NA
perl-Unix-Syslog,NA,NA,NA,NA,NA,NA,NA,N,N,Built,1.1,36.azl3,1,1,perl-Unix-Syslog-1.1-51.fc41.src.rpm,Default Initialized,Default Initialized,1.1,51.fc41,EXISTS_IN_EXT,1.1,Y,1,nan,NOT_FOUND,NA,NA,NA,NA
perl-Variable-Magic,NA,P0,Sumit,11554,https://github.com/microsoft/azurelinux/pull/11554,OPEN,2024-12-19T19:26:32Z,Y,Y,Built,0.62,10.azl3,1,1,perl-Variable-Magic-0.64-3.fc41.src.rpm,Default Initialized,Default Initialized,0.64,3.fc41,EXISTS_IN_EXT,0.62,Y,1,Sumit,https://github.com/microsoft/azurelinux/pull/11554,NA,NA,https://github.com/SumitJenaHCL/azurelinux.git,topic_perl-Variable-Magic
perl-Version-Requirements,NA,P0,Sumit,NA,NA,NA,NA,N,N,Built,0.101023,16.azl3,1,1,perl-Version-Requirements-0.101023-29.fc41.src.,Default Initialized,Default Initialized,0.101023,29.fc41.src.,EXISTS_IN_EXT,:Requirements,Y,1,Sumit,https://github.com/microsoft/azurelinux/pull/11555,NA,NA,NA,NA
perl-XML-Catalog,NA,P0,Sumit,NA,NA,NA,NA,N,N,Built,1.03,18.azl3,1,1,perl-XML-Catalog-1.03-31.fc41.src.rpm,Default Initialized,Default Initialized,1.03,31.fc41,EXISTS_IN_EXT,Not Found,Y,1,Sumit,https://github.com/microsoft/azurelinux/pull/11556,NA,NA,NA,NA
perl-XML-DOM,NA,NA,NA,NA,NA,NA,NA,N,N,Built,1.46,11.azl3,1,1,perl-XML-DOM-1.46-25.fc41.src.rpm,Default Initialized,Default Initialized,1.46,25.fc41,EXISTS_IN_EXT,1.46,Y,1,nan,NOT_FOUND,NA,NA,NA,NA
perl-XML-Dumper,NA,NA,NA,NA,NA,NA,NA,N,N,Built,0.81,37.azl3,1,1,perl-XML-Dumper-0.81-50.fc41.src.rpm,Default Initialized,Default Initialized,0.81,50.fc41,EXISTS_IN_EXT,0.81,Y,1,nan,NOT_FOUND,NA,NA,NA,NA
perl-XML-Filter-BufferText,NA,NA,NA,NA,NA,NA,NA,N,N,Built,1.01,36.azl3,1,1,perl-XML-Filter-BufferText-1.01-48.fc41.src.rpm,Default Initialized,Default Initialized,1.01,48.fc41,EXISTS_IN_EXT,1.01,Y,1,nan,NOT_FOUND,NA,NA,NA,NA
perl-XML-Generator,NA,New P0,Sumit,12806,https://github.com/microsoft/azurelinux/pull/12806,OPEN,2025-03-04T18:33:58Z,Y,Y,Built,1.04,25.azl3,1,1,perl-XML-Generator-1.13-5.fc41.src.rpm,Default Initialized,Default Initialized,1.13,5.fc41,EXISTS_IN_EXT,1.04,Y,1,nan,NOT_FOUND,NA,NA,https://github.com/SumitJenaHCL/azurelinux.git,topic_perl-XML-Generator
perl-XML-Grove,NA,NA,NA,NA,NA,NA,NA,N,N,Built,0.46,2.azl3,1,1,perl-XML-Grove-0.46-0.23.alpha.fc41.src.rpm,Default Initialized,Default Initialized,0.46,0.23.alpha.fc41,EXISTS_IN_EXT,0.46,Y,1,nan,NOT_FOUND,NA,NA,NA,NA
perl-XML-Handler-YAWriter,NA,NA,NA,NA,NA,NA,NA,N,N,Built,0.23,37.azl3,1,1,perl-XML-Handler-YAWriter-0.23-50.fc41.src.rpm,Default Initialized,Default Initialized,0.23,50.fc41,EXISTS_IN_EXT,0.23,Y,1,nan,NOT_FOUND,NA,NA,NA,NA
perl-XML-LibXSLT,NA,NA,NA,NA,NA,NA,NA,Y,Y,Built,1.99,4.azl3,1,1,perl-XML-LibXSLT-2.003.000-2.fc41.src.rpm,Default Initialized,Default Initialized,2.003.000,2.fc41,EXISTS_IN_EXT,1.99,N,0,nan,NOT_FOUND,NA,NA,NA,NA
perl-XML-Parser-Lite,NA,NA,NA,NA,NA,NA,NA,N,N,Built,0.722,6.azl3,1,1,perl-XML-Parser-Lite-0.722-19.fc41.src.rpm,Default Initialized,Default Initialized,0.722,19.fc41,EXISTS_IN_EXT,0.722,Y,1,nan,NOT_FOUND,NA,NA,NA,NA
perl-XML-RegExp,NA,NA,NA,NA,NA,NA,NA,N,N,Built,0.04,21.azl3,1,1,perl-XML-RegExp-0.04-34.fc41.src.rpm,Default Initialized,Default Initialized,0.04,34.fc41,EXISTS_IN_EXT,0.04,Y,1,nan,NOT_FOUND,NA,NA,NA,NA
perl-XML-SAX-Writer,NA,NA,NA,NA,NA,NA,NA,N,N,Built,0.57,9.azl3,1,1,perl-XML-SAX-Writer-0.57-21.fc41.src.rpm,Default Initialized,Default Initialized,0.57,21.fc41,EXISTS_IN_EXT,0.57,Y,1,nan,NOT_FOUND,NA,NA,NA,NA
perl-XML-Simple,NA,NA,NA,NA,NA,NA,NA,N,N,Built,2.25,8.azl3,1,1,perl-XML-Simple-2.25-21.fc41.src.rpm,Default Initialized,Default Initialized,2.25,21.fc41,EXISTS_IN_EXT,2.25,Y,1,nan,NOT_FOUND,NA,NA,NA,NA
perl-XML-TokeParser,NA,NA,NA,NA,NA,NA,NA,N,N,Built,0.05,32.azl3,1,1,perl-XML-TokeParser-0.05-45.fc41.src.rpm,Default Initialized,Default Initialized,0.05,45.fc41,EXISTS_IN_EXT,0.05,Y,1,nan,NOT_FOUND,NA,NA,NA,NA
perl-XML-TreeBuilder,NA,NA,NA,NA,NA,NA,NA,N,N,Built,5.4,18.azl3,1,1,perl-XML-TreeBuilder-5.4-30.fc41.src.rpm,Default Initialized,Default Initialized,5.4,30.fc41,EXISTS_IN_EXT,5.4,Y,1,nan,NOT_FOUND,NA,NA,NA,NA
perl-XML-Twig,NA,NA,NA,NA,NA,NA,NA,N,N,Built,3.52,13.azl3,1,1,perl-XML-Twig-3.52-26.fc41.src.rpm,Default Initialized,Default Initialized,3.52,26.fc41,EXISTS_IN_EXT,3.52,Y,1,nan,NOT_FOUND,NA,NA,NA,NA
perl-XML-Writer,NA,P0,Sumit,11557,https://github.com/microsoft/azurelinux/pull/11557,OPEN,2024-12-19T19:32:25Z,Y,Y,Built,0.625,17.azl3,1,1,perl-XML-Writer-0.900-15.fc41.src.rpm,Default Initialized,Default Initialized,0.900,15.fc41,EXISTS_IN_EXT,0.625,Y,1,Sumit,NA,NA,NA,https://github.com/SumitJenaHCL/azurelinux.git,topic_perl-XML-Writer
perl-XML-XPathEngine,NA,NA,NA,NA,NA,NA,NA,N,N,Built,0.14,18.azl3,1,1,perl-XML-XPathEngine-0.14-31.fc41.src.rpm,Default Initialized,Default Initialized,0.14,31.fc41,EXISTS_IN_EXT,0.14,Y,1,nan,NOT_FOUND,NA,NA,NA,NA
perl-XString,NA,P0,Sumit,11559,https://github.com/microsoft/azurelinux/pull/11559,OPEN,2024-12-19T19:33:55Z,Y,Y,Built,0.002,4.azl3,1,1,perl-XString-0.005-14.fc41.src.rpm,Default Initialized,Default Initialized,0.005,14.fc41,EXISTS_IN_EXT,0.002,Y,1,Sumit,https://github.com/microsoft/azurelinux/pull/11559,NA,NA,https://github.com/SumitJenaHCL/azurelinux.git,topic_perl-XString
perl-YAML-LibYAML,NA,P0,Sumit,11560,https://github.com/microsoft/azurelinux/pull/11560,OPEN,2024-12-19T19:36:43Z,Y,Y,Built,0.81,3.azl3,1,1,perl-YAML-LibYAML-0.902.0-1.fc41.src.rpm,Default Initialized,Default Initialized,0.902.0,1.fc41,EXISTS_IN_EXT,0.81,Y,1,Sumit,https://github.com/microsoft/azurelinux/pull/11560,NA,NA,https://github.com/SumitJenaHCL/azurelinux.git,topic_perl-YAML-LibYAML
perl-YAML-PP,NA,NA,NA,NA,NA,NA,NA,Y,Y,Failed,0.031,2.azl3,1,1,perl-YAML-PP-0.38.0-2.fc41.src.rpm,Default Initialized,Default Initialized,0.38.0,2.fc41,EXISTS_IN_EXT,0.031,N,0,nan,NOT_FOUND,NA,NA,NA,NA
perl-YAML-Syck,NA,New P0,Sumit,12807,https://github.com/microsoft/azurelinux/pull/12807,OPEN,2025-03-04T18:35:24Z,Y,Y,Built,1.32,2.azl3,1,1,perl-YAML-Syck-1.34-14.fc41.src.rpm,Default Initialized,Default Initialized,1.34,14.fc41,EXISTS_IN_EXT,1.32,Y,1,nan,NOT_FOUND,NA,NA,https://github.com/SumitJenaHCL/azurelinux.git,Topic_perl-YAML-Syck
perl-bareword-filehandles,NA,NA,NA,NA,NA,NA,NA,Revisit No Bld Ver,Revisit No Bld Ver,Not Found,Not Found,Not Found,1,1,perl-bareword-filehandles-0.007-19.fc41.src.rpm,Default Initialized,Default Initialized,0.007,19.fc41,MOVED_TO_CORE,Not Found,N,0,nan,NOT_FOUND,NA,NA,NA,NA
perl-boolean,NA,NA,NA,NA,NA,NA,NA,N,N,Failed,0.46,17.azl3,1,1,perl-boolean-0.46-24.fc41.src.rpm,Default Initialized,Default Initialized,0.46,24.fc41,EXISTS_IN_EXT,0.46,N,0,nan,NOT_FOUND,NA,NA,NA,NA
perl-gettext,NA,NA,NA,NA,NA,NA,NA,N,N,Built,1.07,17.azl3,1,1,perl-gettext-1.07-33.fc41.src.rpm,Default Initialized,Default Initialized,1.07,33.fc41,EXISTS_IN_EXT,1.07,N,0,nan,NOT_FOUND,NA,NA,NA,NA
perl-inc-latest,NA,NA,NA,NA,NA,NA,NA,N,N,Built,0.500,18.azl3,1,1,perl-inc-latest-0.500-29.fc41.src.rpm,Default Initialized,Default Initialized,0.500,29.fc41,EXISTS_IN_EXT,0.500,Y,1,nan,NOT_FOUND,NA,NA,NA,NA
perl-indirect,NA,NA,NA,NA,NA,NA,NA,Revisit No Bld Ver,Revisit No Bld Ver,Not Found,Not Found,Not Found,1,1,perl-indirect-0.39-24.fc41.src.rpm,Default Initialized,Default Initialized,0.39,24.fc41,MOVED_TO_CORE,Not Found,N,0,nan,NOT_FOUND,NA,NA,NA,NA
perl-libnet,NA,P0,Sumit,11561,https://github.com/microsoft/azurelinux/pull/11561,OPEN,2024-12-19T19:38:24Z,Y,Y,Built,3.11,444.azl3,1,1,perl-libnet-3.15-512.fc41.src.rpm,Default Initialized,Default Initialized,3.15,512.fc41,EXISTS_IN_EXT,3.11,Y,1,Sumit,https://github.com/microsoft/azurelinux/pull/11561,NA,NA,https://github.com/SumitJenaHCL/azurelinux.git,topic_perl-libnet
perl-libxml-perl,NA,NA,NA,NA,NA,NA,NA,N,N,Built,0.08,40.azl3,1,1,perl-libxml-perl-0.08-53.fc41.src.rpm,Default Initialized,Default Initialized,0.08,53.fc41,EXISTS_IN_EXT,0.08,Y,1,nan,NOT_FOUND,NA,NA,NA,NA
perl-multidimensional,NA,NA,NA,NA,NA,NA,NA,Revisit No Bld Ver,Revisit No Bld Ver,Not Found,Not Found,Not Found,1,1,perl-multidimensional-0.014-22.fc41.src.rpm,Default Initialized,Default Initialized,0.014,22.fc41,MOVED_TO_CORE,Not Found,N,0,nan,NOT_FOUND,NA,NA,NA,NA
perl-namespace-autoclean,NA,NA,NA,NA,NA,NA,NA,N,N,Built,0.29,3.azl3,1,1,perl-namespace-autoclean-0.29-19.fc41.src.rpm,Default Initialized,Default Initialized,0.29,19.fc41,EXISTS_IN_EXT,0.29,N,0,nan,NOT_FOUND,NA,NA,NA,NA
perl-namespace-clean,NA,NA,NA,NA,NA,NA,NA,N,N,Built,0.27,15.azl3,1,1,perl-namespace-clean-0.27-27.fc41.src.rpm,Default Initialized,Default Initialized,0.27,27.fc41,EXISTS_IN_EXT,0.27,N,0,nan,NOT_FOUND,NA,NA,NA,NA
perl-prefork,NA,NA,NA,NA,NA,NA,NA,N,N,Built,1.05,6.azl3,1,1,perl-prefork-1.05-19.fc41.src.rpm,Default Initialized,Default Initialized,1.05,19.fc41,EXISTS_IN_EXT,1.05,N,0,nan,NOT_FOUND,NA,NA,NA,NA
perl-strictures,NA,NA,NA,NA,NA,NA,NA,Revisit No Bld Ver,Revisit No Bld Ver,Not Found,Not Found,Not Found,1,1,perl-strictures-2.000006-20.fc41.src.rpm,Default Initialized,Default Initialized,2.000006,20.fc41,MOVED_TO_CORE,Not Found,N,0,nan,NOT_FOUND,NA,NA,NA,NA
perltidy,NA,P0,Sumit,11563,https://github.com/microsoft/azurelinux/pull/11563,OPEN,2024-12-19T19:40:34Z,Y,Y,Built,20200110,3.azl3,1,1,perltidy-20240903-1.fc41.src.rpm,Default Initialized,Default Initialized,20240903,1.fc41,EXISTS_IN_EXT,20200110,Y,1,Sumit,https://github.com/microsoft/azurelinux/pull/11563,NA,NA,https://github.com/SumitJenaHCL/azurelinux.git,topic_perltidy
pesign,NA,NA,NA,NA,NA,NA,NA,Revisit No Bld Ver,Revisit No Bld Ver,Not Found,Not Found,Not Found,1,1,pesign-116-6.fc41.src.rpm,Default Initialized,Default Initialized,116,6.fc41,MOVED_TO_CORE,Not Found,N,0,nan,NOT_FOUND,NA,NA,NA,NA
phodav,NA,NA,NA,NA,NA,NA,NA,N,N,Built,3.0,6.azl3,1,1,phodav-3.0-9.fc41.src.rpm,Default Initialized,Default Initialized,3.0,9.fc41,EXISTS_IN_EXT,3.0,N,0,nan,NOT_FOUND,NA,NA,NA,NA
physfs,NA,CP_batch1,Archana,NA,NA,NA,NA,N,N,Built,3.0.2,4.azl3,1,1,physfs-3.0.2-15.fc41.src.rpm,Default Initialized,Default Initialized,3.0.2,15.fc41,EXISTS_IN_EXT,3.0.2,N,0,nan,NOT_FOUND,NA,NA,NA,NA
pinfo,NA,P0,Sumit,11564,https://github.com/microsoft/azurelinux/pull/11564,OPEN,2024-12-19T19:44:04Z,Y,Y,Built,0.6.10,26.azl3,1,1,pinfo-0.6.13-7.fc41.src.rpm,Default Initialized,Default Initialized,0.6.13,7.fc41,EXISTS_IN_EXT,0.6.10,Y,1,Sumit,NA,NA,NA,https://github.com/SumitJenaHCL/azurelinux.git,topic_pinfo
pipewire,NA,NA,NA,NA,NA,NA,NA,Y,Y,Failed,0.3.60,2.azl3,1,1,pipewire-1.2.7-1.fc41.src.rpm,Default Initialized,Default Initialized,1.2.7,1.fc41,EXISTS_IN_EXT,0.3.60,N,0,nan,NOT_FOUND,NA,NA,NA,NA
pkcs11-helper,NA,P0,Sumit,11565,https://github.com/microsoft/azurelinux/pull/11565,OPEN,2024-12-19T20:06:13Z,Y,Y,Failed,1.22,11.azl3,1,1,pkcs11-helper-1.30.0-2.fc41.src.rpm,Default Initialized,Default Initialized,1.30.0,2.fc41,EXISTS_IN_EXT,1.22,Y,1,Sumit,https://github.com/microsoft/azurelinux/pull/11565,NA,NA,https://github.com/SumitJenaHCL/azurelinux.git,topic_pkcs11-helper
plexus-pom,NA,CP_batch1,Archana,12405,https://github.com/microsoft/azurelinux/pull/12405,OPEN,2025-02-14T12:11:17Z,Revisit Ver Compare,Revisit Ver Compare,Built,5.1,2.azl3,1,1,plexus-pom-16-4.fc41.src.rpm,Default Initialized,Default Initialized,16,4.fc41,EXISTS_IN_EXT,5.1,N,0,nan,NOT_FOUND,NA,NA,https://github.com/archana25-ms/azurelinux-archana.git,topic_plexus-pom
plotutils,NA,NA,NA,NA,NA,NA,NA,N,N,Built,2.6,25.azl3,1,1,plotutils-2.6-35.fc41.src.rpm,Default Initialized,Default Initialized,2.6,35.fc41,EXISTS_IN_EXT,2.6,Y,1,nan,NOT_FOUND,NA,NA,NA,NA
pmdk-convert,NA,NA,NA,NA,NA,NA,NA,Revisit No Dnld Ver,Revisit No Dnld Ver,Built,1.7,3.azl3,0,0,Default Initialized,Default Initialized,Default Initialized,Not Found,Not Found,EXISTS_IN_EXT,1.7,N,0,nan,NOT_FOUND,NA,NA,NA,NA
pngcrush,NA,NA,NA,NA,NA,NA,NA,N,N,Failed,1.8.13,11.azl3,1,1,pngcrush-1.8.13-22.fc41.src.rpm,Default Initialized,Default Initialized,1.8.13,22.fc41,EXISTS_IN_EXT,1.8.13,N,0,nan,NOT_FOUND,NA,NA,NA,NA
pngnq,NA,NA,NA,NA,NA,NA,NA,N,N,Built,1.1,23.azl3,1,1,pngnq-1.1-35.fc41.src.rpm,Default Initialized,Default Initialized,1.1,35.fc41,EXISTS_IN_EXT,1.1,Y,1,nan,NOT_FOUND,NA,NA,NA,NA
po4a,NA,NA,NA,NA,NA,NA,NA,Y,Y,Built,0.60,2.azl3,1,1,po4a-0.73-2.fc41.src.rpm,Default Initialized,Default Initialized,0.73,2.fc41,EXISTS_IN_EXT,0.60,N,0,nan,NOT_FOUND,NA,NA,NA,NA
podman,NA,NA,NA,NA,NA,NA,NA,Y,Y,Failed,4.1.1,26.azl3,1,1,podman-5.3.1-1.fc41.src.rpm,Default Initialized,Default Initialized,5.3.1,1.fc41,EXISTS_IN_EXT,4.1.1,N,0,nan,NOT_FOUND,NA,NA,NA,NA
poetry,NA,NA,NA,NA,NA,NA,NA,Revisit No Bld Ver,Revisit No Bld Ver,Not Found,Not Found,Not Found,1,1,poetry-1.8.3-1.fc41.src.rpm,Default Initialized,Default Initialized,1.8.3,1.fc41,MOVED_TO_CORE,Not Found,N,0,nan,NOT_FOUND,NA,NA,NA,NA
polkit-pkla-compat,NA,NA,NA,NA,NA,NA,NA,N,N,Built,0.1,17.azl3,1,1,polkit-pkla-compat-0.1-29.fc41.src.rpm,Default Initialized,Default Initialized,0.1,29.fc41,EXISTS_IN_EXT,0.1,Y,1,nan,NOT_FOUND,NA,NA,NA,NA
portreserve,NA,NA,NA,NA,NA,NA,NA,N,N,Built,0.0.5,24.azl3,1,1,portreserve-0.0.5-35.fc41.src.rpm,Default Initialized,Default Initialized,0.0.5,35.fc41,EXISTS_IN_EXT,0.0.5,Y,1,nan,NOT_FOUND,NA,NA,NA,NA
potrace,NA,NA,NA,NA,NA,NA,NA,N,N,Built,1.16,3.azl3,1,1,potrace-1.16-13.fc41.src.rpm,Default Initialized,Default Initialized,1.16,13.fc41,EXISTS_IN_EXT,1.16,Y,1,nan,NOT_FOUND,NA,NA,NA,NA
powertop,NA,P0,Sumit,11608,https://github.com/microsoft/azurelinux/pull/11608,OPEN,2024-12-20T18:39:51Z,Y,Y,Built,2.13,3.azl3,1,1,powertop-2.15-9.fc41.src.rpm,Default Initialized,Default Initialized,2.15,9.fc41,EXISTS_IN_EXT,2.13,Y,1,Sumit,https://github.com/microsoft/azurelinux/pull/11608,NA,NA,https://github.com/SumitJenaHCL/azurelinux.git,topic_powertop
ppp,NA,NA,NA,NA,NA,NA,NA,Y,Y,Built,2.4.7,36.azl3,1,1,ppp-2.5.0-13.fc41.src.rpm,Default Initialized,Default Initialized,2.5.0,13.fc41,EXISTS_IN_EXT,2.4.7,N,0,nan,NOT_FOUND,NA,NA,NA,NA
pps-tools,NA,P0,Sumit,11609,https://github.com/microsoft/azurelinux/pull/11609,OPEN,2024-12-20T18:41:47Z,Y,Y,Built,1.0.2,6.azl3,1,1,pps-tools-1.0.3-9.fc41.src.rpm,Default Initialized,Default Initialized,1.0.3,9.fc41,EXISTS_IN_EXT,1.0.2,Y,1,Sumit,https://github.com/microsoft/azurelinux/pull/11609,NA,NA,https://github.com/SumitJenaHCL/azurelinux.git,topic_pps-tools
pptp,NA,NA,NA,NA,NA,NA,NA,N,N,Built,1.10.0,10.azl3,1,1,pptp-1.10.0-21.fc41.src.rpm,Default Initialized,Default Initialized,1.10.0,21.fc41,EXISTS_IN_EXT,1.10.0,Y,1,nan,NOT_FOUND,NA,NA,NA,NA
procmail,NA,P0,Sumit,11610,https://github.com/microsoft/azurelinux/pull/11610,MERGED,2024-12-20T18:43:41Z,Y,Y,Built,3.22,53.azl3,1,1,procmail-3.24-7.fc41.src.rpm,Default Initialized,Default Initialized,3.24,7.fc41,EXISTS_IN_EXT,3.22,Y,1,Sumit,https://github.com/microsoft/azurelinux/pull/11610,NA,NA,https://github.com/SumitJenaHCL/azurelinux.git,topic_procmail
proj,NA,NA,NA,NA,NA,NA,NA,Y,Y,Built,9.2.1,1.azl3,1,1,proj-9.4.1-2.fc41.src.rpm,Default Initialized,Default Initialized,9.4.1,2.fc41,EXISTS_IN_EXT,9.2.1,N,0,nan,NOT_FOUND,NA,NA,NA,NA
ps_mem,NA,P0,Sumit,11611,https://github.com/microsoft/azurelinux/pull/11611,MERGED,2024-12-20T18:45:10Z,Y,Y,Built,3.6,12.azl3,1,1,ps_mem-3.14-8.fc41.src.rpm,Default Initialized,Default Initialized,3.14,8.fc41,EXISTS_IN_EXT,3.6,Y,1,Sumit,https://github.com/microsoft/azurelinux/pull/11611,NA,NA,https://github.com/SumitJenaHCL/azurelinux.git,topic_ps_mem
psacct,NA,NA,NA,NA,NA,NA,NA,N,N,Built,6.6.4,8.azl3,1,1,psacct-6.6.4-22.fc41.src.rpm,Default Initialized,Default Initialized,6.6.4,22.fc41,EXISTS_IN_EXT,6.6.4,Y,1,nan,NOT_FOUND,NA,NA,NA,NA
psl-make-dafsa,libpsl,NA,NA,NA,NA,NA,NA,Y,Y,Built,0.21.1,2.azl3,1,1,libpsl-0.21.5-4.fc41.src.rpm,Default Initialized,Default Initialized,0.21.5,4.fc41,EXISTS_IN_EXT,0.21.1,N,0,nan,NOT_FOUND,NA,NA,NA,NA
psutils,NA,NA,NA,NA,NA,NA,NA,Y,Y,Built,1.23,20.azl3,1,1,psutils-2.10-7.fc41.src.rpm,Default Initialized,Default Initialized,2.10,7.fc41,EXISTS_IN_EXT,1.23,N,0,nan,NOT_FOUND,NA,NA,NA,NA
ptlib,NA,NA,NA,NA,NA,NA,NA,N,N,Failed,2.10.11,14.azl3,1,1,ptlib-2.10.11-18.fc41.src.rpm,Default Initialized,Default Initialized,2.10.11,18.fc41,EXISTS_IN_EXT,2.10.11,N,0,nan,NOT_FOUND,NA,NA,NA,NA
publicsuffix,NA,NA,NA,NA,NA,NA,NA,Revisit No Dnld Ver,Revisit No Dnld Ver,Built,20201026,4.azl3,0,0,Default Initialized,Default Initialized,Default Initialized,Not Found,Not Found,EXISTS_IN_EXT,20201026,N,0,nan,NOT_FOUND,NA,NA,NA,NA
publicsuffix-list,NA,New P0,Akhila,NA,NA,NA,NA,Y,Y,Built,20190417,4.azl3,1,1,publicsuffix-list-20240107-4.fc41.src.rpm,Default Initialized,Default Initialized,20240107,4.fc41,EXISTS_IN_EXT,20190417,Y,1,nan,NOT_FOUND,NA,NA,NA,NA
pulseaudio,NA,NA,NA,NA,NA,NA,NA,Y,Y,Built,16.1,2.azl3,1,1,pulseaudio-17.0-2.fc41.src.rpm,Default Initialized,Default Initialized,17.0,2.fc41,EXISTS_IN_EXT,16.1,N,0,nan,NOT_FOUND,NA,NA,NA,NA
puppet,NA,P1,Sumit,11360,https://github.com/microsoft/azurelinux/pull/11360,OPEN,2024-12-08T21:41:55Z,Y,Y,Built,7.12.1,4.azl3,1,1,puppet-8.6.0-2.fc41.src.rpm,Default Initialized,Default Initialized,8.6.0,2.fc41,EXISTS_IN_EXT,7.12.1,N,0,Sumit,NA,NA,NA,https://github.com/SumitJenaHCL/azurelinux.git,topic_puppet
pyatspi,NA,P1,Sumit,10861,https://github.com/microsoft/azurelinux/pull/10861,MERGED,2024-10-28T21:15:21Z,Y,Y,Failed,2.36.0,2.azl3,1,1,pyatspi-2.46.1-5.fc41.src.rpm,Default Initialized,Default Initialized,2.46.1,5.fc41,EXISTS_IN_EXT,2.36.0,Y,1,Sumit,https://github.com/microsoft/azurelinux/pull/10861,NA,NA,https://github.com/SumitJenaHCL/azurelinux.git,topic_pyatspi
pybind11,NA,NA,NA,NA,NA,NA,NA,Revisit No Bld Ver,Revisit No Bld Ver,Not Found,Not Found,Not Found,1,1,pybind11-2.13.6-1.fc41.src.rpm,Default Initialized,Default Initialized,2.13.6,1.fc41,MOVED_TO_CORE,Not Found,N,0,nan,NOT_FOUND,NA,NA,NA,NA
pyflakes,NA,NA,NA,NA,NA,NA,NA,Revisit No Bld Ver,Revisit No Bld Ver,Not Found,Not Found,Not Found,1,1,pyflakes-3.1.0-3.fc41.src.rpm,Default Initialized,Default Initialized,3.1.0,3.fc41,MOVED_TO_CORE,Not Found,N,0,nan,NOT_FOUND,NA,NA,NA,NA
pykickstart,NA,P0,Sumit,11612,https://github.com/microsoft/azurelinux/pull/11612,OPEN,2024-12-20T18:46:12Z,Y,Y,Built,3.36,2.azl3,1,1,pykickstart-3.58-3.fc41.src.rpm,Default Initialized,Default Initialized,3.58,3.fc41,EXISTS_IN_EXT,3.36,Y,1,Sumit,https://github.com/microsoft/azurelinux/pull/11612,NA,NA,https://github.com/SumitJenaHCL/azurelinux.git,topic_pykickstart
pylint,NA,NA,NA,NA,NA,NA,NA,Y,Y,Failed,2.4.4,4.azl3,1,1,pylint-3.3.2-1.fc41.src.rpm,Default Initialized,Default Initialized,3.3.2,1.fc41,EXISTS_IN_EXT,2.4.4,N,0,nan,NOT_FOUND,NA,NA,NA,NA
pyparted,NA,P0,Sumit,11613,https://github.com/microsoft/azurelinux/pull/11613,OPEN,2024-12-20T18:48:04Z,Y,Y,Failed,3.11.4,4.azl3,1,1,pyparted-3.13.0-7.fc41.src.rpm,Default Initialized,Default Initialized,3.13.0,7.fc41,EXISTS_IN_EXT,3.11.4,Y,1,Sumit,https://github.com/microsoft/azurelinux/pull/11613,NA,NA,https://github.com/SumitJenaHCL/azurelinux.git,topic_pyparted
pyserial,NA,P0,Sumit,11614,https://github.com/microsoft/azurelinux/pull/11614,MERGED,2024-12-20T18:49:26Z,Y,Y,Built,3.4,8.azl3,1,1,pyserial-3.5-10.fc41.src.rpm,Default Initialized,Default Initialized,3.5,10.fc41,EXISTS_IN_EXT,3.4,Y,1,Sumit,https://github.com/microsoft/azurelinux/pull/11614,NA,NA,https://github.com/SumitJenaHCL/azurelinux.git,topic_pyserial
python-CommonMark,NA,NA,NA,NA,NA,NA,NA,N,N,Built,0.9.1,3.azl3,1,1,python-CommonMark-0.9.1-17.fc41.src.rpm,Default Initialized,Default Initialized,0.9.1,17.fc41,EXISTS_IN_EXT,0.9.1,Y,1,nan,NOT_FOUND,NA,NA,NA,NA
python-IPy,NA,P0,Sumit,11615,https://github.com/microsoft/azurelinux/pull/11615,OPEN,2024-12-20T18:53:46Z,Y,Y,Built,0.81,30.azl3,1,1,python-IPy-1.01-12.fc41.src.rpm,Default Initialized,Default Initialized,1.01,12.fc41,EXISTS_IN_EXT,0.81,Y,1,Sumit,https://github.com/microsoft/azurelinux/pull/11615,NA,NA,https://github.com/SumitJenaHCL/azurelinux.git,topic_python-IPy
python-PyMySQL,NA,CP_batch1,Akhila,12271,https://github.com/microsoft/azurelinux/pull/12271,MERGED,2025-02-10T11:41:37Z,Y,Y,Built,0.9.3,3.azl3,1,1,python-PyMySQL-1.1.1-2.fc41.src.rpm,Default Initialized,Default Initialized,1.1.1,2.fc41,EXISTS_IN_EXT,0.9.3,N,0,nan,NOT_FOUND,NA,NA,https://github.com/akhila-guruju/azurelinux-test.git,topic_python-PyMySQL
python-aiodns,NA,CP_batch1,Akhila,12509,https://github.com/microsoft/azurelinux/pull/12509,DRAFT,2025-02-19T10:55:40Z,Y,Y,Failed,2.0.0,4.azl3,1,1,python-aiodns-3.2.0-1.fc41.src.rpm,Default Initialized,Default Initialized,3.2.0,1.fc41,EXISTS_IN_EXT,2.0.0,N,0,nan,NOT_FOUND,NA,NA,https://github.com/akhila-guruju/azurelinux-test.git,topic_python-aiodns
python-aiohttp,NA,NA,NA,NA,NA,NA,NA,Y,Y,Built,3.6.2,3.azl3,1,1,python-aiohttp-3.10.5-3.fc41.src.rpm,Default Initialized,Default Initialized,3.10.5,3.fc41,EXISTS_IN_EXT,3.6.2,N,0,nan,NOT_FOUND,NA,NA,NA,NA
python-alsa,NA,P0,Sumit,11617,https://github.com/microsoft/azurelinux/pull/11617,OPEN,2024-12-20T18:55:12Z,Y,Y,Failed,1.1.6,12.azl3,1,1,python-alsa-1.2.12-3.fc41.src.rpm,Default Initialized,Default Initialized,1.2.12,3.fc41,EXISTS_IN_EXT,1.1.6,Y,1,Sumit,https://github.com/microsoft/azurelinux/pull/11617,NA,NA,https://github.com/SumitJenaHCL/azurelinux.git,topic_python-alsa
python-argcomplete,NA,NA,NA,NA,NA,NA,NA,Y,Y,Built,1.10.0,7.azl3,1,1,python-argcomplete-3.5.2-1.fc41.src.rpm,Default Initialized,Default Initialized,3.5.2,1.fc41,EXISTS_IN_EXT,1.10.0,N,0,nan,NOT_FOUND,NA,NA,NA,NA
python-astroid,NA,CP_batch1,Akhila,12287,https://github.com/microsoft/azurelinux/pull/12287,OPEN,2025-02-11T07:24:38Z,Y,Y,Failed,2.3.3,8.azl3,1,1,python-astroid-3.3.6-1.fc41.src.rpm,Default Initialized,Default Initialized,3.3.6,1.fc41,EXISTS_IN_EXT,2.3.3,N,0,nan,NOT_FOUND,NA,NA,https://github.com/akhila-guruju/azurelinux-test.git,topic_python-astroid
python-augeas,NA,CP_batch1,Akhila,12351,https://github.com/microsoft/azurelinux/pull/12351,MERGED,2025-02-13T09:29:39Z,Y,Y,Built,0.5.0,20.azl3,1,1,python-augeas-1.1.0-14.fc41.src.rpm,Default Initialized,Default Initialized,1.1.0,14.fc41,EXISTS_IN_EXT,0.5.0,N,0,nan,NOT_FOUND,NA,NA,https://github.com/akhila-guruju/azurelinux-test.git,topic_python-augeas
python-azure-sdk,NA,NA,NA,NA,NA,NA,NA,Revisit No Dnld Ver,Revisit No Dnld Ver,Built,5.0.0,2.azl3,0,0,Default Initialized,Default Initialized,Default Initialized,Not Found,Not Found,EXISTS_IN_EXT,5.0.0,N,0,nan,NOT_FOUND,NA,NA,NA,NA
python-beautifulsoup4,NA,NA,NA,NA,NA,NA,NA,Y,Y,Failed,4.11.2,2.azl3,1,1,python-beautifulsoup4-4.12.3-7.fc41.src.rpm,Default Initialized,Default Initialized,4.12.3,7.fc41,EXISTS_IN_EXT,4.11.2,N,0,nan,NOT_FOUND,NA,NA,NA,NA
python-betamax,NA,P0,Sumit,11619,https://github.com/microsoft/azurelinux/pull/11619,OPEN,2024-12-20T18:56:37Z,Y,Y,Built,0.8.1,12.azl3,1,1,python-betamax-0.9.0-3.fc41.src.rpm,Default Initialized,Default Initialized,0.9.0,3.fc41,EXISTS_IN_EXT,0.8.1,Y,1,Sumit,https://github.com/microsoft/azurelinux/pull/11619,NA,NA,https://github.com/SumitJenaHCL/azurelinux.git,topic_python-betamax
python-blinker,NA,CP_batch1,Aninda,12345,https://github.com/microsoft/azurelinux/pull/12345,OPEN,2025-02-13T02:58:03Z,Y,Y,Built,1.4,10.azl3,1,1,python-blinker-1.7.0-3.fc41.src.rpm,Default Initialized,Default Initialized,1.7.0,3.fc41,EXISTS_IN_EXT,1.4,N,0,nan,NOT_FOUND,NA,NA,https://github.com/aninda-al/azurelinux-test.git,upgrade-python-blinker
python-blivet,NA,P0,Sumit,11670,https://github.com/microsoft/azurelinux/pull/11670,OPEN,2024-12-23T09:10:58Z,Y,Y,Built,3.2.2,5.azl3,1,1,python-blivet-3.11.0-3.fc41.src.rpm,Default Initialized,Default Initialized,3.11.0,3.fc41,EXISTS_IN_EXT,3.2.2,Y,1,Sumit,NA,NA,NA,https://github.com/SumitJenaHCL/azurelinux.git,topic_python-blivet
python-cheetah,NA,CP_batch1,Aninda,12381,https://github.com/microsoft/azurelinux/pull/12381,OPEN,2025-02-13T20:48:26Z,Y,Y,Built,3.2.4,4.azl3,1,1,python-cheetah-3.2.6.post1-11.fc41.src.rpm,Default Initialized,Default Initialized,3.2.6.post1,11.fc41,EXISTS_IN_EXT,3.2.4,N,0,nan,NOT_FOUND,NA,NA,https://github.com/aninda-al/azurelinux-test.git,upgrade-python-cheetah
python-cmd2,NA,P0,Sumit,11671,https://github.com/microsoft/azurelinux/pull/11671,OPEN,2024-12-23T09:12:23Z,Y,Y,Built,0.9.16,4.azl3,1,1,python-cmd2-2.4.2-8.fc41.src.rpm,Default Initialized,Default Initialized,2.4.2,8.fc41,EXISTS_IN_EXT,0.9.16,Y,1,Sumit,https://github.com/microsoft/azurelinux/pull/11671,NA,NA,https://github.com/SumitJenaHCL/azurelinux.git,topic_python-cmd2
python-colorama,NA,CP_batch1,Akhila,12627,https://github.com/microsoft/azurelinux/pull/12627,OPEN,2025-02-26T05:51:30Z,Y,Y,Built,0.4.1,6.azl3,1,1,python-colorama-0.4.6-9.fc41.src.rpm,Default Initialized,Default Initialized,0.4.6,9.fc41,EXISTS_IN_EXT,0.4.1,N,0,nan,NOT_FOUND,NA,NA,https://github.com/akhila-guruju/azurelinux-test.git,topic_python-colorama
python-configshell,NA,P0,Sumit,11672,https://github.com/microsoft/azurelinux/pull/11672,MERGED,2024-12-23T09:17:14Z,Y,Y,Built,1.1.28,3.azl3,1,1,python-configshell-1.1.30-8.fc41.src.rpm,Default Initialized,Default Initialized,1.1.30,8.fc41,EXISTS_IN_EXT,1.1.28,Y,1,Sumit,https://github.com/microsoft/azurelinux/pull/11672,NA,NA,https://github.com/SumitJenaHCL/azurelinux.git,topic_python-configshell
python-cups,NA,P0,Sumit,11673,https://github.com/microsoft/azurelinux/pull/11673,OPEN,2024-12-23T09:19:22Z,Y,Y,Built,2.0.1,2.azl3,1,1,python-cups-2.0.4-3.fc41.src.rpm,Default Initialized,Default Initialized,2.0.4,3.fc41,EXISTS_IN_EXT,2.0.1,Y,1,Sumit,https://github.com/microsoft/azurelinux/pull/11673,NA,NA,https://github.com/SumitJenaHCL/azurelinux.git,topic_python-cups
python-curio,NA,NA,NA,NA,NA,NA,NA,Revisit Ver Compare,Revisit Ver Compare,Built,1.4,5.azl3,1,1,python-curio-1.6^1.1484546-3.fc41.src.rpm,Default Initialized,Default Initialized,1.6^1.1484546,3.fc41,EXISTS_IN_EXT,1.4,N,0,nan,NOT_FOUND,NA,NA,NA,NA
python-d2to1,NA,NA,NA,NA,NA,NA,NA,N,N,Built,0.2.12,18.azl3,1,1,python-d2to1-0.2.12-33.post1.fc41.src.rpm,Default Initialized,Default Initialized,0.2.12,33.post1.fc41,EXISTS_IN_EXT,0.2.12,Y,1,nan,NOT_FOUND,NA,NA,NA,NA
python-dbus-client-gen,NA,P0,Akhila,11674,https://github.com/microsoft/azurelinux/pull/11674,MERGED,2024-12-23T09:22:08Z,Y,Y,Built,0.4,7.azl3,1,1,python-dbus-client-gen-0.5.1-8.fc41.src.rpm,Default Initialized,Default Initialized,0.5.1,8.fc41,EXISTS_IN_EXT,0.4,Y,1,Akhila,https://github.com/microsoft/azurelinux/pull/11674,NA,NA,https://github.com/akhila-guruju/azurelinux-test.git,topic_python-dbus-client-gen
python-dbus-python-client-gen,NA,P0,Akhila,11676,https://github.com/microsoft/azurelinux/pull/11676,MERGED,2024-12-23T10:21:01Z,Y,Y,Built,0.7,9.azl3,1,1,python-dbus-python-client-gen-0.8.3-7.fc41.src.,Default Initialized,Default Initialized,0.8.3,7.fc41.src.,EXISTS_IN_EXT,0.7,Y,1,Akhila,https://github.com/microsoft/azurelinux/pull/11676,Bala,Dev Approved,https://github.com/akhila-guruju/azurelinux-test.git,topic_python-dbus-python-client-gen
python-dbus-signature-pyparsing,NA,P0,Akhila,11668,https://github.com/microsoft/azurelinux/pull/11668,MERGED,2024-12-23T06:03:14Z,Y,Y,Built,0.03,10.azl3,1,1,python-dbus-signature-pyparsing-0.4.1-9.fc41.sr,Default Initialized,Default Initialized,0.4.1,9.fc41.sr,EXISTS_IN_EXT,0.03,Y,1,Akhila,https://github.com/microsoft/azurelinux/pull/11668,Bala,Dev Approved,https://github.com/akhila-guruju/azurelinux-test.git,topic_python-dbus-signature-pyparsing
python-dbusmock,NA,NA,NA,NA,NA,NA,NA,Y,Y,Failed,0.28.7,2.azl3,1,1,python-dbusmock-0.33.0-1.fc41.src.rpm,Default Initialized,Default Initialized,0.33.0,1.fc41,EXISTS_IN_EXT,0.28.7,N,0,nan,NOT_FOUND,NA,NA,NA,NA
python-ddt,NA,NA,NA,NA,NA,NA,NA,Y,Y,Built,1.4.2,6.azl3,1,1,python-ddt-1.6.0-9.fc41.src.rpm,Default Initialized,Default Initialized,1.6.0,9.fc41,EXISTS_IN_EXT,1.4.2,N,0,nan,NOT_FOUND,NA,NA,NA,NA
python-debtcollector,NA,CP_batch1,Jagadeesh,NA,NA,NA,NA,Y,Y,Failed,1.22.0,4.azl3,1,1,python-debtcollector-3.0.0-4.fc41.src.rpm,Default Initialized,Default Initialized,3.0.0,4.fc41,EXISTS_IN_EXT,1.22.0,N,0,nan,NOT_FOUND,NA,NA,NA,NA
python-dmidecode,NA,NA,NA,NA,NA,NA,NA,Y,Y,Failed,3.12.2,20.azl3,1,1,python-dmidecode-3.12.3-9.fc41.src.rpm,Default Initialized,Default Initialized,3.12.3,9.fc41,EXISTS_IN_EXT,3.12.2,N,0,nan,NOT_FOUND,NA,NA,NA,NA
python-dns,NA,CP_batch1,Archana,12631,https://github.com/microsoft/azurelinux/pull/12631,DRAFT,2025-02-26T08:52:04Z,Y,Y,Built,2.1.0,1.azl3,1,1,python-dns-2.6.1-4.fc41.src.rpm,Default Initialized,Default Initialized,2.6.1,4.fc41,EXISTS_IN_EXT,2.1.0,N,0,nan,NOT_FOUND,NA,NA,https://github.com/archana25-ms/azurelinux-archana.git,topic_python-dns
python-dtopt,NA,NA,NA,NA,NA,NA,NA,N,N,Built,0.1,36.azl3,1,1,python-dtopt-0.1-50.fc41.src.rpm,Default Initialized,Default Initialized,0.1,50.fc41,EXISTS_IN_EXT,0.1,Y,1,nan,NOT_FOUND,NA,NA,NA,NA
python-dulwich,NA,New P0,Akhila,11980,https://github.com/microsoft/azurelinux/pull/11980,OPEN,2025-01-17T11:13:13Z,Y,Y,Built,0.19.16,2.azl3,1,1,python-dulwich-0.21.7-5.fc41.src.rpm,Default Initialized,Default Initialized,0.21.7,5.fc41,EXISTS_IN_EXT,0.19.16,Y,1,nan,NOT_FOUND,NA,NA,https://github.com/akhila-guruju/azurelinux-test.git,topic_python-dulwich
python-enchant,NA,NA,NA,NA,NA,NA,NA,N,N,Built,3.2.2,7.azl3,1,1,python-enchant-3.2.2-14.fc41.src.rpm,Default Initialized,Default Initialized,3.2.2,14.fc41,EXISTS_IN_EXT,3.2.2,Y,1,nan,NOT_FOUND,NA,NA,NA,NA
python-entrypoints,NA,CP_batch1,Akarsh,12625,https://github.com/microsoft/azurelinux/pull/12625,OPEN,2025-02-26T05:44:30Z,Y,Y,Built,0.3,6.azl3,1,1,python-entrypoints-0.4-5.fc41.src.rpm,Default Initialized,Default Initialized,0.4,5.fc41,EXISTS_IN_EXT,0.3,N,0,nan,NOT_FOUND,NA,NA,https://github.com/AkarshHCL/azurelinux.git,topic_python-entrypoint
python-evdev,NA,NA,NA,NA,NA,NA,NA,Revisit No Bld Ver,Revisit No Bld Ver,Not Found,Not Found,Not Found,1,1,python-evdev-1.7.1-2.fc41.src.rpm,Default Initialized,Default Initialized,1.7.1,2.fc41,MOVED_TO_CORE,Not Found,N,0,nan,NOT_FOUND,NA,NA,NA,NA
python-extras,NA,NA,NA,NA,NA,NA,NA,N,N,Built,1.0.0,16.azl3,1,1,python-extras-1.0.0-34.fc41.src.rpm,Default Initialized,Default Initialized,1.0.0,34.fc41,EXISTS_IN_EXT,1.0.0,N,0,nan,NOT_FOUND,NA,NA,NA,NA
python-faker,NA,NA,NA,NA,NA,NA,NA,Y,Y,Built,4.0.0,3.azl3,1,1,python-faker-28.4.1-1.fc41.src.rpm,Default Initialized,Default Initialized,28.4.1,1.fc41,EXISTS_IN_EXT,4.0.0,N,0,nan,NOT_FOUND,NA,NA,NA,NA
python-fasteners,NA,CP_batch1,Akarsh,NA,NA,NA,NA,Y,Y,Built,0.18,2.azl3,1,1,python-fasteners-0.19-9.fc41.src.rpm,Default Initialized,Default Initialized,0.19,9.fc41,EXISTS_IN_EXT,0.18,N,0,nan,NOT_FOUND,NA,NA,NA,NA
python-fixtures,NA,CP_batch1,Akarsh,12629,https://github.com/microsoft/azurelinux/pull/12629,OPEN,2025-02-26T07:11:35Z,Y,Y,Failed,3.0.0,18.azl3,1,1,python-fixtures-4.0.1-10.fc41.src.rpm,Default Initialized,Default Initialized,4.0.1,10.fc41,EXISTS_IN_EXT,3.0.0,N,0,nan,NOT_FOUND,NA,NA,https://github.com/AkarshHCL/azurelinux.git,topic_fixtures
python-flake8,NA,CP_batch1,Akarsh,NA,NA,NA,NA,Y,Y,Built,3.7.7,9.azl3,1,1,python-flake8-6.1.0-3.fc41.src.rpm,Default Initialized,Default Initialized,6.1.0,3.fc41,EXISTS_IN_EXT,3.7.7,N,0,nan,NOT_FOUND,NA,NA,NA,NA
python-flask,NA,CP_batch1,Akarsh,NA,NA,NA,NA,Y,Y,Built,1.1.1,4.azl3,1,1,python-flask-3.0.3-6.fc41.src.rpm,Default Initialized,Default Initialized,3.0.3,6.fc41,EXISTS_IN_EXT,1.1.1,N,0,nan,NOT_FOUND,NA,NA,NA,NA
python-fluidity-sm,NA,NA,NA,NA,NA,NA,NA,N,N,Built,0.2.0,21.azl3,1,1,python-fluidity-sm-0.2.0-34.fc41.src.rpm,Default Initialized,Default Initialized,0.2.0,34.fc41,EXISTS_IN_EXT,0.2.0,N,0,nan,NOT_FOUND,NA,NA,NA,NA
python-funcsigs,NA,NA,NA,NA,NA,NA,NA,N,N,Built,1.0.2,20.azl3,1,1,python-funcsigs-1.0.2-35.fc41.src.rpm,Default Initialized,Default Initialized,1.0.2,35.fc41,EXISTS_IN_EXT,1.0.2,Y,1,nan,NOT_FOUND,NA,NA,NA,NA
python-genshi,NA,CP_batch1,Akarsh,NA,NA,NA,NA,Y,Y,Built,0.7.5,4.azl3,1,1,python-genshi-0.7.9-2.fc41.src.rpm,Default Initialized,Default Initialized,0.7.9,2.fc41,EXISTS_IN_EXT,0.7.5,N,0,nan,NOT_FOUND,NA,NA,NA,NA
python-gssapi,NA,CP_batch1,Akarsh,12555,https://github.com/microsoft/azurelinux/pull/12555,OPEN,2025-02-22T14:07:39Z,Y,Y,Built,1.6.1,6.azl3,1,1,python-gssapi-1.7.3-10.fc41.src.rpm,Default Initialized,Default Initialized,1.7.3,10.fc41,EXISTS_IN_EXT,1.6.1,N,0,nan,NOT_FOUND,NA,NA,https://github.com/AkarshHCL/azurelinux.git,topic_python-gssapi
python-hs-dbus-signature,NA,NA,NA,NA,NA,NA,NA,Revisit No Dnld Ver,Revisit No Dnld Ver,Built,0.06,8.azl3,0,0,Default Initialized,Default Initialized,Default Initialized,Not Found,Not Found,EXISTS_IN_EXT,0.06,N,0,nan,NOT_FOUND,NA,NA,NA,NA
python-httplib2,NA,NA,NA,NA,NA,NA,NA,Y,Y,Built,0.20.3,3.azl3,1,1,python-httplib2-0.21.0-8.fc41.src.rpm,Default Initialized,Default Initialized,0.21.0,8.fc41,EXISTS_IN_EXT,0.20.3,N,0,nan,NOT_FOUND,NA,NA,NA,NA
python-humanize,NA,CP_batch1,Kevin,12341,https://github.com/microsoft/azurelinux/pull/12341,MERGED,2025-02-13T00:28:25Z,Y,Y,Built,0.5.1,23.azl3,1,1,python-humanize-4.9.0-2.fc41.src.rpm,Default Initialized,Default Initialized,4.9.0,2.fc41,EXISTS_IN_EXT,0.5.1,N,0,nan,NOT_FOUND,NA,NA,https://github.com/kevin-b-lockwood/azurelinux.git,kevin-b-lockwood/python-humanize-4.11.0-1
python-hwdata,NA,NA,NA,NA,NA,NA,NA,Y,Y,Failed,2.3.7,11.azl3,1,1,python-hwdata-2.4.1-1.fc41.src.rpm,Default Initialized,Default Initialized,2.4.1,1.fc41,EXISTS_IN_EXT,2.3.7,N,0,nan,NOT_FOUND,NA,NA,NA,NA
python-inotify,NA,NA,NA,NA,NA,NA,NA,N,N,Built,0.9.6,21.azl3,1,1,python-inotify-0.9.6-36.fc41.src.rpm,Default Initialized,Default Initialized,0.9.6,36.fc41,EXISTS_IN_EXT,0.9.6,Y,1,nan,NOT_FOUND,NA,NA,NA,NA
python-into-dbus-python,NA,P0,Akhila,11638,https://github.com/microsoft/azurelinux/pull/11638,MERGED,2024-12-21T11:57:34Z,Y,Y,Built,0.07,6.azl3,1,1,python-into-dbus-python-0.8.2-7.fc41.src.rpm,Default Initialized,Default Initialized,0.8.2,7.fc41,EXISTS_IN_EXT,0.07,Y,1,Akhila,https://github.com/microsoft/azurelinux/pull/11638,Bala,Dev Approved,https://github.com/akhila-guruju/azurelinux-test.git,topic_python-into-dbus-python
python-iso8601,NA,CP_batch1,Sandeep,NA,NA,NA,NA,Y,Y,Built,0.1.12,2.azl3,1,1,python-iso8601-1.1.0-8.fc41.src.rpm,Default Initialized,Default Initialized,1.1.0,8.fc41,EXISTS_IN_EXT,0.1.12,N,0,nan,NOT_FOUND,NA,NA,NA,NA
python-isodate,NA,CP_batch1,Sandeep,NA,NA,NA,NA,Y,Y,Built,0.6.0,6.azl3,1,1,python-isodate-0.6.1-13.fc41.src.rpm,Default Initialized,Default Initialized,0.6.1,13.fc41,EXISTS_IN_EXT,0.6.0,N,0,nan,NOT_FOUND,NA,NA,NA,NA
python-isort,NA,New P0,Sreenivasulu,12672,https://github.com/microsoft/azurelinux/pull/12672,MERGED,2025-02-27T23:57:52Z,Y,Y,Built,4.3.21,8.azl3,1,1,python-isort-5.13.2-5.fc41.src.rpm,Default Initialized,Default Initialized,5.13.2,5.fc41,EXISTS_IN_EXT,4.3.21,Y,1,nan,NOT_FOUND,NA,NA,https://github.com/v-smalavathu/azurelinux1.git,topic_python-isort
python-itsdangerous,NA,NA,NA,NA,NA,NA,NA,Y,Y,Built,0.24,21.azl3,1,1,python-itsdangerous-2.1.2-9.fc41.src.rpm,Default Initialized,Default Initialized,2.1.2,9.fc41,EXISTS_IN_EXT,0.24,N,0,nan,NOT_FOUND,NA,NA,NA,NA
python-justbases,NA,P0,Akhila,11594,https://github.com/microsoft/azurelinux/pull/11594,MERGED,2024-12-20T12:17:12Z,Y,Y,Built,0.9,15.azl3,1,1,python-justbases-0.15.2-9.fc41.src.rpm,Default Initialized,Default Initialized,0.15.2,9.fc41,EXISTS_IN_EXT,0.9,Y,1,Akhila,https://github.com/microsoft/azurelinux/pull/11594,Suresh,Dev Approved,https://github.com/akhila-guruju/azurelinux-test.git,topic_python-justbases
python-justbytes,NA,P0,Akhila,11597,https://github.com/microsoft/azurelinux/pull/11597,MERGED,2024-12-20T13:16:02Z,Y,Y,Built,0.11,12.azl3,1,1,python-justbytes-0.15.2-7.fc41.src.rpm,Default Initialized,Default Initialized,0.15.2,7.fc41,EXISTS_IN_EXT,0.11,Y,1,Akhila,https://github.com/microsoft/azurelinux/pull/11597,Suresh,Dev Approved,https://github.com/akhila-guruju/azurelinux-test.git,topic_python-justbytes
python-jwcrypto,NA,NA,NA,NA,NA,NA,NA,Y,Y,Built,0.6.0,9.azl3,1,1,python-jwcrypto-1.4.2-11.fc41.src.rpm,Default Initialized,Default Initialized,1.4.2,11.fc41,EXISTS_IN_EXT,0.6.0,N,0,nan,NOT_FOUND,NA,NA,NA,NA
python-kdcproxy,NA,NA,NA,NA,NA,NA,NA,Y,Y,Built,0.4.2,5.azl3,1,1,python-kdcproxy-1.0.0-17.fc41.src.rpm,Default Initialized,Default Initialized,1.0.0,17.fc41,EXISTS_IN_EXT,0.4.2,N,0,nan,NOT_FOUND,NA,NA,NA,NA
python-kerberos,NA,NA,NA,NA,NA,NA,NA,N,N,Built,1.3.0,9.azl3,1,1,python-kerberos-1.3.0-26.fc41.src.rpm,Default Initialized,Default Initialized,1.3.0,26.fc41,EXISTS_IN_EXT,1.3.0,Y,1,nan,NOT_FOUND,NA,NA,NA,NA
python-kmod,NA,P0,Akhila,11636,https://github.com/microsoft/azurelinux/pull/11636,MERGED,2024-12-21T07:24:56Z,Revisit Ver Compare,Revisit Ver Compare,Failed,0.9,28.azl3,1,1,python-kmod-0.9.2-6.fc41.src.rpm,Default Initialized,Default Initialized,0.9.2,6.fc41,EXISTS_IN_EXT,0.9,Y,1,Akhila,https://github.com/microsoft/azurelinux/pull/11636,Suresh,In Review,https://github.com/akhila-guruju/azurelinux-test.git,topic_python-kmod
python-lazy-object-proxy,NA,New P0,Sreenivasulu,NA,NA,NA,NA,Y,Y,Failed,1.4.3,4.azl3,1,1,python-lazy-object-proxy-1.10.0-5.fc41.src.rpm,Default Initialized,Default Initialized,1.10.0,5.fc41,EXISTS_IN_EXT,1.4.3,Y,1,nan,NOT_FOUND,NA,NA,NA,NA
python-ldap,NA,NA,NA,NA,NA,NA,NA,N,N,Built,3.4.4,1.azl3,1,1,python-ldap-3.4.4-6.fc41.src.rpm,Default Initialized,Default Initialized,3.4.4,6.fc41,EXISTS_IN_EXT,3.4.4,N,0,nan,NOT_FOUND,NA,NA,NA,NA
python-lit,llvm,NA,NA,NA,NA,NA,NA,Y,Y,Built,0.9.0,6.azl3,1,1,llvm-19.1.5-1.fc41.src.rpm,Default Initialized,Default Initialized,19.1.5,1.fc41,EXISTS_IN_EXT,0.9.0,N,0,nan,NOT_FOUND,NA,NA,NA,NA
python-mccabe,NA,NA,NA,NA,NA,NA,NA,Y,Y,Built,0.6.1,18.azl3,1,1,python-mccabe-0.7.0-10.fc41.src.rpm,Default Initialized,Default Initialized,0.7.0,10.fc41,EXISTS_IN_EXT,0.6.1,N,0,nan,NOT_FOUND,NA,NA,NA,NA
python-memcached,NA,NA,NA,NA,NA,NA,NA,N,N,Built,1.59,7.azl3,1,1,python-memcached-1.59-15.fc41.src.rpm,Default Initialized,Default Initialized,1.59,15.fc41,EXISTS_IN_EXT,1.59,Y,1,nan,NOT_FOUND,NA,NA,NA,NA
python-mimeparse,NA,CP_batch1,Kevin,NA,NA,NA,NA,Y,Y,Built,1.6.0,13.azl3,1,1,python-mimeparse-2.0.0-1.fc41.src.rpm,Default Initialized,Default Initialized,2.0.0,1.fc41,EXISTS_IN_EXT,1.6.0,N,0,nan,NOT_FOUND,NA,NA,NA,NA
python-monotonic,NA,NA,NA,NA,NA,NA,NA,N,N,Built,1.5,7.azl3,1,1,python-monotonic-1.5-21.fc41.src.rpm,Default Initialized,Default Initialized,1.5,21.fc41,EXISTS_IN_EXT,1.5,Y,1,nan,NOT_FOUND,NA,NA,NA,NA
python-msal,NA,CP_batch1,Kevin,NA,NA,NA,NA,Y,Y,Built,1.18.0~b1,3.azl3,1,1,python-msal-1.31.1-1.fc41.src.rpm,Default Initialized,Default Initialized,1.31.1,1.fc41,EXISTS_IN_EXT,1.18.0~b1,N,0,nan,NOT_FOUND,NA,NA,NA,NA
python-msrestazure,NA,NA,NA,NA,NA,NA,NA,N,N,Built,0.6.4,11.azl3,1,1,python-msrestazure-0.6.4-22.fc41.src.rpm,Default Initialized,Default Initialized,0.6.4,22.fc41,EXISTS_IN_EXT,0.6.4,N,0,nan,NOT_FOUND,NA,NA,NA,NA
python-mutagen,NA,CP_batch1,Archana,12517,https://github.com/microsoft/azurelinux/pull/12517,OPEN,2025-02-20T06:46:24Z,Y,Y,Failed,1.43.0,4.azl3,1,1,python-mutagen-1.47.0-5.fc41.src.rpm,Default Initialized,Default Initialized,1.47.0,5.fc41,EXISTS_IN_EXT,1.43.0,N,0,nan,NOT_FOUND,NA,NA,https://github.com/archana25-ms/azurelinux-archana.git,topic_python-mutagen
python-ntlm-auth,NA,NA,NA,NA,NA,NA,NA,N,N,Built,1.5.0,6.azl3,1,1,python-ntlm-auth-1.5.0-15.fc41.src.rpm,Default Initialized,Default Initialized,1.5.0,15.fc41,EXISTS_IN_EXT,1.5.0,Y,1,nan,NOT_FOUND,NA,NA,NA,NA
python-oauth2client,NA,NA,NA,NA,NA,NA,NA,N,N,Built,4.1.3,17.azl3,1,1,python-oauth2client-4.1.3-27.fc41.src.rpm,Default Initialized,Default Initialized,4.1.3,27.fc41,EXISTS_IN_EXT,4.1.3,N,0,nan,NOT_FOUND,NA,NA,NA,NA
python-openpyxl,NA,NA,NA,NA,NA,NA,NA,Revisit No Bld Ver,Revisit No Bld Ver,Not Found,Not Found,Not Found,1,1,python-openpyxl-3.1.2-7.fc41.src.rpm,Default Initialized,Default Initialized,3.1.2,7.fc41,MOVED_TO_CORE,Not Found,N,0,nan,NOT_FOUND,NA,NA,NA,NA
python-openstackdocstheme,NA,CP_batch1,Archana,12520,https://github.com/microsoft/azurelinux/pull/12520,MERGED,2025-02-20T10:39:58Z,Y,Y,Failed,1.29.0,8.azl3,1,1,python-openstackdocstheme-3.0.0-8.fc41.src.rpm,Default Initialized,Default Initialized,3.0.0,8.fc41,EXISTS_IN_EXT,1.29.0,N,0,nan,NOT_FOUND,NA,NA,https://github.com/archana25-ms/azurelinux-archana.git,topic_python-openstackdocstheme
python-oslo-i18n,NA,CP_batch1,Archana,12770,https://github.com/microsoft/azurelinux/pull/12770,OPEN,2025-03-04T08:44:27Z,Y,Y,Failed,5.1.0,4.azl3,1,1,python-oslo-i18n-6.3.0-5.fc41.src.rpm,Default Initialized,Default Initialized,6.3.0,5.fc41,EXISTS_IN_EXT,5.1.0,N,0,nan,NOT_FOUND,NA,NA,https://github.com/archana25-ms/azurelinux-archana.git,topic_python-oslo-i18n
python-oslo-sphinx,NA,NA,NA,NA,NA,NA,NA,Revisit No Dnld Ver,Revisit No Dnld Ver,Built,4.18.0,9.azl3,0,0,Default Initialized,Default Initialized,Default Initialized,Not Found,Not Found,EXISTS_IN_EXT,4.18.0,N,0,nan,NOT_FOUND,NA,NA,NA,NA
python-paramiko,NA,NA,NA,NA,NA,NA,NA,Y,Y,Built,2.12.0,2.azl3,1,1,python-paramiko-3.5.0-1.fc41.src.rpm,Default Initialized,Default Initialized,3.5.0,1.fc41,EXISTS_IN_EXT,2.12.0,N,0,nan,NOT_FOUND,NA,NA,NA,NA
python-podman-api,NA,CP_batch1,Archana,12519,https://github.com/microsoft/azurelinux/pull/12519,MERGED,2025-02-20T10:29:12Z,Revisit No Dnld Ver,Revisit No Dnld Ver,Failed,0.0.0,2.azl3,0,0,Default Initialized,Default Initialized,Default Initialized,Not Found,Not Found,EXISTS_IN_EXT,0.0.0,N,0,nan,NOT_FOUND,NA,NA,https://github.com/archana25-ms/azurelinux-archana.git,topic_python-podman-api
python-productmd,NA,CP_batch1,Sandeep,NA,NA,NA,NA,Y,Y,Built,1.30,2.azl3,1,1,python-productmd-1.41-2.fc41.src.rpm,Default Initialized,Default Initialized,1.41,2.fc41,EXISTS_IN_EXT,1.30,N,0,nan,NOT_FOUND,NA,NA,NA,NA
python-pycares,NA,CP_batch1,Akhila,12508,https://github.com/microsoft/azurelinux/pull/12508,OPEN,2025-02-19T10:14:35Z,Y,Y,Failed,3.1.1,3.azl3,1,1,python-pycares-4.3.0-9.fc41.src.rpm,Default Initialized,Default Initialized,4.3.0,9.fc41,EXISTS_IN_EXT,3.1.1,N,0,nan,NOT_FOUND,NA,NA,https://github.com/akhila-guruju/azurelinux-test.git,topic_python-pycares
python-pydbus,NA,NA,NA,NA,NA,NA,NA,N,N,Built,0.6.0,13.azl3,1,1,python-pydbus-0.6.0-27.fc41.src.rpm,Default Initialized,Default Initialized,0.6.0,27.fc41,EXISTS_IN_EXT,0.6.0,Y,1,nan,NOT_FOUND,NA,NA,NA,NA
python-pymongo,NA,P0,Akhila,11637,https://github.com/microsoft/azurelinux/pull/11637,OPEN,2024-12-21T11:11:17Z,Y,Y,Built,3.10.1,6.azl3,1,1,python-pymongo-4.2.0-8.fc41.src.rpm,Default Initialized,Default Initialized,4.2.0,8.fc41,EXISTS_IN_EXT,3.10.1,Y,1,Akhila,https://github.com/microsoft/azurelinux/pull/11637,NA,NA,https://github.com/akhila-guruju/azurelinux-test.git,topic_python-pymongo
python-pyperclip,NA,NA,NA,NA,NA,NA,NA,Y,Y,Failed,1.6.4,9.azl3,1,1,python-pyperclip-1.8.2-10.fc41.src.rpm,Default Initialized,Default Initialized,1.8.2,10.fc41,EXISTS_IN_EXT,1.6.4,N,0,nan,NOT_FOUND,NA,NA,NA,NA
python-pyroute2,NA,NA,NA,NA,NA,NA,NA,Revisit No Bld Ver,Revisit No Bld Ver,Not Found,Not Found,Not Found,1,1,python-pyroute2-0.7.12-4.fc41.src.rpm,Default Initialized,Default Initialized,0.7.12,4.fc41,MOVED_TO_CORE,Not Found,N,0,nan,NOT_FOUND,NA,NA,NA,NA
python-pyrsistent,NA,NA,NA,NA,NA,NA,NA,Y,Y,Built,0.17.3,3.azl3,1,1,python-pyrsistent-0.20.0-8.fc41.src.rpm,Default Initialized,Default Initialized,0.20.0,8.fc41,EXISTS_IN_EXT,0.17.3,N,0,nan,NOT_FOUND,NA,NA,NA,NA
python-pysocks,NA,NA,NA,NA,NA,NA,NA,N,N,Built,1.7.1,5.azl3,1,1,python-pysocks-1.7.1-25.fc41.src.rpm,Default Initialized,Default Initialized,1.7.1,25.fc41,EXISTS_IN_EXT,1.7.1,Y,1,nan,NOT_FOUND,NA,NA,NA,NA
python-pytest-flake8,NA,NA,NA,NA,NA,NA,NA,Revisit No Dnld Ver,Revisit No Dnld Ver,Failed,1.0.4,6.azl3,0,0,Default Initialized,Default Initialized,Default Initialized,Not Found,Not Found,EXISTS_IN_EXT,1.0.4,N,0,nan,NOT_FOUND,NA,NA,NA,NA
python-pytest-relaxed,NA,CP_batch1,Akhila,12511,https://github.com/microsoft/azurelinux/pull/12511,MERGED,2025-02-19T12:20:52Z,Y,Y,Built,2.0.0,1.azl3,1,1,python-pytest-relaxed-2.0.2-3.fc41.src.rpm,Default Initialized,Default Initialized,2.0.2,3.fc41,EXISTS_IN_EXT,2.0.0,N,0,nan,NOT_FOUND,NA,NA,https://github.com/akhila-guruju/azurelinux-test.git,topic_python-pytest-relaxed
python-pytest-runner,NA,NA,NA,NA,NA,NA,NA,N,N,Built,4.0,13.azl3,1,1,python-pytest-runner-4.0-24.fc41.src.rpm,Default Initialized,Default Initialized,4.0,24.fc41,EXISTS_IN_EXT,4.0,Y,1,nan,NOT_FOUND,NA,NA,NA,NA
python-pytest-subtests,NA,CP_batch1,Akhila,12518,https://github.com/microsoft/azurelinux/pull/12518,MERGED,2025-02-20T09:05:35Z,Y,Y,Built,0.3.1,4.azl3,1,1,python-pytest-subtests-0.12.1-3.fc41.src.rpm,Default Initialized,Default Initialized,0.12.1,3.fc41,EXISTS_IN_EXT,0.3.1,N,0,nan,NOT_FOUND,NA,NA,https://github.com/akhila-guruju/azurelinux-test.git,topic_python-pytest-subtests
python-pytest-timeout,NA,CP_batch1,Sandeep,NA,NA,NA,NA,Y,Y,Built,1.4.2,4.azl3,1,1,python-pytest-timeout-2.3.1-4.fc41.src.rpm,Default Initialized,Default Initialized,2.3.1,4.fc41,EXISTS_IN_EXT,1.4.2,N,0,nan,NOT_FOUND,NA,NA,NA,NA
python-pytoml,NA,NA,NA,NA,NA,NA,NA,Revisit No Dnld Ver,Revisit No Dnld Ver,Built,0.1.18,9.azl3,0,0,Default Initialized,Default Initialized,Default Initialized,Not Found,Not Found,EXISTS_IN_EXT,0.1.18,N,0,nan,NOT_FOUND,NA,NA,NA,NA
python-qrcode,NA,CP_batch1,Akhila,12560,https://github.com/microsoft/azurelinux/pull/12560,OPEN,2025-02-23T05:47:23Z,Y,Y,Built,6.1,6.azl3,1,1,python-qrcode-7.4.2-15.fc41.src.rpm,Default Initialized,Default Initialized,7.4.2,15.fc41,EXISTS_IN_EXT,6.1,N,0,nan,NOT_FOUND,NA,NA,https://github.com/akhila-guruju/azurelinux-test.git,topic_python-qrcode
python-rdflib,NA,CP_batch1,Akhila,12635,https://github.com/microsoft/azurelinux/pull/12635,OPEN,2025-02-26T12:36:38Z,Y,Y,Built,6.2.0,2.azl3,1,1,python-rdflib-7.0.0-5.fc41.src.rpm,Default Initialized,Default Initialized,7.0.0,5.fc41,EXISTS_IN_EXT,6.2.0,N,0,nan,NOT_FOUND,NA,NA,https://github.com/akhila-guruju/azurelinux-test.git,topic_python-rdflib
python-recommonmark,NA,New P0,Sreenivasulu,12673,https://github.com/microsoft/azurelinux/pull/12673,OPEN,2025-02-28T01:50:10Z,Y,Y,Built,0.6.0,5.azl3,1,1,python-recommonmark-0.7.1-10.git.fc41.src.rpm,Default Initialized,Default Initialized,0.7.1,10.git.fc41,EXISTS_IN_EXT,0.6.0,Y,1,nan,NOT_FOUND,NA,NA,https://github.com/v-smalavathu/azurelinux1.git,topic_python-recommonmark
python-redis,NA,NA,NA,NA,NA,NA,NA,Revisit No Bld Ver,Revisit No Bld Ver,Not Found,Not Found,Not Found,1,1,python-redis-5.2.0-1.fc41.src.rpm,Default Initialized,Default Initialized,5.2.0,1.fc41,REMOVED_FROM_BOTH,Not Found,N,0,nan,NOT_FOUND,NA,NA,NA,NA
python-requests-file,NA,CP_batch1,Akhila,12651,https://github.com/microsoft/azurelinux/pull/12651,OPEN,2025-02-27T06:47:27Z,Y,Y,Built,1.4.3,15.azl3,1,1,python-requests-file-2.0.0-4.fc41.src.rpm,Default Initialized,Default Initialized,2.0.0,4.fc41,EXISTS_IN_EXT,1.4.3,N,0,nan,NOT_FOUND,NA,NA,https://github.com/akhila-guruju/azurelinux-test.git,topic_python-requests-file
python-requests-ftp,NA,NA,NA,NA,NA,NA,NA,N,N,Built,0.3.1,19.azl3,1,1,python-requests-ftp-0.3.1-35.fc41.src.rpm,Default Initialized,Default Initialized,0.3.1,35.fc41,EXISTS_IN_EXT,0.3.1,N,0,nan,NOT_FOUND,NA,NA,NA,NA
python-requests-kerberos,NA,CP_batch1,Sumit,12337,https://github.com/microsoft/azurelinux/pull/12337,OPEN,2025-02-12T20:56:02Z,Y,Y,Built,0.12.0,11.azl3,1,1,python-requests-kerberos-0.14.0-5.fc41.src.rpm,Default Initialized,Default Initialized,0.14.0,5.fc41,EXISTS_IN_EXT,0.12.0,N,0,nan,NOT_FOUND,NA,NA,https://github.com/SumitJenaHCL/azurelinux.git,topic_python-requests-kerberos
python-requests-mock,NA,NA,NA,NA,NA,NA,NA,Y,Y,Failed,1.7.0,4.azl3,1,1,python-requests-mock-1.12.1-1.fc41.src.rpm,Default Initialized,Default Initialized,1.12.1,1.fc41,EXISTS_IN_EXT,1.7.0,N,0,nan,NOT_FOUND,NA,NA,NA,NA
python-requests-toolbelt,NA,New P0,Sreenivasulu,NA,NA,NA,NA,Y,Y,Built,0.9.1,13.azl3,1,1,python-requests-toolbelt-1.0.0-7.fc41.src.rpm,Default Initialized,Default Initialized,1.0.0,7.fc41,EXISTS_IN_EXT,0.9.1,Y,1,nan,NOT_FOUND,NA,NA,NA,NA
python-requests_ntlm,NA,NA,NA,NA,NA,NA,NA,Y,Y,Built,1.1.0,18.azl3,1,1,python-requests_ntlm-1.2.0-5.fc41.src.rpm,Default Initialized,Default Initialized,1.2.0,5.fc41,EXISTS_IN_EXT,1.1.0,N,0,nan,NOT_FOUND,NA,NA,NA,NA
python-rfc3986,NA,CP_batch1,Sumit,12465,https://github.com/microsoft/azurelinux/pull/12465,MERGED,2025-02-17T15:03:45Z,Y,Y,Failed,1.2.0,8.azl3,1,1,python-rfc3986-1.5.0-10.fc41.src.rpm,Default Initialized,Default Initialized,1.5.0,10.fc41,EXISTS_IN_EXT,1.2.0,N,0,nan,NOT_FOUND,NA,NA,https://github.com/SumitJenaHCL/azurelinux.git,topic_python-rfc3986
python-rpm-generators,NA,NA,NA,NA,NA,NA,NA,Revisit No Bld Ver,Revisit No Bld Ver,Not Found,Not Found,Not Found,1,1,python-rpm-generators-14-11.fc41.src.rpm,Default Initialized,Default Initialized,14,11.fc41,MOVED_TO_CORE,Not Found,N,0,nan,NOT_FOUND,NA,NA,NA,NA
python-rpmfluff,NA,P0,Akhila,11639,https://github.com/microsoft/azurelinux/pull/11639,MERGED,2024-12-21T13:01:57Z,Y,Y,Built,0.5.7.1,6.azl3,1,1,python-rpmfluff-0.6.5-3.fc41.src.rpm,Default Initialized,Default Initialized,0.6.5,3.fc41,EXISTS_IN_EXT,0.5.7.1,Y,1,Akhila,https://github.com/microsoft/azurelinux/pull/11639,Suresh,Dev Approved,https://github.com/akhila-guruju/azurelinux-test.git,topic_python-rpmfluff
python-rtslib,NA,P0,Akhila,11700,https://github.com/microsoft/azurelinux/pull/11700,OPEN,2024-12-24T04:55:39Z,Revisit Ver Compare,Revisit Ver Compare,Failed,2.1.fb69,9.azl3,1,1,python-rtslib-2.1.76-9.fc41.src.rpm,Default Initialized,Default Initialized,2.1.76,9.fc41,EXISTS_IN_EXT,2.1.fb69,Y,1,Akhila,NA,NA,NA,https://github.com/akhila-guruju/azurelinux-test.git,topic_python-rtslib
python-s3transfer,NA,NA,NA,NA,NA,NA,NA,Y,Y,Built,0.3.4,2.azl3,1,1,python-s3transfer-0.10.4-1.fc41.src.rpm,Default Initialized,Default Initialized,0.10.4,1.fc41,EXISTS_IN_EXT,0.3.4,N,0,nan,NOT_FOUND,NA,NA,NA,NA
python-semantic_version,NA,CP_batch1,Sumit,12476,https://github.com/microsoft/azurelinux/pull/12476,OPEN,2025-02-18T05:34:17Z,Y,Y,Failed,2.8.4,4.azl3,1,1,python-semantic_version-2.10.0-9.fc41.src.rpm,Default Initialized,Default Initialized,2.10.0,9.fc41,EXISTS_IN_EXT,2.8.4,N,0,nan,NOT_FOUND,NA,NA,https://github.com/SumitJenaHCL/azurelinux.git,topic_python-semantic_version
python-should_dsl,NA,CP_batch1,Sumit,NA,NA,NA,NA,N,N,Built,2.1.2,5.azl3,1,1,python-should_dsl-2.1.2-18.fc41.src.rpm,Default Initialized,Default Initialized,2.1.2,18.fc41,EXISTS_IN_EXT,2.1.2,N,0,nan,NOT_FOUND,NA,NA,NA,NA
python-simpleline,NA,P0,Akhila,11586,https://github.com/microsoft/azurelinux/pull/11586,DRAFT,2024-12-20T04:42:44Z,Y,Y,Built,1.6,4.azl3,1,1,python-simpleline-1.9.0-12.fc41.src.rpm,Default Initialized,Default Initialized,1.9.0,12.fc41,EXISTS_IN_EXT,1.6,Y,1,Akhila,NA,Suresh,In Review,https://github.com/akhila-guruju/azurelinux-test.git,topic_python-simpleline
python-slip,NA,NA,NA,NA,NA,NA,NA,Revisit No Dnld Ver,Revisit No Dnld Ver,Built,0.6.4,21.azl3,0,0,Default Initialized,Default Initialized,Default Initialized,Not Found,Not Found,EXISTS_IN_EXT,0.6.4,N,0,nan,NOT_FOUND,NA,NA,NA,NA
python-sniffio,NA,CP_batch1,Akhila,12290,https://github.com/microsoft/azurelinux/pull/12290,OPEN,2025-02-11T11:17:47Z,Y,Y,Built,1.1.0,11.azl3,1,1,python-sniffio-1.3.1-3.fc41.src.rpm,Default Initialized,Default Initialized,1.3.1,3.fc41,EXISTS_IN_EXT,1.1.0,N,0,nan,NOT_FOUND,NA,NA,https://github.com/akhila-guruju/azurelinux-test.git,topic_python-sniffio
python-soupsieve,NA,CP_batch1,Akarsh,12623,https://github.com/microsoft/azurelinux/pull/12623,MERGED,2025-02-26T05:21:19Z,Y,Y,Failed,1.9.2,5.azl3,1,1,python-soupsieve-2.6-2.fc41.src.rpm,Default Initialized,Default Initialized,2.6,2.fc41,EXISTS_IN_EXT,1.9.2,N,0,nan,NOT_FOUND,NA,NA,https://github.com/AkarshHCL/azurelinux.git,topic_python-soupsieve
python-sphinx-epytext,NA,NA,NA,NA,NA,NA,NA,N,N,Built,0.0.4,3.azl3,1,1,python-sphinx-epytext-0.0.4-19.fc41.src.rpm,Default Initialized,Default Initialized,0.0.4,19.fc41,EXISTS_IN_EXT,0.0.4,Y,1,nan,NOT_FOUND,NA,NA,NA,NA
python-sphinxcontrib-apidoc,NA,P0,Akhila,11635,https://github.com/microsoft/azurelinux/pull/11635,MERGED,2024-12-21T06:30:25Z,Y,Y,Failed,0.2.1,15.azl3,1,1,python-sphinxcontrib-apidoc-0.3.0-14.fc41.src.r,Default Initialized,Default Initialized,0.3.0,14.fc41.src.r,EXISTS_IN_EXT,0.2.1,Y,1,Akhila,https://github.com/microsoft/azurelinux/pull/11635,Suresh,Dev Approved,https://github.com/akhila-guruju/azurelinux-test.git,topic_python-sphinxcontrib-apidoc
python-sphinxcontrib-httpdomain,NA,NA,NA,NA,NA,NA,NA,N,N,Built,1.7.0,9.azl3,1,1,python-sphinxcontrib-httpdomain-1.7.0-24.fc41.s,Default Initialized,Default Initialized,1.7.0,24.fc41.s,EXISTS_IN_EXT,1.7.0,Y,1,nan,NOT_FOUND,NA,NA,NA,NA
python-suds,NA,CP_batch1,Archana,12318,https://github.com/microsoft/azurelinux/pull/12318,OPEN,2025-02-12T09:51:05Z,Y,Y,Built,1.0.0,2.azl3,1,1,python-suds-1.1.2-10.fc41.src.rpm,Default Initialized,Default Initialized,1.1.2,10.fc41,EXISTS_IN_EXT,1.0.0,N,0,nan,NOT_FOUND,NA,NA,https://github.com/archana25-ms/azurelinux-archana.git,topic_python-suds
python-systemd,NA,NA,NA,NA,NA,NA,NA,Y,Y,Built,234,13.azl3,1,1,python-systemd-235-11.fc41.src.rpm,Default Initialized,Default Initialized,235,11.fc41,EXISTS_IN_EXT,234,N,0,nan,NOT_FOUND,NA,NA,NA,NA
python-tempita,NA,NA,NA,NA,NA,NA,NA,N,N,Built,0.5.2,1.azl3,1,1,python-tempita-0.5.2-14.fc41.src.rpm,Default Initialized,Default Initialized,0.5.2,14.fc41,EXISTS_IN_EXT,0.5.2,Y,1,nan,NOT_FOUND,NA,NA,NA,NA
python-templated-dictionary,NA,NA,NA,NA,NA,NA,NA,Revisit No Bld Ver,Revisit No Bld Ver,Not Found,Not Found,Not Found,1,1,python-templated-dictionary-1.5-1.fc41.src.rpm,Default Initialized,Default Initialized,1.5,1.fc41,MOVED_TO_CORE,Not Found,N,0,nan,NOT_FOUND,NA,NA,NA,NA
python-testpath,NA,CP_batch1,Aninda,12310,https://github.com/microsoft/azurelinux/pull/12310,MERGED,2025-02-12T02:09:06Z,Y,Y,Built,0.5.0,4.azl3,1,1,python-testpath-0.6.0-18.fc41.src.rpm,Default Initialized,Default Initialized,0.6.0,18.fc41,EXISTS_IN_EXT,0.5.0,N,0,nan,NOT_FOUND,NA,NA,https://github.com/aninda-al/azurelinux-test.git,upgrade-python-testpath
python-testresources,NA,CP_batch1,Jagadeesh,NA,NA,NA,NA,Y,Y,Failed,1.0.0,16.azl3,1,1,python-testresources-2.0.1-16.fc41.src.rpm,Default Initialized,Default Initialized,2.0.1,16.fc41,EXISTS_IN_EXT,1.0.0,N,0,nan,NOT_FOUND,NA,NA,NA,NA
python-testscenarios,NA,CP_batch1,Jyoti,12566,https://github.com/microsoft/azurelinux/pull/12566,MERGED,2025-02-23T11:32:46Z,N,N,Failed,0.5.0,23.azl3,1,1,python-testscenarios-0.5.0-34.fc41.src.rpm,Default Initialized,Default Initialized,0.5.0,34.fc41,EXISTS_IN_EXT,0.5.0,N,0,nan,NOT_FOUND,NA,NA,https://github.com/jykanase/azurelinux.git,topic_python-testscenarios
python-testtools,NA,CP_batch1,Jyoti,12565,https://github.com/microsoft/azurelinux/pull/12565,OPEN,2025-02-23T11:09:03Z,Y,Y,Failed,2.4.0,9.azl3,1,1,python-testtools-2.7.1-7.fc41.src.rpm,Default Initialized,Default Initialized,2.7.1,7.fc41,EXISTS_IN_EXT,2.4.0,N,0,nan,NOT_FOUND,NA,NA,https://github.com/jykanase/azurelinux.git,topic_python-testtools
python-toml,NA,NA,Archana,NA,NA,NA,NA,Y,Y,Built,0.10.1,3.azl3,1,1,python-toml-0.10.2-20.fc41.src.rpm,Default Initialized,Default Initialized,0.10.2,20.fc41,EXISTS_IN_EXT,0.10.1,N,0,nan,NOT_FOUND,NA,NA,NA,NA
python-tornado,NA,CP_batch1,Sumit,12473,https://github.com/microsoft/azurelinux/pull/12473,MERGED,2025-02-18T05:27:44Z,Y,Y,Built,6.2.0,1.azl3,1,1,python-tornado-6.3.3-8.fc41.src.rpm,Default Initialized,Default Initialized,6.3.3,8.fc41,EXISTS_IN_EXT,6.2.0,N,0,nan,NOT_FOUND,NA,NA,https://github.com/SumitJenaHCL/azurelinux.git,tpoic_python-tornado
python-tox,NA,NA,Jyoti,12564,https://github.com/microsoft/azurelinux/pull/12564,OPEN,2025-02-23T10:16:02Z,Y,Y,Built,3.15.2,3.azl3,1,1,python-tox-4.23.2-1.fc41.src.rpm,Default Initialized,Default Initialized,4.23.2,1.fc41,EXISTS_IN_EXT,3.15.2,N,0,nan,NOT_FOUND,NA,NA,https://github.com/jykanase/azurelinux.git,topic_python-tox
python-trio,NA,CP_batch1,Akarsh,NA,NA,NA,NA,Y,Y,Built,0.16.0,3.azl3,1,1,python-trio-0.23.1-6.fc41.src.rpm,Default Initialized,Default Initialized,0.23.1,6.fc41,EXISTS_IN_EXT,0.16.0,N,0,nan,NOT_FOUND,NA,NA,NA,NA
python-uamqp,NA,CP_batch1,Akhila,NA,NA,NA,NA,Revisit No Dnld Ver,Revisit No Dnld Ver,Failed,1.5.1,3.azl3,0,0,Default Initialized,Default Initialized,Default Initialized,Not Found,Not Found,EXISTS_IN_EXT,1.5.1,N,0,nan,NOT_FOUND,NA,NA,NA,NA
python-unittest2,NA,NA,NA,NA,NA,NA,NA,Revisit No Dnld Ver,Revisit No Dnld Ver,Failed,1.1.0,25.azl3,0,0,Default Initialized,Default Initialized,Default Initialized,Not Found,Not Found,EXISTS_IN_EXT,1.1.0,N,0,nan,NOT_FOUND,NA,NA,NA,NA
python-uritemplate,NA,P0,Akhila,11669,https://github.com/microsoft/azurelinux/pull/11669,MERGED,2024-12-23T08:46:19Z,Y,Y,Built,3.0.0,13.azl3,1,1,python-uritemplate-4.1.1-10.fc41.src.rpm,Default Initialized,Default Initialized,4.1.1,10.fc41,EXISTS_IN_EXT,3.0.0,Y,1,Akhila,https://github.com/microsoft/azurelinux/pull/11669,Suresh,Dev Approved,https://github.com/akhila-guruju/azurelinux-test.git,topic_python-uritemplate
python-urwid,NA,CP_batch1,Jyoti,NA,NA,NA,NA,Y,Y,Built,2.1.2,2.azl3,1,1,python-urwid-2.6.14-2.fc41.src.rpm,Default Initialized,Default Initialized,2.6.14,2.fc41,EXISTS_IN_EXT,2.1.2,N,0,nan,NOT_FOUND,NA,NA,NA,NA
python-varlink,NA,P0,Akhila,11677,https://github.com/microsoft/azurelinux/pull/11677,DRAFT,2024-12-23T12:15:27Z,Y,Y,Built,30.3.0,2.azl3,1,1,python-varlink-31.0.0-11.fc41.src.rpm,Default Initialized,Default Initialized,31.0.0,11.fc41,EXISTS_IN_EXT,30.3.0,Y,1,Akhila,NA,Suresh,In Review,https://github.com/akhila-guruju/azurelinux-test.git,topic_python-varlink
python-voluptuous,NA,CP_batch1,Archana,12521,https://github.com/microsoft/azurelinux/pull/12521,OPEN,2025-02-20T17:15:08Z,Y,Y,Built,0.11.7,4.azl3,1,1,python-voluptuous-0.15.2-1.fc41.src.rpm,Default Initialized,Default Initialized,0.15.2,1.fc41,EXISTS_IN_EXT,0.11.7,N,0,nan,NOT_FOUND,NA,NA,https://github.com/archana25-ms/azurelinux-archana.git,topic_python-voluptuous
python-waitress,NA,CP_batch1,Jagadeesh,12554,https://github.com/microsoft/azurelinux/pull/12554,MERGED,2025-02-22T12:53:11Z,Y,Y,Built,1.4.4,8.azl3,1,1,python-waitress-3.0.1-1.fc41.src.rpm,Default Initialized,Default Initialized,3.0.1,1.fc41,EXISTS_IN_EXT,1.4.4,N,0,nan,NOT_FOUND,NA,NA,https://github.com/durgajagadeesh/azurelinux_djpalli.git,Topic_python-testresources
python-webencodings,NA,NA,NA,NA,NA,NA,NA,N,N,Built,0.5.1,13.azl3,1,1,python-webencodings-0.5.1-26.fc41.src.rpm,Default Initialized,Default Initialized,0.5.1,26.fc41,EXISTS_IN_EXT,0.5.1,Y,1,nan,NOT_FOUND,NA,NA,NA,NA
python-webtest,NA,NA,NA,NA,NA,NA,NA,Y,Y,Built,3.0.0,5.azl3,1,1,python-webtest-3.0.1-1.fc41.src.rpm,Default Initialized,Default Initialized,3.0.1,1.fc41,EXISTS_IN_EXT,3.0.0,N,0,nan,NOT_FOUND,NA,NA,NA,NA
python-whoosh,NA,NA,NA,NA,NA,NA,NA,N,N,Built,2.7.4,21.azl3,1,1,python-whoosh-2.7.4-33.fc41.src.rpm,Default Initialized,Default Initialized,2.7.4,33.fc41,EXISTS_IN_EXT,2.7.4,Y,1,nan,NOT_FOUND,NA,NA,NA,NA
python-winrm,NA,NA,NA,NA,NA,NA,NA,Y,Y,Built,0.4.1,6.azl3,1,1,python-winrm-0.4.3-8.fc41.src.rpm,Default Initialized,Default Initialized,0.4.3,8.fc41,EXISTS_IN_EXT,0.4.1,N,0,nan,NOT_FOUND,NA,NA,NA,NA
python-xmltodict,NA,P0,Akhila,11592,https://github.com/microsoft/azurelinux/pull/11592,MERGED,2024-12-20T10:48:07Z,Y,Y,Built,0.12.0,15.azl3,1,1,python-xmltodict-0.13.0-5.fc41.src.rpm,Default Initialized,Default Initialized,0.13.0,5.fc41,EXISTS_IN_EXT,0.12.0,Y,1,Akhila,https://github.com/microsoft/azurelinux/pull/11592,Suresh,Dev Approved,https://github.com/akhila-guruju/azurelinux-test.git,topic_python-xmltodict
python-yubico,NA,NA,NA,NA,NA,NA,NA,N,N,Built,1.3.3,9.azl3,1,1,python-yubico-1.3.3-17.fc41.src.rpm,Default Initialized,Default Initialized,1.3.3,17.fc41,EXISTS_IN_EXT,1.3.3,Y,1,nan,NOT_FOUND,NA,NA,NA,NA
python-zmq,NA,NA,NA,NA,NA,NA,NA,Y,Y,Failed,18.1.0,4.azl3,1,1,python-zmq-25.1.2-1.fc41.src.rpm,Default Initialized,Default Initialized,25.1.2,1.fc41,EXISTS_IN_EXT,18.1.0,N,0,nan,NOT_FOUND,NA,NA,NA,NA
python3-mallard-ducktype,NA,NA,Archana,NA,NA,NA,NA,N,N,Built,1.0.2,6.azl3,1,1,python3-mallard-ducktype-1.0.2-21.fc41.src.rpm,Default Initialized,Default Initialized,1.0.2,21.fc41,EXISTS_IN_EXT,1.0.2,Y,1,nan,NOT_FOUND,NA,NA,NA,NA
python3-typed_ast,NA,CP_batch1,Jyoti,NA,NA,NA,NA,Revisit No Dnld Ver,Revisit No Dnld Ver,Failed,1.4.2,2.azl3,0,0,Default Initialized,Default Initialized,Default Initialized,Not Found,Not Found,EXISTS_IN_EXT,1.4.2,N,0,nan,NOT_FOUND,NA,NA,NA,NA
pyusb,NA,New P0,Sreenivasulu,NA,NA,NA,NA,Y,Y,Built,1.0.2,7.azl3,1,1,pyusb-1.2.1-11.fc41.src.rpm,Default Initialized,Default Initialized,1.2.1,11.fc41,EXISTS_IN_EXT,1.0.2,Y,1,nan,NOT_FOUND,NA,NA,NA,NA
pywbem,NA,P0,Akhila,11589,https://github.com/microsoft/azurelinux/pull/11589,MERGED,2024-12-20T09:08:23Z,Y,Y,Built,0.15.0,3.azl3,1,1,pywbem-0.17.6-11.fc41.src.rpm,Default Initialized,Default Initialized,0.17.6,11.fc41,EXISTS_IN_EXT,0.15.0,Y,1,Akhila,https://github.com/microsoft/azurelinux/pull/11589,NA,NA,https://github.com/akhila-guruju/azurelinux-test.git,topic_pywbem
pyxattr,NA,New P0,Sreenivasulu,12696,https://github.com/microsoft/azurelinux/pull/12696,OPEN,2025-02-28T18:56:52Z,Y,Y,Built,0.7.1,5.azl3,1,1,pyxattr-0.7.2-14.fc41.src.rpm,Default Initialized,Default Initialized,0.7.2,14.fc41,EXISTS_IN_EXT,0.7.1,Y,1,nan,NOT_FOUND,NA,NA,https://github.com/v-smalavathu/azurelinux1.git,topic_pyxattr
qhull,NA,P0,Akhila,11493,https://github.com/microsoft/azurelinux/pull/11493,MERGED,2024-12-17T09:34:40Z,Y,Y,Built,7.2.1,5.azl3,1,1,qhull-8.0.2-5.fc41.src.rpm,Default Initialized,Default Initialized,8.0.2,5.fc41,EXISTS_IN_EXT,7.2.1,Y,1,Akhila,https://github.com/microsoft/azurelinux/pull/11493,NA,NA,https://github.com/akhila-guruju/azurelinux-test.git,topic_qhull
qpdf,NA,CP_batch1,Akhila,12429,https://github.com/microsoft/azurelinux/pull/12429,OPEN,2025-02-17T07:06:15Z,Y,Y,Failed,10.1.0,2.azl3,1,1,qpdf-11.9.1-3.fc41.src.rpm,Default Initialized,Default Initialized,11.9.1,3.fc41,EXISTS_IN_EXT,10.1.0,N,0,nan,NOT_FOUND,NA,NA,https://github.com/akhila-guruju/azurelinux-test.git,topic_qpdf
qperf,NA,NA,NA,NA,NA,NA,NA,N,N,Built,0.4.9,18.azl3,1,1,qperf-0.4.9-29.fc41.src.rpm,Default Initialized,Default Initialized,0.4.9,29.fc41,EXISTS_IN_EXT,0.4.9,Y,1,nan,NOT_FOUND,NA,NA,NA,NA
qr-code-generator,NA,P0,Akhila,11517,https://github.com/microsoft/azurelinux/pull/11517,OPEN,2024-12-18T08:52:50Z,Y,Y,Built,1.5.0,4.azl3,1,1,qr-code-generator-1.8.0-11.fc41.src.rpm,Default Initialized,Default Initialized,1.8.0,11.fc41,EXISTS_IN_EXT,1.5.0,Y,1,Akhila,https://github.com/microsoft/azurelinux/pull/11517,NA,NA,https://github.com/akhila-guruju/azurelinux-test.git,topic_qr-code-generator
qt5-qtconnectivity,NA,NA,NA,NA,NA,NA,NA,Y,Y,Failed,5.14.2,2.azl3,1,1,qt5-qtconnectivity-5.15.15-1.fc41.src.rpm,Default Initialized,Default Initialized,5.15.15,1.fc41,EXISTS_IN_EXT,5.14.2,N,0,nan,NOT_FOUND,NA,NA,NA,NA
qt5-qtsensors,NA,NA,NA,NA,NA,NA,NA,Y,Y,Failed,5.14.2,2.azl3,1,1,qt5-qtsensors-5.15.15-1.fc41.src.rpm,Default Initialized,Default Initialized,5.15.15,1.fc41,EXISTS_IN_EXT,5.14.2,N,0,nan,NOT_FOUND,NA,NA,NA,NA
qt5-qtserialport,NA,NA,NA,NA,NA,NA,NA,Y,Y,Failed,5.15.9,2.azl3,1,1,qt5-qtserialport-5.15.15-1.fc41.src.rpm,Default Initialized,Default Initialized,5.15.15,1.fc41,EXISTS_IN_EXT,5.15.9,N,0,nan,NOT_FOUND,NA,NA,NA,NA
quagga,NA,NA,NA,NA,NA,NA,NA,Revisit No Dnld Ver,Revisit No Dnld Ver,Built,1.2.4,15.azl3,0,0,Default Initialized,Default Initialized,Default Initialized,Not Found,Not Found,EXISTS_IN_EXT,1.2.4,N,0,nan,NOT_FOUND,NA,NA,NA,NA
raptor2,NA,NA,NA,NA,NA,NA,NA,N,N,Failed,2.0.15,28.azl3,1,1,raptor2-2.0.15-44.fc41.src.rpm,Default Initialized,Default Initialized,2.0.15,44.fc41,EXISTS_IN_EXT,2.0.15,Y,1,nan,NOT_FOUND,NA,NA,NA,NA
rarian,NA,New P0,Archana,NA,NA,NA,NA,Y,Y,Built,0.8.1,25.azl3,1,1,rarian-0.8.6-1.fc41.src.rpm,Default Initialized,Default Initialized,0.8.6,1.fc41,EXISTS_IN_EXT,0.8.1,Y,1,nan,NOT_FOUND,NA,NA,NA,NA
rasdaemon,NA,NA,NA,NA,NA,NA,NA,Revisit No Bld Ver,Revisit No Bld Ver,Not Found,Not Found,Not Found,1,1,rasdaemon-0.8.0-5.fc41.src.rpm,Default Initialized,Default Initialized,0.8.0,5.fc41,MOVED_TO_CORE,Not Found,N,0,nan,NOT_FOUND,NA,NA,NA,NA
rasqal,NA,NA,NA,NA,NA,NA,NA,N,N,Failed,0.9.33,13.azl3,1,1,rasqal-0.9.33-29.fc41.src.rpm,Default Initialized,Default Initialized,0.9.33,29.fc41,EXISTS_IN_EXT,0.9.33,Y,1,nan,NOT_FOUND,NA,NA,NA,NA
rcs,NA,NA,NA,NA,NA,NA,NA,N,N,Built,5.10.1,4.azl3,1,1,rcs-5.10.1-9.fc41.src.rpm,Default Initialized,Default Initialized,5.10.1,9.fc41,EXISTS_IN_EXT,5.10.1,N,0,nan,NOT_FOUND,NA,NA,NA,NA
rdist,NA,NA,NA,NA,NA,NA,NA,N,N,Built,6.1.5,73.azl3,1,1,rdist-6.1.5-85.fc41.src.rpm,Default Initialized,Default Initialized,6.1.5,85.fc41,EXISTS_IN_EXT,6.1.5,Y,1,nan,NOT_FOUND,NA,NA,NA,NA
re2c,NA,P0,Akhila,11520,https://github.com/microsoft/azurelinux/pull/11520,MERGED,2024-12-18T13:23:10Z,Y,Y,Built,2.0,1.azl3,1,1,re2c-3.1-3.fc41.src.rpm,Default Initialized,Default Initialized,3.1,3.fc41,EXISTS_IN_EXT,2.0,Y,1,Akhila,https://github.com/microsoft/azurelinux/pull/11520,Suresh,In Review,https://github.com/akhila-guruju/azurelinux-test.git,topic_re2c
realmd,NA,P1,Jyoti,10560,https://github.com/microsoft/azurelinux/pull/10560,MERGED,2024-09-26T13:15:32Z,N,Y,Built,0.17.1,1.azl3,1,1,realmd-0.17.1-13.fc41.src.rpm,Default Initialized,Default Initialized,0.17.1,13.fc41,EXISTS_IN_EXT,0.17.1,N,0,Jyoti,NA,NA,NA,https://github.com/jykanase/azurelinux.git,topic_realmd
rear,NA,NA,NA,NA,NA,NA,NA,Y,Y,Built,2.4,7.azl3,1,1,rear-2.7-12.fc41.src.rpm,Default Initialized,Default Initialized,2.7,12.fc41,EXISTS_IN_EXT,2.4,N,0,nan,NOT_FOUND,NA,NA,NA,NA
recode,NA,P0,Akhila,11514,https://github.com/microsoft/azurelinux/pull/11514,MERGED,2024-12-18T06:40:41Z,Y,Y,Built,3.7.7,2.azl3,1,1,recode-3.7.14-6.fc41.src.rpm,Default Initialized,Default Initialized,3.7.14,6.fc41,EXISTS_IN_EXT,3.7.7,Y,1,Akhila,https://github.com/microsoft/azurelinux/pull/11514,Suresh,In Review,https://github.com/akhila-guruju/azurelinux-test.git,topic_recode
redland,NA,NA,NA,NA,NA,NA,NA,Revisit No Bld Ver,Revisit No Bld Ver,Not Found,Not Found,Not Found,1,1,redland-1.0.17-38.fc41.src.rpm,Default Initialized,Default Initialized,1.0.17,38.fc41,REMOVED_FROM_BOTH,Not Found,N,0,nan,NOT_FOUND,NA,NA,NA,NA
regexp,NA,NA,NA,NA,NA,NA,NA,N,N,Failed,1.5,23.azl3,1,1,regexp-1.5-49.fc41.src.rpm,Default Initialized,Default Initialized,1.5,49.fc41,EXISTS_IN_EXT,1.5,N,0,nan,NOT_FOUND,NA,NA,NA,NA
relaxngDatatype,NA,CP_batch1,Jagadeesh,12650,https://github.com/microsoft/azurelinux/pull/12650,OPEN,2025-02-27T05:22:31Z,Revisit No Dnld Ver,Revisit No Dnld Ver,Failed,2011.1,5.azl3,0,0,Default Initialized,Default Initialized,Default Initialized,Not Found,Not Found,EXISTS_IN_EXT,2011.1,N,0,nan,NOT_FOUND,NA,NA,https://github.com/durgajagadeesh/azurelinux_djpalli.git,Topic_relaxngDatatype
resource-agents,NA,CP_batch1,Archana,NA,NA,NA,NA,Y,Y,Failed,4.10.0,1.azl3,1,1,resource-agents-4.16.0-1.fc41.src.rpm,Default Initialized,Default Initialized,4.16.0,1.fc41,EXISTS_IN_EXT,4.10.0,N,0,nan,NOT_FOUND,NA,NA,NA,NA
rhash,NA,P0,Akhila,11537,https://github.com/microsoft/azurelinux/pull/11537,OPEN,2024-12-19T06:42:07Z,Y,Y,Built,1.3.8,4.azl3,1,1,rhash-1.4.4-2.fc41.src.rpm,Default Initialized,Default Initialized,1.4.4,2.fc41,EXISTS_IN_EXT,1.3.8,Y,1,Akhila,NA,NA,NA,https://github.com/akhila-guruju/azurelinux-test.git,topic_rhash
rhino,NA,NA,NA,NA,NA,NA,NA,Y,Y,Failed,1.7.7.1,2.azl3,1,1,rhino-1.7.14-13.fc41.src.rpm,Default Initialized,Default Initialized,1.7.14,13.fc41,EXISTS_IN_EXT,1.7.7.1,N,0,nan,NOT_FOUND,NA,NA,NA,NA
rhnlib,NA,NA,NA,NA,NA,NA,NA,Revisit No Dnld Ver,Revisit No Dnld Ver,Built,2.8.6,10.azl3,0,0,Default Initialized,Default Initialized,Default Initialized,Not Found,Not Found,EXISTS_IN_EXT,2.8.6,N,0,nan,NOT_FOUND,NA,NA,NA,NA
ripgrep,rust-ripgrep,NA,NA,NA,NA,NA,NA,Y,Y,Built,13.0.0,5.azl3,1,1,rust-ripgrep-14.1.1-1.fc41.src.rpm,Default Initialized,Default Initialized,14.1.1,1.fc41,EXISTS_IN_EXT,13.0.0,N,0,nan,NOT_FOUND,NA,NA,NA,NA
rp-pppoe,NA,NA,NA,NA,NA,NA,NA,Y,Y,Built,3.12,16.azl3,1,1,rp-pppoe-4.0-5.fc41.src.rpm,Default Initialized,Default Initialized,4.0,5.fc41,EXISTS_IN_EXT,3.12,N,0,nan,NOT_FOUND,NA,NA,NA,NA
rpmlint,NA,NA,NA,NA,NA,NA,NA,Y,Y,Built,1.11,8.azl3,1,1,rpmlint-2.5.0-10.fc41.src.rpm,Default Initialized,Default Initialized,2.5.0,10.fc41,EXISTS_IN_EXT,1.11,N,0,nan,NOT_FOUND,NA,NA,NA,NA
rtkit,NA,NA,NA,NA,NA,NA,NA,N,N,Built,0.11,24.azl3,1,1,rtkit-0.11-65.fc41.src.rpm,Default Initialized,Default Initialized,0.11,65.fc41,EXISTS_IN_EXT,0.11,Y,1,nan,NOT_FOUND,NA,NA,NA,NA
rubygem-bson,NA,CP_batch1,Jyoti,NA,NA,NA,NA,N,N,Built,4.15.0,1.azl3,1,1,rubygem-bson-4.15.0-8.fc41.src.rpm,Default Initialized,Default Initialized,4.15.0,8.fc41,EXISTS_IN_EXT,4.15.0,N,0,Jyoti,NOT_FOUND,NA,NA,NA,NA
rubygem-coderay,NA,NA,NA,NA,NA,NA,NA,N,N,Built,1.1.3,1.azl3,1,1,rubygem-coderay-1.1.3-9.fc41.src.rpm,Default Initialized,Default Initialized,1.1.3,9.fc41,EXISTS_IN_EXT,1.1.3,N,0,nan,NOT_FOUND,NA,NA,NA,NA
rubygem-diff-lcs,NA,NA,NA,NA,NA,NA,NA,N,N,Built,1.5.0,1.azl3,1,1,rubygem-diff-lcs-1.5.0-6.fc41.src.rpm,Default Initialized,Default Initialized,1.5.0,6.fc41,EXISTS_IN_EXT,1.5.0,Y,1,nan,NOT_FOUND,NA,NA,NA,NA
rubygem-eventmachine,NA,CP_batch1,Sreenivasulu,NA,NA,NA,NA,N,N,Built,1.2.7,2.azl3,1,1,rubygem-eventmachine-1.2.7-26.fc41.src.rpm,Default Initialized,Default Initialized,1.2.7,26.fc41,EXISTS_IN_EXT,1.2.7,N,0,nan,NOT_FOUND,NA,NA,NA,NA
rubygem-flexmock,NA,P0,Akhila,11538,https://github.com/microsoft/azurelinux/pull/11538,OPEN,2024-12-19T09:33:14Z,Y,Y,Built,2.3.6,8.azl3,1,1,rubygem-flexmock-3.0.1-1.fc41.src.rpm,Default Initialized,Default Initialized,3.0.1,1.fc41,EXISTS_IN_EXT,2.3.6,Y,1,Akhila,https://github.com/microsoft/azurelinux/pull/11538,NA,NA,https://github.com/akhila-guruju/azurelinux-test.git,topic_rubygem-flexmock
rubygem-liquid,NA,P0,Akhila,NA,NA,NA,NA,N,N,Built,5.1.0,1.azl3,1,1,rubygem-liquid-4.0.3-18.fc41.src.rpm,Default Initialized,Default Initialized,4.0.3,18.fc41,EXISTS_IN_EXT,5.1.0,Y,1,Akhila,NA,NA,NA,NA,NA
rubygem-maruku,NA,NA,NA,NA,NA,NA,NA,Revisit No Dnld Ver,Revisit No Dnld Ver,Built,0.7.3,1.azl3,0,0,Default Initialized,Default Initialized,Default Initialized,Not Found,Not Found,EXISTS_IN_EXT,0.7.3,N,0,nan,NOT_FOUND,NA,NA,NA,NA
rubygem-mongo,NA,P0,Akhila,NA,NA,NA,NA,N,N,Built,2.17.0,1.azl3,1,1,rubygem-mongo-2.14.0-10.fc41.src.rpm,Default Initialized,Default Initialized,2.14.0,10.fc41,EXISTS_IN_EXT,2.17.0,Y,1,Akhila,NA,NA,NA,NA,NA
rubygem-mysql2,NA,NA,NA,NA,NA,NA,NA,Y,Y,Built,0.5.4,1.azl3,1,1,rubygem-mysql2-0.5.5-5.fc41.src.rpm,Default Initialized,Default Initialized,0.5.5,5.fc41,EXISTS_IN_EXT,0.5.4,N,0,nan,NOT_FOUND,NA,NA,NA,NA
rubygem-pkg-config,NA,P0,Akhila,11601,https://github.com/microsoft/azurelinux/pull/11601,OPEN,2024-12-20T14:42:48Z,Y,Y,Built,1.4.5,4.azl3,1,1,rubygem-pkg-config-1.5.8-1.fc41.src.rpm,Default Initialized,Default Initialized,1.5.8,1.fc41,EXISTS_IN_EXT,1.4.5,Y,1,Akhila,https://github.com/microsoft/azurelinux/pull/11601,NA,NA,https://github.com/akhila-guruju/azurelinux-test.git,topic_rubygem-pkg-config
rubygem-rouge,NA,P0,Akhila,11704,https://github.com/microsoft/azurelinux/pull/11704,OPEN,2024-12-24T06:09:11Z,Y,Y,Built,3.26.0,3.azl3,1,1,rubygem-rouge-4.4.0-1.fc41.src.rpm,Default Initialized,Default Initialized,4.4.0,1.fc41,EXISTS_IN_EXT,3.26.0,Y,1,Akhila,https://github.com/microsoft/azurelinux/pull/11704,Bala,In Review,https://github.com/akhila-guruju/azurelinux-test.git,topic_rubygem-rouge
rubygem-rspec-expectations,NA,NA,NA,NA,NA,NA,NA,Y,Y,Built,3.12.0,1.azl3,1,1,rubygem-rspec-expectations-3.13.3-1.fc41.src.rp,Default Initialized,Default Initialized,3.13.3,1.fc41.src.rp,EXISTS_IN_EXT,3.12.0,N,0,nan,NOT_FOUND,NA,NA,NA,NA
rubygem-rspec-mocks,NA,NA,NA,NA,NA,NA,NA,Y,Y,Built,3.12.1,1.azl3,1,1,rubygem-rspec-mocks-3.13.2-1.fc41.src.rpm,Default Initialized,Default Initialized,3.13.2,1.fc41,EXISTS_IN_EXT,3.12.1,N,0,nan,NOT_FOUND,NA,NA,NA,NA
rubygem-rspec-support,NA,New P0,Archana,12602,https://github.com/microsoft/azurelinux/pull/12602,DRAFT,2025-02-25T10:24:05Z,Y,Y,Built,3.12.0,1.azl3,1,1,rubygem-rspec-support-3.13.1-2.fc41.src.rpm,Default Initialized,Default Initialized,3.13.1,2.fc41,EXISTS_IN_EXT,3.12.0,Y,1,nan,NOT_FOUND,NA,NA,https://github.com/archana25-ms/azurelinux-archana.git,topic_rubygem-rspec-support
rubygem-thread_order,NA,NA,Archana,NA,NA,NA,NA,N,N,Built,1.1.1,5.azl3,1,1,rubygem-thread_order-1.1.1-12.fc41.src.rpm,Default Initialized,Default Initialized,1.1.1,12.fc41,EXISTS_IN_EXT,1.1.1,Y,1,nan,NOT_FOUND,NA,NA,NA,NA
rusers,NA,NA,NA,NA,NA,NA,NA,N,N,Built,0.17,96.azl3,1,1,rusers-0.17-106.fc41.src.rpm,Default Initialized,Default Initialized,0.17,106.fc41,EXISTS_IN_EXT,0.17,Y,1,nan,NOT_FOUND,NA,NA,NA,NA
rust-cbindgen,NA,NA,NA,NA,NA,NA,NA,Y,Y,Built,0.24.3,1.azl3,1,1,rust-cbindgen-0.27.0-1.fc41.src.rpm,Default Initialized,Default Initialized,0.27.0,1.fc41,EXISTS_IN_EXT,0.24.3,N,0,nan,NOT_FOUND,NA,NA,NA,NA
samba,NA,NA,NA,NA,NA,NA,NA,Y,Y,Built,4.18.3,1.azl3,1,1,samba-4.21.2-1.fc41.src.rpm,Default Initialized,Default Initialized,4.21.2,1.fc41,EXISTS_IN_EXT,4.18.3,N,0,nan,NOT_FOUND,NA,NA,NA,NA
sassist,NA,NA,NA,NA,NA,NA,NA,Revisit No Dnld Ver,Revisit No Dnld Ver,Built,0.8.5,5.azl3,0,0,Default Initialized,Default Initialized,Default Initialized,Not Found,Not Found,EXISTS_IN_EXT,0.8.5,N,0,nan,NOT_FOUND,NA,NA,NA,NA
satyr,NA,P1,Sumit,11240,https://github.com/microsoft/azurelinux/pull/11240,OPEN,2024-11-27T07:51:21Z,Y,Y,Failed,0.30,3.azl3,1,1,satyr-0.43-4.fc41.src.rpm,Default Initialized,Default Initialized,0.43,4.fc41,EXISTS_IN_EXT,0.30,Y,1,Sumit,https://github.com/microsoft/azurelinux/pull/11240,NA,NA,https://github.com/SumitJenaHCL/azurelinux.git,topic_satyr
sbc,NA,P0,Archana,11821,https://github.com/microsoft/azurelinux/pull/11821,MERGED,2025-01-08T10:46:32Z,Y,Y,Built,1.4,6.azl3,1,1,sbc-2.0-5.fc41.src.rpm,Default Initialized,Default Initialized,2.0,5.fc41,EXISTS_IN_EXT,1.4,Y,1,Archana,https://github.com/microsoft/azurelinux/pull/11821,NA,NA,https://github.com/archana25-ms/azurelinux-archana.git,topic_sbc
sblim-cim-client2,NA,NA,NA,NA,NA,NA,NA,N,N,Built,2.2.5,16.azl3,1,1,sblim-cim-client2-2.2.5-30.fc41.src.rpm,Default Initialized,Default Initialized,2.2.5,30.fc41,EXISTS_IN_EXT,2.2.5,Y,1,nan,NOT_FOUND,NA,NA,NA,NA
sblim-cmpi-base,NA,NA,NA,NA,NA,NA,NA,N,N,Built,1.6.4,17.azl3,1,1,sblim-cmpi-base-1.6.4-26.fc41.src.rpm,Default Initialized,Default Initialized,1.6.4,26.fc41,EXISTS_IN_EXT,1.6.4,Y,1,nan,NOT_FOUND,NA,NA,NA,NA
sblim-cmpi-devel,NA,NA,NA,NA,NA,NA,NA,N,N,Built,2.0.3,21.azl3,1,1,sblim-cmpi-devel-2.0.3-31.fc41.src.rpm,Default Initialized,Default Initialized,2.0.3,31.fc41,EXISTS_IN_EXT,2.0.3,Y,1,nan,NOT_FOUND,NA,NA,NA,NA
sblim-cmpi-fsvol,NA,NA,NA,NA,NA,NA,NA,N,N,Built,1.5.1,27.azl3,1,1,sblim-cmpi-fsvol-1.5.1-37.fc41.src.rpm,Default Initialized,Default Initialized,1.5.1,37.fc41,EXISTS_IN_EXT,1.5.1,Y,1,nan,NOT_FOUND,NA,NA,NA,NA
sblim-cmpi-network,NA,NA,NA,NA,NA,NA,NA,N,N,Built,1.4.0,26.azl3,1,1,sblim-cmpi-network-1.4.0-35.fc41.src.rpm,Default Initialized,Default Initialized,1.4.0,35.fc41,EXISTS_IN_EXT,1.4.0,Y,1,nan,NOT_FOUND,NA,NA,NA,NA
sblim-cmpi-nfsv3,NA,NA,NA,NA,NA,NA,NA,N,N,Built,1.1.1,23.azl3,1,1,sblim-cmpi-nfsv3-1.1.1-33.fc41.src.rpm,Default Initialized,Default Initialized,1.1.1,33.fc41,EXISTS_IN_EXT,1.1.1,Y,1,nan,NOT_FOUND,NA,NA,NA,NA
sblim-cmpi-nfsv4,NA,NA,NA,NA,NA,NA,NA,N,N,Built,1.1.0,24.azl3,1,1,sblim-cmpi-nfsv4-1.1.0-35.fc41.src.rpm,Default Initialized,Default Initialized,1.1.0,35.fc41,EXISTS_IN_EXT,1.1.0,Y,1,nan,NOT_FOUND,NA,NA,NA,NA
sblim-cmpi-params,NA,NA,NA,NA,NA,NA,NA,N,N,Built,1.3.0,24.azl3,1,1,sblim-cmpi-params-1.3.0-33.fc41.src.rpm,Default Initialized,Default Initialized,1.3.0,33.fc41,EXISTS_IN_EXT,1.3.0,Y,1,nan,NOT_FOUND,NA,NA,NA,NA
sblim-cmpi-sysfs,NA,NA,NA,NA,NA,NA,NA,N,N,Built,1.2.0,24.azl3,1,1,sblim-cmpi-sysfs-1.2.0-34.fc41.src.rpm,Default Initialized,Default Initialized,1.2.0,34.fc41,EXISTS_IN_EXT,1.2.0,Y,1,nan,NOT_FOUND,NA,NA,NA,NA
sblim-cmpi-syslog,NA,NA,NA,NA,NA,NA,NA,N,N,Built,0.9.0,20.azl3,1,1,sblim-cmpi-syslog-0.9.0-28.fc41.src.rpm,Default Initialized,Default Initialized,0.9.0,28.fc41,EXISTS_IN_EXT,0.9.0,Y,1,nan,NOT_FOUND,NA,NA,NA,NA
sblim-indication_helper,NA,NA,NA,NA,NA,NA,NA,N,N,Built,0.5.0,4.azl3,1,1,sblim-indication_helper-0.5.0-14.fc41.src.rpm,Default Initialized,Default Initialized,0.5.0,14.fc41,EXISTS_IN_EXT,0.5.0,Y,1,nan,NOT_FOUND,NA,NA,NA,NA
sblim-sfcCommon,NA,NA,NA,NA,NA,NA,NA,N,N,Built,1.0.1,16.azl3,1,1,sblim-sfcCommon-1.0.1-25.fc41.src.rpm,Default Initialized,Default Initialized,1.0.1,25.fc41,EXISTS_IN_EXT,1.0.1,Y,1,nan,NOT_FOUND,NA,NA,NA,NA
sblim-sfcb,NA,NA,NA,NA,NA,NA,NA,N,N,Built,1.4.9,20.azl3,1,1,sblim-sfcb-1.4.9-32.fc41.src.rpm,Default Initialized,Default Initialized,1.4.9,32.fc41,EXISTS_IN_EXT,1.4.9,Y,1,nan,NOT_FOUND,NA,NA,NA,NA
sblim-sfcc,NA,NA,NA,NA,NA,NA,NA,N,N,Built,2.2.8,15.azl3,1,1,sblim-sfcc-2.2.8-27.fc41.src.rpm,Default Initialized,Default Initialized,2.2.8,27.fc41,EXISTS_IN_EXT,2.2.8,Y,1,nan,NOT_FOUND,NA,NA,NA,NA
sblim-testsuite,NA,NA,NA,NA,NA,NA,NA,N,N,Built,1.3.0,23.azl3,1,1,sblim-testsuite-1.3.0-32.fc41.src.rpm,Default Initialized,Default Initialized,1.3.0,32.fc41,EXISTS_IN_EXT,1.3.0,Y,1,nan,NOT_FOUND,NA,NA,NA,NA
sblim-wbemcli,NA,NA,NA,NA,NA,NA,NA,N,N,Built,1.6.3,18.azl3,1,1,sblim-wbemcli-1.6.3-28.fc41.src.rpm,Default Initialized,Default Initialized,1.6.3,28.fc41,EXISTS_IN_EXT,1.6.3,Y,1,nan,NOT_FOUND,NA,NA,NA,NA
scl-utils,NA,P0,Archana,11898,https://github.com/microsoft/azurelinux/pull/11898,MERGED,2025-01-14T05:16:28Z,Y,Y,Built,2.0.2,15.azl3,1,1,scl-utils-2.0.3-4.fc41.src.rpm,Default Initialized,Default Initialized,2.0.3,4.fc41,EXISTS_IN_EXT,2.0.2,Y,1,Archana,NA,NA,NA,https://github.com/archana25-ms/azurelinux-archana.git,topic-scl-utils
scotch,NA,NA,NA,NA,NA,NA,NA,Y,Y,Built,6.1.2,3.azl3,1,1,scotch-7.0.4-5.fc41.src.rpm,Default Initialized,Default Initialized,7.0.4,5.fc41,EXISTS_IN_EXT,6.1.2,N,0,nan,NOT_FOUND,NA,NA,NA,NA
screen,NA,NA,NA,NA,NA,NA,NA,N,N,Built,4.9.1,1.azl3,1,1,screen-4.9.1-2.fc41.src.rpm,Default Initialized,Default Initialized,4.9.1,2.fc41,EXISTS_IN_EXT,4.9.1,Y,1,nan,NOT_FOUND,NA,NA,NA,NA
sdparm,NA,P0,Archana,11822,https://github.com/microsoft/azurelinux/pull/11822,MERGED,2025-01-08T14:00:03Z,Y,Y,Built,1.11,2.azl3,1,1,sdparm-1.12-8.fc41.src.rpm,Default Initialized,Default Initialized,1.12,8.fc41,EXISTS_IN_EXT,1.11,Y,1,Archana,https://github.com/microsoft/azurelinux/pull/11822,NA,NA,https://github.com/archana25-ms/azurelinux-archana.git,topic-sdparm
sendmail,NA,NA,NA,NA,NA,NA,NA,Revisit No Bld Ver,Revisit No Bld Ver,Not Found,Not Found,Not Found,1,1,sendmail-8.18.1-4.fc41.src.rpm,Default Initialized,Default Initialized,8.18.1,4.fc41,REMOVED_FROM_BOTH,Not Found,N,0,nan,NOT_FOUND,NA,NA,NA,NA
serd,NA,NA,Jyoti,12573,https://github.com/microsoft/azurelinux/pull/12573,OPEN,2025-02-24T13:54:29Z,Y,Y,Failed,0.30.2,3.azl3,1,1,serd-0.32.2-2.fc41.src.rpm,Default Initialized,Default Initialized,0.32.2,2.fc41,EXISTS_IN_EXT,0.30.2,N,0,nan,NOT_FOUND,NA,NA,https://github.com/jykanase/azurelinux.git,topic_serd
servletapi4,NA,CP_batch1,Sumit,12474,https://github.com/microsoft/azurelinux/pull/12474,MERGED,2025-02-18T05:30:48Z,Revisit No Dnld Ver,Revisit No Dnld Ver,Failed,4.0.4,302.azl3,0,0,Default Initialized,Default Initialized,Default Initialized,Not Found,Not Found,EXISTS_IN_EXT,4.0.4,N,0,nan,NOT_FOUND,NA,NA,https://github.com/SumitJenaHCL/azurelinux.git,topic_servletapi4
servletapi5,NA,CP_batch1,Sumit,12475,https://github.com/microsoft/azurelinux/pull/12475,MERGED,2025-02-18T05:32:30Z,Revisit No Dnld Ver,Revisit No Dnld Ver,Failed,5.0.18,290.azl3,0,0,Default Initialized,Default Initialized,Default Initialized,Not Found,Not Found,EXISTS_IN_EXT,5.0.18,N,0,nan,NOT_FOUND,NA,NA,https://github.com/SumitJenaHCL/azurelinux.git,topic_servletapi5
setserial,NA,NA,NA,NA,NA,NA,NA,N,N,Built,2.17,52.azl3,1,1,setserial-2.17-61.fc41.src.rpm,Default Initialized,Default Initialized,2.17,61.fc41,EXISTS_IN_EXT,2.17,Y,1,nan,NOT_FOUND,NA,NA,NA,NA
setuptool,NA,NA,NA,NA,NA,NA,NA,N,N,Built,1.19.11,23.azl3,1,1,setuptool-1.19.11-30.fc41.src.rpm,Default Initialized,Default Initialized,1.19.11,30.fc41,EXISTS_IN_EXT,1.19.11,Y,1,nan,NOT_FOUND,NA,NA,NA,NA
sgpio,NA,NA,NA,NA,NA,NA,NA,N,N,Built,1.2.0.10,28.azl3,1,1,sgpio-1.2.0.10-37.fc41.src.rpm,Default Initialized,Default Initialized,1.2.0.10,37.fc41,EXISTS_IN_EXT,1.2.0.10,Y,1,nan,NOT_FOUND,NA,NA,NA,NA
shapelib,NA,NA,NA,NA,NA,NA,NA,Y,Y,Built,1.5.0,3.azl3,1,1,shapelib-1.6.1-1.fc41.src.rpm,Default Initialized,Default Initialized,1.6.1,1.fc41,EXISTS_IN_EXT,1.5.0,N,0,nan,NOT_FOUND,NA,NA,NA,NA
sip,NA,P0,Archana,11837,https://github.com/microsoft/azurelinux/pull/11837,MERGED,2025-01-09T16:51:48Z,Y,Y,Failed,4.19.21,2.azl3,1,1,sip-4.19.25-12.fc41.src.rpm,Default Initialized,Default Initialized,4.19.25,12.fc41,EXISTS_IN_EXT,4.19.21,Y,1,Archana,NA,NA,NA,https://github.com/archana25-ms/azurelinux-archana.git,topic-sip
skkdic,NA,P0,Archana,11834,https://github.com/microsoft/azurelinux/pull/11834,MERGED,2025-01-09T12:38:52Z,Y,Y,Built,20210217,1.azl3,1,1,skkdic-20240131-2.gitb798a46b88.fc41.src.rpm,Default Initialized,Default Initialized,20240131,2.gitb798a46b88.fc41,EXISTS_IN_EXT,20210217,Y,1,Archana,https://github.com/microsoft/azurelinux/pull/11834,NA,NA,https://github.com/archana25-ms/azurelinux-archana.git,topic_skkdic
slirp4netns,NA,P0,Archana,11918,https://github.com/microsoft/azurelinux/pull/11918,MERGED,2025-01-15T05:07:57Z,Y,Y,Built,1.1.8,2.azl3,1,1,slirp4netns-1.3.1-1.fc41.src.rpm,Default Initialized,Default Initialized,1.3.1,1.fc41,EXISTS_IN_EXT,1.1.8,Y,1,Archana,NA,NA,NA,https://github.com/archana25-ms/azurelinux-archana.git,topic_slirp4netns
smc-tools,NA,CP_batch1,Akarsh,12468,https://github.com/microsoft/azurelinux/pull/12468,OPEN,2025-02-17T16:06:41Z,Y,Y,Built,1.2.0,4.azl3,1,1,smc-tools-1.8.3-3.fc41.src.rpm,Default Initialized,Default Initialized,1.8.3,3.fc41,EXISTS_IN_EXT,1.2.0,N,0,nan,NOT_FOUND,NA,NA,https://github.com/AkarshHCL/azurelinux.git,topic_smc-tools
sombok,NA,NA,NA,NA,NA,NA,NA,N,N,Built,2.4.0,12.azl3,1,1,sombok-2.4.0-22.fc41.src.rpm,Default Initialized,Default Initialized,2.4.0,22.fc41,EXISTS_IN_EXT,2.4.0,Y,1,nan,NOT_FOUND,NA,NA,NA,NA
sord,NA,NA,Jyoti,12621,https://github.com/microsoft/azurelinux/pull/12621,OPEN,2025-02-26T04:37:21Z,Y,Y,Failed,0.16.4,5.azl3,1,1,sord-0.16.16-2.fc41.src.rpm,Default Initialized,Default Initialized,0.16.16,2.fc41,EXISTS_IN_EXT,0.16.4,N,0,nan,NOT_FOUND,NA,NA,https://github.com/jykanase/azurelinux.git,topic_sord
sound-theme-freedesktop,NA,NA,NA,NA,NA,NA,NA,N,N,Built,0.8,16.azl3,1,1,sound-theme-freedesktop-0.8-22.fc41.src.rpm,Default Initialized,Default Initialized,0.8,22.fc41,EXISTS_IN_EXT,0.8,Y,1,nan,NOT_FOUND,NA,NA,NA,NA
soundtouch,NA,P0,Archana,11835,https://github.com/microsoft/azurelinux/pull/11835,MERGED,2025-01-09T13:45:59Z,Y,Y,Built,2.1.1,5.azl3,1,1,soundtouch-2.3.3-1.fc41.src.rpm,Default Initialized,Default Initialized,2.3.3,1.fc41,EXISTS_IN_EXT,2.1.1,Y,1,Archana,https://github.com/microsoft/azurelinux/pull/11835,NA,NA,https://github.com/archana25-ms/azurelinux-archana.git,topic-soundtouch
sox,NA,NA,NA,NA,NA,NA,NA,N,N,Built,14.4.2.0,33.azl3,1,1,sox-14.4.2.0-39.fc41.src.rpm,Default Initialized,Default Initialized,14.4.2.0,39.fc41,EXISTS_IN_EXT,14.4.2.0,N,0,nan,NOT_FOUND,NA,NA,NA,NA
soxr,NA,NA,NA,NA,NA,NA,NA,N,N,Built,0.1.3,6.azl3,1,1,soxr-0.1.3-16.fc41.src.rpm,Default Initialized,Default Initialized,0.1.3,16.fc41,EXISTS_IN_EXT,0.1.3,Y,1,nan,NOT_FOUND,NA,NA,NA,NA
sparsehash,NA,NA,NA,NA,NA,NA,NA,N,N,Built,2.0.3,3.azl3,1,1,sparsehash-2.0.3-12.fc41.src.rpm,Default Initialized,Default Initialized,2.0.3,12.fc41,EXISTS_IN_EXT,2.0.3,Y,1,nan,NOT_FOUND,NA,NA,NA,NA
spausedd,NA,P0,Archana,11843,https://github.com/microsoft/azurelinux/pull/11843,OPEN,2025-01-10T05:22:49Z,Y,Y,Built,20201112,3.azl3,1,1,spausedd-20210719-9.fc41.src.rpm,Default Initialized,Default Initialized,20210719,9.fc41,EXISTS_IN_EXT,20201112,Y,1,Archana,NA,NA,NA,https://github.com/archana25-ms/azurelinux-archana.git,topic-spausedd
speex,NA,NA,NA,NA,NA,NA,NA,N,N,Built,1.2.0,6.azl3,1,1,speex-1.2.0-18.fc41.src.rpm,Default Initialized,Default Initialized,1.2.0,18.fc41,EXISTS_IN_EXT,1.2.0,Y,1,nan,NOT_FOUND,NA,NA,NA,NA
speexdsp,NA,P0,Archana,11844,https://github.com/microsoft/azurelinux/pull/11844,MERGED,2025-01-10T08:14:37Z,Y,Y,Built,1.2.0,2.azl3,1,1,speexdsp-1.2.1-7.fc41.src.rpm,Default Initialized,Default Initialized,1.2.1,7.fc41,EXISTS_IN_EXT,1.2.0,Y,1,Archana,NA,NA,NA,https://github.com/archana25-ms/azurelinux-archana.git,topic-speexdsp
spice-protocol,NA,P0,Archana,11847,https://github.com/microsoft/azurelinux/pull/11847,OPEN,2025-01-10T10:53:10Z,Y,Y,Built,0.14.3,2.azl3,1,1,spice-protocol-0.14.4-6.fc41.src.rpm,Default Initialized,Default Initialized,0.14.4,6.fc41,EXISTS_IN_EXT,0.14.3,Y,1,Archana,NA,NA,NA,https://github.com/archana25-ms/azurelinux-archana.git,topic_spice-protocol
spice-vdagent,NA,NA,NA,NA,NA,NA,NA,N,N,Built,0.22.1,1.azl3,1,1,spice-vdagent-0.22.1-7.fc41.src.rpm,Default Initialized,Default Initialized,0.22.1,7.fc41,EXISTS_IN_EXT,0.22.1,Y,1,nan,NOT_FOUND,NA,NA,NA,NA
spirv-headers,NA,NA,NA,NA,NA,NA,NA,Revisit No Bld Ver,Revisit No Bld Ver,Not Found,Not Found,Not Found,1,1,spirv-headers-1.5.5-25.fc41.src.rpm,Default Initialized,Default Initialized,1.5.5,25.fc41,MOVED_TO_CORE,Not Found,N,0,nan,NOT_FOUND,NA,NA,NA,NA
spirv-tools,NA,NA,NA,NA,NA,NA,NA,Revisit No Bld Ver,Revisit No Bld Ver,Not Found,Not Found,Not Found,1,1,spirv-tools-2024.3-3.fc41.src.rpm,Default Initialized,Default Initialized,2024.3,3.fc41,MOVED_TO_CORE,Not Found,N,0,nan,NOT_FOUND,NA,NA,NA,NA
splix,NA,NA,NA,NA,NA,NA,NA,N,N,Failed,2.0.1,3.azl3,1,1,splix-2.0.1-2.fc41.src.rpm,Default Initialized,Default Initialized,2.0.1,2.fc41,EXISTS_IN_EXT,2.0.1,Y,1,nan,NOT_FOUND,NA,NA,NA,NA
squid,NA,CP_batch1,Jyoti,12636,https://github.com/microsoft/azurelinux/pull/12636,MERGED,2025-02-26T13:30:20Z,Y,Y,Built,5.7,5.azl3,1,1,squid-6.12-2.fc41.src.rpm,Default Initialized,Default Initialized,6.12,2.fc41,EXISTS_IN_EXT,5.7,N,0,nan,NOT_FOUND,NA,NA,https://github.com/jykanase/azurelinux.git,topic_squid_specs
sratom,NA,NA,Jyoti,12622,https://github.com/microsoft/azurelinux/pull/12622,OPEN,2025-02-26T04:55:37Z,Y,Y,Failed,0.6.10,3.azl3,1,1,sratom-0.6.16-2.fc41.src.rpm,Default Initialized,Default Initialized,0.6.16,2.fc41,EXISTS_IN_EXT,0.6.10,N,0,nan,NOT_FOUND,NA,NA,https://github.com/jykanase/azurelinux.git,topic_sratom
star,NA,CP_batch1,Archana,NA,NA,NA,NA,N,N,Built,1.6,4.azl3,1,1,star-1.6-15.fc41.src.rpm,Default Initialized,Default Initialized,1.6,15.fc41,EXISTS_IN_EXT,1.6,N,0,nan,NOT_FOUND,NA,NA,NA,NA
startup-notification,NA,CP_batch1,Archana,NA,NA,NA,NA,N,N,Built,0.12,20.azl3,1,1,startup-notification-0.12-30.fc41.src.rpm,Default Initialized,Default Initialized,0.12,30.fc41,EXISTS_IN_EXT,0.12,N,0,nan,NOT_FOUND,NA,NA,NA,NA
stunnel,NA,NA,NA,NA,NA,NA,NA,Y,Y,Built,5.70,1.azl3,1,1,stunnel-5.73-1.fc41.src.rpm,Default Initialized,Default Initialized,5.73,1.fc41,EXISTS_IN_EXT,5.70,N,0,nan,NOT_FOUND,NA,NA,NA,NA
subscription-manager,NA,CP_batch1,Jagadeesh,NA,NA,NA,NA,Y,Y,Built,1.29.30,2.azl3,1,1,subscription-manager-1.30.2-1.fc41.src.rpm,Default Initialized,Default Initialized,1.30.2,1.fc41,EXISTS_IN_EXT,1.29.30,N,0,nan,NOT_FOUND,NA,NA,NA,NA
suitesparse,NA,NA,NA,NA,NA,NA,NA,Y,Y,Failed,5.4.0,5.azl3,1,1,suitesparse-7.7.0-2.fc41.src.rpm,Default Initialized,Default Initialized,7.7.0,2.fc41,EXISTS_IN_EXT,5.4.0,N,0,nan,NOT_FOUND,NA,NA,NA,NA
switcheroo-control,NA,NA,NA,NA,NA,NA,NA,Y,Y,Built,2.4,3.azl3,1,1,switcheroo-control-2.6-6.fc41.src.rpm,Default Initialized,Default Initialized,2.6,6.fc41,EXISTS_IN_EXT,2.4,N,0,nan,NOT_FOUND,NA,NA,NA,NA
sysfsutils,NA,NA,NA,NA,NA,NA,NA,Revisit No Bld Ver,Revisit No Bld Ver,Not Found,Not Found,Not Found,1,1,sysfsutils-2.1.1-8.fc41.src.rpm,Default Initialized,Default Initialized,2.1.1,8.fc41,MOVED_TO_CORE,Not Found,N,0,nan,NOT_FOUND,NA,NA,NA,NA
systemd-bootchart,NA,CP_batch1,Jyoti,12314,https://github.com/microsoft/azurelinux/pull/12314,MERGED,2025-02-12T07:13:08Z,Y,Y,Built,233,8.azl3,1,1,systemd-bootchart-235-1.fc41.src.rpm,Default Initialized,Default Initialized,235,1.fc41,EXISTS_IN_EXT,233,N,0,nan,NOT_FOUND,NA,NA,https://github.com/jykanase/azurelinux.git,topic_systemd-bootchart
t1lib,NA,NA,NA,NA,NA,NA,NA,N,N,Built,5.1.2,29.azl3,1,1,t1lib-5.1.2-38.fc41.src.rpm,Default Initialized,Default Initialized,5.1.2,38.fc41,EXISTS_IN_EXT,5.1.2,Y,1,nan,NOT_FOUND,NA,NA,NA,NA
t1utils,NA,NA,NA,NA,NA,NA,NA,N,N,Built,1.42,2.azl3,1,1,t1utils-1.42-9.fc41.src.rpm,Default Initialized,Default Initialized,1.42,9.fc41,EXISTS_IN_EXT,1.42,Y,1,nan,NOT_FOUND,NA,NA,NA,NA
taglib,NA,P0,Archana,11848,https://github.com/microsoft/azurelinux/pull/11848,DRAFT,2025-01-10T12:01:50Z,N,N,Built,1.13.1,1.azl3,1,1,taglib-1.12-11.fc41.src.rpm,Default Initialized,Default Initialized,1.12,11.fc41,EXISTS_IN_EXT,1.13.1,Y,1,Archana,NA,NA,NA,https://github.com/archana25-ms/azurelinux-archana.git,topic_taglib
tang,NA,NA,NA,NA,NA,NA,NA,Y,Y,Failed,14,1.azl3,1,1,tang-15-6.fc41.src.rpm,Default Initialized,Default Initialized,15,6.fc41,EXISTS_IN_EXT,14,N,0,nan,NOT_FOUND,NA,NA,NA,NA
targetcli,NA,P0,Archana,11882,https://github.com/microsoft/azurelinux/pull/11882,OPEN,2025-01-13T09:11:21Z,Y,Y,Built,2.1.53,2.azl3,1,1,targetcli-2.1.58-3.fc41.src.rpm,Default Initialized,Default Initialized,2.1.58,3.fc41,EXISTS_IN_EXT,2.1.53,Y,1,Archana,NA,NA,NA,https://github.com/archana25-ms/azurelinux-archana.git,topic_targetcli
tbb,NA,CP_batch1,Mayank,12568,https://github.com/microsoft/azurelinux/pull/12568,OPEN,2025-02-24T04:48:10Z,Y,Y,Failed,2020.2,2.azl3,1,1,tbb-2021.13.0-2.fc41.src.rpm,Default Initialized,Default Initialized,2021.13.0,2.fc41,EXISTS_IN_EXT,2020.2,N,0,nan,NOT_FOUND,NA,NA,https://github.com/microsoft/azurelinux.git,mayansingh/tbb_upgrade
tcl-pgtcl,NA,NA,NA,NA,NA,NA,NA,N,N,Built,2.1.1,12.azl3,1,1,tcl-pgtcl-2.1.1-21.fc41.src.rpm,Default Initialized,Default Initialized,2.1.1,21.fc41,EXISTS_IN_EXT,2.1.1,Y,1,nan,NOT_FOUND,NA,NA,NA,NA
tclx,NA,NA,NA,NA,NA,NA,NA,N,N,Built,8.4.0,37.azl3,1,1,tclx-8.4.0-45.fc41.src.rpm,Default Initialized,Default Initialized,8.4.0,45.fc41,EXISTS_IN_EXT,8.4.0,N,0,nan,NOT_FOUND,NA,NA,NA,NA
teckit,NA,P0,Archana,11880,https://github.com/microsoft/azurelinux/pull/11880,MERGED,2025-01-13T06:41:15Z,Y,Y,Built,2.5.9,4.azl3,1,1,teckit-2.5.12-3.fc41.src.rpm,Default Initialized,Default Initialized,2.5.12,3.fc41,EXISTS_IN_EXT,2.5.9,Y,1,Archana,NA,NA,NA,https://github.com/archana25-ms/azurelinux-archana.git,topic_teckit
telnet,NA,NA,NA,NA,NA,NA,NA,N,N,Built,0.17,81.azl3,1,1,telnet-0.17-93.fc41.src.rpm,Default Initialized,Default Initialized,0.17,93.fc41,EXISTS_IN_EXT,0.17,Y,1,nan,NOT_FOUND,NA,NA,NA,NA
tix,NA,NA,NA,NA,NA,NA,NA,N,N,Built,8.4.3,35.azl3,1,1,tix-8.4.3-41.fc41.src.rpm,Default Initialized,Default Initialized,8.4.3,41.fc41,EXISTS_IN_EXT,8.4.3,N,0,nan,NOT_FOUND,NA,NA,NA,NA
tk,NA,New P0,Archana,NA,NA,NA,NA,Y,Y,Built,8.6.10,6.azl3,1,1,tk-8.6.14-2.fc41.src.rpm,Default Initialized,Default Initialized,8.6.14,2.fc41,EXISTS_IN_EXT,8.6.10,Y,1,nan,NOT_FOUND,NA,NA,NA,NA
tlog,NA,New P0,Archana,11922,https://github.com/microsoft/azurelinux/pull/11922,MERGED,2025-01-15T09:01:27Z,Y,Y,Built,9,2.azl3,1,1,tlog-14-2.fc41.src.rpm,Default Initialized,Default Initialized,14,2.fc41,EXISTS_IN_EXT,9,Y,1,nan,NOT_FOUND,NA,NA,https://github.com/archana25-ms/azurelinux-archana.git,topic_tlog
tmpwatch,NA,NA,NA,NA,NA,NA,NA,N,N,Built,2.11,17.azl3,1,1,tmpwatch-2.11-27.fc41.src.rpm,Default Initialized,Default Initialized,2.11,27.fc41,EXISTS_IN_EXT,2.11,Y,1,nan,NOT_FOUND,NA,NA,NA,NA
tn5250,NA,P0,Archana,11893,https://github.com/microsoft/azurelinux/pull/11893,MERGED,2025-01-13T17:49:31Z,Y,Y,Built,0.17.4,26.azl3,1,1,tn5250-0.17.6-3.fc41.src.rpm,Default Initialized,Default Initialized,0.17.6,3.fc41,EXISTS_IN_EXT,0.17.4,Y,1,Archana,NA,NA,NA,https://github.com/archana25-ms/azurelinux-archana.git,topic_tn5250
tofrodos,NA,NA,NA,NA,NA,NA,NA,N,N,Built,1.7.13,16.azl3,1,1,tofrodos-1.7.13-24.fc41.src.rpm,Default Initialized,Default Initialized,1.7.13,24.fc41,EXISTS_IN_EXT,1.7.13,Y,1,nan,NOT_FOUND,NA,NA,NA,NA
tpm-quote-tools,NA,NA,NA,NA,NA,NA,NA,Revisit No Bld Ver,Revisit No Bld Ver,Not Found,Not Found,Not Found,0,0,Default Initialized,Default Initialized,Default Initialized,Not Found,Not Found,REMOVED_FROM_BOTH,Not Found,N,0,nan,NOT_FOUND,NA,NA,NA,NA
tpm-tools,NA,NA,NA,NA,NA,NA,NA,Revisit No Bld Ver,Revisit No Bld Ver,Not Found,Not Found,Not Found,1,1,tpm-tools-1.3.9-18.fc41.src.rpm,Default Initialized,Default Initialized,1.3.9,18.fc41,REMOVED_FROM_BOTH,Not Found,N,0,nan,NOT_FOUND,NA,NA,NA,NA
trilead-ssh2,NA,NA,NA,NA,NA,NA,NA,Y,Y,Failed,217.8,2.azl3,1,1,trilead-ssh2-217.21-14.fc41.src.rpm,Default Initialized,Default Initialized,217.21,14.fc41,EXISTS_IN_EXT,217.8,N,0,nan,NOT_FOUND,NA,NA,NA,NA
tss2,NA,P0,Archana,11883,https://github.com/microsoft/azurelinux/pull/11883,MERGED,2025-01-13T10:01:09Z,Revisit Ver Compare,Revisit Ver Compare,Built,1331,5.azl3,1,1,tss2-2.3.2-1.fc41.src.rpm,Default Initialized,Default Initialized,2.3.2,1.fc41,EXISTS_IN_EXT,1331,Y,1,Archana,NA,NA,NA,https://github.com/archana25-ms/azurelinux-archana.git,topic_tss2
ttmkfdir,NA,NA,NA,NA,NA,NA,NA,N,N,Built,3.0.9,61.azl3,1,1,ttmkfdir-3.0.9-71.fc41.src.rpm,Default Initialized,Default Initialized,3.0.9,71.fc41,EXISTS_IN_EXT,3.0.9,Y,1,nan,NOT_FOUND,NA,NA,NA,NA
twolame,NA,P0,Archana,11885,https://github.com/microsoft/azurelinux/pull/11885,MERGED,2025-01-13T10:35:25Z,Y,Y,Built,0.3.13,16.azl3,1,1,twolame-0.4.0-5.fc41.src.rpm,Default Initialized,Default Initialized,0.4.0,5.fc41,EXISTS_IN_EXT,0.3.13,Y,1,Archana,NA,NA,NA,https://github.com/archana25-ms/azurelinux-archana.git,topic_twolame
uchardet,NA,P0,Archana,11887,https://github.com/microsoft/azurelinux/pull/11887,MERGED,2025-01-13T11:06:26Z,Y,Y,Built,0.0.6,17.azl3,1,1,uchardet-0.0.8-6.fc41.src.rpm,Default Initialized,Default Initialized,0.0.8,6.fc41,EXISTS_IN_EXT,0.0.6,Y,1,Archana,NA,NA,NA,https://github.com/archana25-ms/azurelinux-archana.git,topic_uchardet
ucpp,NA,NA,NA,NA,NA,NA,NA,N,N,Built,1.3.5,5.azl3,1,1,ucpp-1.3.5-13.fc41.src.rpm,Default Initialized,Default Initialized,1.3.5,13.fc41,EXISTS_IN_EXT,1.3.5,Y,1,nan,NOT_FOUND,NA,NA,NA,NA
ucs-miscfixed-fonts,NA,NA,NA,NA,NA,NA,NA,N,N,Failed,0.3,23.azl3,1,1,ucs-miscfixed-fonts-0.3-34.fc41.src.rpm,Default Initialized,Default Initialized,0.3,34.fc41,EXISTS_IN_EXT,0.3,N,0,nan,NOT_FOUND,NA,NA,NA,NA
udftools,NA,P0,Archana,11888,https://github.com/microsoft/azurelinux/pull/11888,MERGED,2025-01-13T11:23:00Z,Y,Y,Built,2.1,6.azl3,1,1,udftools-2.3-9.fc41.src.rpm,Default Initialized,Default Initialized,2.3,9.fc41,EXISTS_IN_EXT,2.1,Y,1,Archana,NA,NA,NA,https://github.com/archana25-ms/azurelinux-archana.git,topic_udftools
udica,NA,NA,NA,NA,NA,NA,NA,Y,Y,Built,0.2.1,3.azl3,1,1,udica-0.2.8-6.fc41.src.rpm,Default Initialized,Default Initialized,0.2.8,6.fc41,EXISTS_IN_EXT,0.2.1,N,0,nan,NOT_FOUND,NA,NA,NA,NA
udisks2,NA,NA,NA,NA,NA,NA,NA,Y,Y,Failed,2.9.4,6.azl3,1,1,udisks2-2.10.1-6.fc41.src.rpm,Default Initialized,Default Initialized,2.10.1,6.fc41,EXISTS_IN_EXT,2.9.4,N,0,nan,NOT_FOUND,NA,NA,NA,NA
uglify-js,NA,NA,NA,NA,NA,NA,NA,Y,Y,Built,2.8.22,10.azl3,1,1,uglify-js-3.19.3-1.fc41.src.rpm,Default Initialized,Default Initialized,3.19.3,1.fc41,EXISTS_IN_EXT,2.8.22,N,0,nan,NOT_FOUND,NA,NA,NA,NA
umoci,NA,NA,NA,NA,NA,NA,NA,Revisit No Dnld Ver,Revisit No Dnld Ver,Built,0.4.7,13.azl3,0,0,Default Initialized,Default Initialized,Default Initialized,Not Found,Not Found,EXISTS_IN_EXT,0.4.7,N,0,nan,NOT_FOUND,NA,NA,NA,NA
unicode-emoji,NA,P0,Jagadeesh,11951,https://github.com/microsoft/azurelinux/pull/11951,OPEN,2025-01-16T09:58:51Z,Y,Y,Built,13.0,2.azl3,1,1,unicode-emoji-16.0-1.fc41.src.rpm,Default Initialized,Default Initialized,16.0,1.fc41,EXISTS_IN_EXT,13.0,Y,1,Jagadeesh,NA,NA,NA,https://github.com/durgajagadeesh/azurelinux_djpalli.git,Topic_unicode-emoji
unicode-ucd,NA,P0,Jagadeesh,11949,https://github.com/microsoft/azurelinux/pull/11949,OPEN,2025-01-16T09:42:04Z,Y,Y,Built,13.0.0,2.azl3,1,1,unicode-ucd-16.0.0-1.fc41.src.rpm,Default Initialized,Default Initialized,16.0.0,1.fc41,EXISTS_IN_EXT,13.0.0,Y,1,Jagadeesh,NA,NA,NA,https://github.com/durgajagadeesh/azurelinux_djpalli.git,Topic_unicode-ucd
unique3,NA,NA,NA,NA,NA,NA,NA,N,N,Built,3.0.2,22.azl3,1,1,unique3-3.0.2-30.fc41.src.rpm,Default Initialized,Default Initialized,3.0.2,30.fc41,EXISTS_IN_EXT,3.0.2,Y,1,nan,NOT_FOUND,NA,NA,NA,NA
units,NA,P0,Jagadeesh,11953,https://github.com/microsoft/azurelinux/pull/11953,OPEN,2025-01-16T10:45:52Z,Y,Y,Built,2.19,4.azl3,1,1,units-2.24-1.fc41.src.rpm,Default Initialized,Default Initialized,2.24,1.fc41,EXISTS_IN_EXT,2.19,Y,1,Jagadeesh,NA,NA,NA,https://github.com/durgajagadeesh/azurelinux_djpalli.git,Topic_units
upower,NA,NA,NA,NA,NA,NA,NA,Y,Y,Built,0.99.11,5.azl3,1,1,upower-1.90.6-3.fc41.src.rpm,Default Initialized,Default Initialized,1.90.6,3.fc41,EXISTS_IN_EXT,0.99.11,N,0,nan,NOT_FOUND,NA,NA,NA,NA
uriparser,NA,CP_batch1,Sumit,12479,https://github.com/microsoft/azurelinux/pull/12479,MERGED,2025-02-18T10:17:36Z,Y,Y,Built,0.9.7,2.azl3,1,1,uriparser-0.9.8-2.fc41.src.rpm,Default Initialized,Default Initialized,0.9.8,2.fc41,EXISTS_IN_EXT,0.9.7,N,0,nan,NOT_FOUND,NA,NA,https://github.com/SumitJenaHCL/azurelinux.git,topic_uriparser
urlview,NA,NA,NA,NA,NA,NA,NA,N,N,Built,0.9,29.azl3,1,1,urlview-0.9-38.20131022git08767a.fc41.src.rpm,Default Initialized,Default Initialized,0.9,38.20131022git08767a.fc41,EXISTS_IN_EXT,0.9,Y,1,nan,NOT_FOUND,NA,NA,NA,NA
usb_modeswitch,NA,P0,Jagadeesh,NA,NA,NA,NA,Y,Y,Built,2.6.0,2.azl3,1,1,usb_modeswitch-2.6.1-11.fc41.src.rpm,Default Initialized,Default Initialized,2.6.1,11.fc41,EXISTS_IN_EXT,2.6.0,Y,1,Jagadeesh,NA,NA,NA,NA,NA
usb_modeswitch-data,NA,NA,NA,NA,NA,NA,NA,N,N,Built,20191128,3.azl3,1,1,usb_modeswitch-data-20191128-12.fc41.src.rpm,Default Initialized,Default Initialized,20191128,12.fc41,EXISTS_IN_EXT,20191128,Y,1,nan,NOT_FOUND,NA,NA,NA,NA
usbguard,NA,NA,NA,NA,NA,NA,NA,Y,Y,Failed,1.1.0,1.azl3,1,1,usbguard-1.1.3-2.fc41.src.rpm,Default Initialized,Default Initialized,1.1.3,2.fc41,EXISTS_IN_EXT,1.1.0,N,0,nan,NOT_FOUND,NA,NA,NA,NA
usbmuxd,NA,NA,NA,NA,NA,NA,NA,Revisit Ver Compare,Revisit Ver Compare,Built,1.1.0,20.azl3,1,1,usbmuxd-1.1.1^20230720git61b99ab-3.fc41.src.rpm,Default Initialized,Default Initialized,1.1.1^20230720git61b99ab,3.fc41,EXISTS_IN_EXT,1.1.0,N,0,nan,NOT_FOUND,NA,NA,NA,NA
usermode,NA,NA,NA,NA,NA,NA,NA,Revisit No Bld Ver,Revisit No Bld Ver,Not Found,Not Found,Not Found,1,1,usermode-1.114-10.fc41.src.rpm,Default Initialized,Default Initialized,1.114,10.fc41,MOVED_TO_CORE,Not Found,N,0,nan,NOT_FOUND,NA,NA,NA,NA
ustr,NA,NA,NA,NA,NA,NA,NA,N,N,Built,1.0.4,31.azl3,1,1,ustr-1.0.4-39.fc41.src.rpm,Default Initialized,Default Initialized,1.0.4,39.fc41,EXISTS_IN_EXT,1.0.4,Y,1,nan,NOT_FOUND,NA,NA,NA,NA
uthash,NA,P0,Jagadeesh,12010,https://github.com/microsoft/azurelinux/pull/12010,MERGED,2025-01-21T11:35:16Z,Y,Y,Built,2.0.2,9.azl3,1,1,uthash-2.3.0-8.fc41.src.rpm,Default Initialized,Default Initialized,2.3.0,8.fc41,EXISTS_IN_EXT,2.0.2,Y,1,Jagadeesh,NA,NA,NA,https://github.com/durgajagadeesh/azurelinux_djpalli.git,Topic_uthash
uw-imap,NA,CP_batch1,Akarsh,NA,NA,NA,NA,Revisit No Dnld Ver,Revisit No Dnld Ver,Failed,2007f,26.azl3,0,0,Default Initialized,Default Initialized,Default Initialized,Not Found,Not Found,EXISTS_IN_EXT,2007f,N,0,nan,NOT_FOUND,NA,NA,NA,NA
v4l-utils,NA,NA,Jyoti,12746,https://github.com/microsoft/azurelinux/pull/12746,OPEN,2025-03-04T05:55:15Z,Y,Y,Failed,1.22.1,1.azl3,1,1,v4l-utils-1.28.1-1.fc41.src.rpm,Default Initialized,Default Initialized,1.28.1,1.fc41,EXISTS_IN_EXT,1.22.1,N,0,nan,NOT_FOUND,NA,NA,https://github.com/jykanase/azurelinux.git,topic_v4l-utils
vhostmd,NA,NA,NA,NA,NA,NA,NA,N,N,Built,1.1,3.azl3,1,1,vhostmd-1.1-16.fc41.src.rpm,Default Initialized,Default Initialized,1.1,16.fc41,EXISTS_IN_EXT,1.1,Y,1,nan,NOT_FOUND,NA,NA,NA,NA
vino,NA,NA,NA,NA,NA,NA,NA,Revisit No Dnld Ver,Revisit No Dnld Ver,Built,3.22.0,20.azl3,0,0,Default Initialized,Default Initialized,Default Initialized,Not Found,Not Found,EXISTS_IN_EXT,3.22.0,N,0,nan,NOT_FOUND,NA,NA,NA,NA
virt-p2v,NA,CP_batch1,Archana,12272,https://github.com/microsoft/azurelinux/pull/12272,OPEN,2025-02-10T12:18:21Z,Y,Y,Failed,1.42.0,6.azl3,1,1,virt-p2v-1.42.4-1.fc41.src.rpm,Default Initialized,Default Initialized,1.42.4,1.fc41,EXISTS_IN_EXT,1.42.0,N,0,nan,NOT_FOUND,NA,NA,https://github.com/archana25-ms/azurelinux-archana.git,topic_virt-p2v
virt-top,NA,P0,Jagadeesh,NA,NA,NA,NA,Y,Y,Failed,1.0.9,7.azl3,1,1,virt-top-1.1.1-21.fc41.src.rpm,Default Initialized,Default Initialized,1.1.1,21.fc41,EXISTS_IN_EXT,1.0.9,Y,1,Jagadeesh,NA,NA,NA,NA,NA
virt-who,NA,NA,NA,NA,NA,NA,NA,Y,Y,Built,0.24.2,4.azl3,1,1,virt-who-1.31.26-1.fc41.3.src.rpm,Default Initialized,Default Initialized,1.31.26,1.fc41.3,EXISTS_IN_EXT,0.24.2,N,0,nan,NOT_FOUND,NA,NA,NA,NA
vmem,NA,NA,NA,NA,NA,NA,NA,Revisit No Dnld Ver,Revisit No Dnld Ver,Built,1.8,2.azl3,0,0,Default Initialized,Default Initialized,Default Initialized,Not Found,Not Found,EXISTS_IN_EXT,1.8,N,0,nan,NOT_FOUND,NA,NA,NA,NA
volume_key,NA,P1,Jyoti,10952,https://github.com/microsoft/azurelinux/pull/10952,MERGED,2024-11-06T12:46:21Z,N,Y,Failed,0.3.12,8.azl3,1,1,volume_key-0.3.12-23.fc41.src.rpm,Default Initialized,Default Initialized,0.3.12,23.fc41,EXISTS_IN_EXT,0.3.12,N,0,Jyoti,https://github.com/microsoft/azurelinux/pull/10952,NA,NA,https://github.com/jykanase/azurelinux.git,topic_volume_key
vorbis-tools,NA,NA,NA,NA,NA,NA,NA,N,N,Built,1.4.2,6.azl3,1,1,vorbis-tools-1.4.2-12.fc41.src.rpm,Default Initialized,Default Initialized,1.4.2,12.fc41,EXISTS_IN_EXT,1.4.2,N,0,nan,NOT_FOUND,NA,NA,NA,NA
watchdog,NA,P0,Akarsh,NA,NA,NA,NA,Y,Y,Built,5.15,8.azl3,1,1,watchdog-5.16-9.fc41.src.rpm,Default Initialized,Default Initialized,5.16,9.fc41,EXISTS_IN_EXT,5.15,Y,1,Akarsh,NOT_FOUND,NA,NA,NA,NA
wavpack,NA,P0,Akarsh,11645,https://github.com/microsoft/azurelinux/pull/11645,MERGED,2024-12-22T20:06:31Z,Y,Y,Built,5.6.0,1.azl3,1,1,wavpack-5.7.0-3.fc41.src.rpm,Default Initialized,Default Initialized,5.7.0,3.fc41,EXISTS_IN_EXT,5.6.0,Y,1,Akarsh,https://github.com/microsoft/azurelinux/pull/11645,NA,NA,https://github.com/AkarshHCL/azurelinux.git,topic_wavpack
web-assets,NA,NA,NA,NA,NA,NA,NA,N,N,Built,5,12.azl3,1,1,web-assets-5-22.fc41.src.rpm,Default Initialized,Default Initialized,5,22.fc41,EXISTS_IN_EXT,5,Y,1,nan,NOT_FOUND,NA,NA,NA,NA
webrtc-audio-processing,NA,P0,Akarsh,11644,https://github.com/microsoft/azurelinux/pull/11644,OPEN,2024-12-22T19:43:22Z,Y,Y,Built,0.3.1,5.azl3,1,1,webrtc-audio-processing-1.3-3.fc41.src.rpm,Default Initialized,Default Initialized,1.3,3.fc41,EXISTS_IN_EXT,0.3.1,Y,1,Akarsh,https://github.com/microsoft/azurelinux/pull/11644,NA,NA,https://github.com/AkarshHCL/azurelinux.git,topic_webrtc-audio-processing
whois,NA,P0,Akarsh,NA,NA,NA,NA,Y,Y,Built,5.5.15,1.azl3,1,1,whois-5.5.20-4.fc41.src.rpm,Default Initialized,Default Initialized,5.5.20,4.fc41,EXISTS_IN_EXT,5.5.15,Y,1,Akarsh,NOT_FOUND,NA,NA,NA,NA
wireshark,NA,NA,Sumit,NA,NA,NA,NA,Y,Y,Failed,4.0.8,1.azl3,1,1,wireshark-4.4.2-1.fc41.src.rpm,Default Initialized,Default Initialized,4.4.2,1.fc41,EXISTS_IN_EXT,4.0.8,N,0,nan,NOT_FOUND,NA,NA,NA,NA
woff2,NA,NA,NA,NA,NA,NA,NA,N,N,Built,1.0.2,9.azl3,1,1,woff2-1.0.2-20.fc41.src.rpm,Default Initialized,Default Initialized,1.0.2,20.fc41,EXISTS_IN_EXT,1.0.2,Y,1,nan,NOT_FOUND,NA,NA,NA,NA
wordnet,NA,NA,NA,NA,NA,NA,NA,N,N,Built,3.0,43.azl3,1,1,wordnet-3.0-47.fc41.src.rpm,Default Initialized,Default Initialized,3.0,47.fc41,EXISTS_IN_EXT,3.0,N,0,nan,NOT_FOUND,NA,NA,NA,NA
wpebackend-fdo,NA,NA,NA,NA,NA,NA,NA,Revisit No Dnld Ver,Revisit No Dnld Ver,Built,1.12.0,1.azl3,0,0,Default Initialized,Default Initialized,Default Initialized,Not Found,Not Found,EXISTS_IN_EXT,1.12.0,N,0,nan,NOT_FOUND,NA,NA,NA,NA
wsmancli,NA,NA,NA,NA,NA,NA,NA,Y,Y,Built,2.6.0,13.azl3,1,1,wsmancli-2.6.2-4.fc41.src.rpm,Default Initialized,Default Initialized,2.6.2,4.fc41,EXISTS_IN_EXT,2.6.0,N,0,nan,NOT_FOUND,NA,NA,NA,NA
wvdial,NA,NA,NA,NA,NA,NA,NA,N,N,Built,1.61,25.azl3,1,1,wvdial-1.61-33.fc41.src.rpm,Default Initialized,Default Initialized,1.61,33.fc41,EXISTS_IN_EXT,1.61,Y,1,nan,NOT_FOUND,NA,NA,NA,NA
x3270,NA,NA,NA,NA,NA,NA,NA,Y,Y,Failed,3.6ga10,2.azl3,1,1,x3270-4.3ga8-2.fc41.src.rpm,Default Initialized,Default Initialized,4.3ga8,2.fc41,EXISTS_IN_EXT,3.6ga10,N,0,nan,NOT_FOUND,NA,NA,NA,NA
xalan-j2,NA,NA,NA,NA,NA,NA,NA,Y,Y,Failed,2.7.2,10.azl3,1,1,xalan-j2-2.7.3-5.fc41.src.rpm,Default Initialized,Default Initialized,2.7.3,5.fc41,EXISTS_IN_EXT,2.7.2,N,0,nan,NOT_FOUND,NA,NA,NA,NA
xapian-core,NA,P0,Aninda,11900,https://github.com/microsoft/azurelinux/pull/11900,MERGED,2025-01-14T12:18:17Z,Y,Y,Built,1.4.20,2.azl3,1,1,xapian-core-1.4.26-1.fc41.src.rpm,Default Initialized,Default Initialized,1.4.26,1.fc41,EXISTS_IN_EXT,1.4.20,Y,1,Aninda,NA,NA,NA,https://github.com/aninda-al/azurelinux-test.git,upgrade-xapian-core
xbean,NA,NA,NA,NA,NA,NA,NA,Y,Y,Failed,4.18,1.azl3,1,1,xbean-4.24-4.fc41.src.rpm,Default Initialized,Default Initialized,4.24,4.fc41,EXISTS_IN_EXT,4.18,N,0,nan,NOT_FOUND,NA,NA,NA,NA
xcb-util,NA,NA,NA,NA,NA,NA,NA,Revisit No Bld Ver,Revisit No Bld Ver,Not Found,Not Found,Not Found,1,1,xcb-util-0.4.1-6.fc41.src.rpm,Default Initialized,Default Initialized,0.4.1,6.fc41,MOVED_TO_CORE,Not Found,N,0,nan,NOT_FOUND,NA,NA,NA,NA
xcb-util-image,NA,NA,NA,NA,NA,NA,NA,Revisit No Bld Ver,Revisit No Bld Ver,Not Found,Not Found,Not Found,1,1,xcb-util-image-0.4.1-6.fc41.src.rpm,Default Initialized,Default Initialized,0.4.1,6.fc41,MOVED_TO_CORE,Not Found,N,0,nan,NOT_FOUND,NA,NA,NA,NA
xcb-util-keysyms,NA,NA,NA,NA,NA,NA,NA,Revisit No Bld Ver,Revisit No Bld Ver,Not Found,Not Found,Not Found,1,1,xcb-util-keysyms-0.4.1-6.fc41.src.rpm,Default Initialized,Default Initialized,0.4.1,6.fc41,MOVED_TO_CORE,Not Found,N,0,nan,NOT_FOUND,NA,NA,NA,NA
xcb-util-renderutil,NA,NA,NA,NA,NA,NA,NA,Revisit No Bld Ver,Revisit No Bld Ver,Not Found,Not Found,Not Found,1,1,xcb-util-renderutil-0.3.10-6.fc41.src.rpm,Default Initialized,Default Initialized,0.3.10,6.fc41,MOVED_TO_CORE,Not Found,N,0,nan,NOT_FOUND,NA,NA,NA,NA
xcb-util-wm,NA,P0,Aninda,11683,https://github.com/microsoft/azurelinux/pull/11683,DRAFT,2024-12-23T17:29:22Z,Y,Y,Built,0.4.1,18.azl3,1,1,xcb-util-wm-0.4.2-6.fc41.src.rpm,Default Initialized,Default Initialized,0.4.2,6.fc41,EXISTS_IN_EXT,0.4.1,Y,1,Aninda,https://github.com/microsoft/azurelinux/pull/11683,NA,NA,https://github.com/aninda-al/azurelinux-test.git,upgrade-xcb-util-wm
xdelta,NA,NA,NA,NA,NA,NA,NA,N,N,Built,3.1.0,11.azl3,1,1,xdelta-3.1.0-19.fc41.src.rpm,Default Initialized,Default Initialized,3.1.0,19.fc41,EXISTS_IN_EXT,3.1.0,Y,1,nan,NOT_FOUND,NA,NA,NA,NA
xdg-dbus-proxy,NA,P0,Aninda,11689,https://github.com/microsoft/azurelinux/pull/11689,DRAFT,2024-12-23T20:56:22Z,Y,Y,Built,0.1.2,3.azl3,1,1,xdg-dbus-proxy-0.1.6-1.fc41.src.rpm,Default Initialized,Default Initialized,0.1.6,1.fc41,EXISTS_IN_EXT,0.1.2,Y,1,Aninda,https://github.com/microsoft/azurelinux/pull/11689,Suresh,In Review,https://github.com/aninda-al/azurelinux-test.git,upgrade-xdg-dbus-proxy
xdg-utils,NA,P0,Aninda,11699,https://github.com/microsoft/azurelinux/pull/11699,MERGED,2024-12-24T01:15:21Z,Y,Y,Built,1.1.3,7.azl3,1,1,xdg-utils-1.2.1-2.fc41.src.rpm,Default Initialized,Default Initialized,1.2.1,2.fc41,EXISTS_IN_EXT,1.1.3,Y,1,Aninda,https://github.com/microsoft/azurelinux/pull/11699,Suresh,In Review,https://github.com/aninda-al/azurelinux-test.git,upgrade-xdg-utils
xerces-j2,NA,NA,NA,NA,NA,NA,NA,Y,Y,Failed,2.12.0,5.azl3,1,1,xerces-j2-2.12.2-12.fc41.src.rpm,Default Initialized,Default Initialized,2.12.2,12.fc41,EXISTS_IN_EXT,2.12.0,N,0,nan,NOT_FOUND,NA,NA,NA,NA
xfconf,NA,P0,Kevin,NA,NA,NA,NA,Y,Y,Built,4.14.4,4.azl3,1,1,xfconf-4.18.3-3.fc41.src.rpm,Default Initialized,Default Initialized,4.18.3,3.fc41,EXISTS_IN_EXT,4.14.4,Y,1,Kevin,NA,NA,NA,NA,NA
xfsdump,NA,P0,Kevin,NA,NA,NA,NA,Y,Y,Failed,3.1.9,2.azl3,1,1,xfsdump-3.1.12-5.fc41.src.rpm,Default Initialized,Default Initialized,3.1.12,5.fc41,EXISTS_IN_EXT,3.1.9,Y,1,Kevin,NA,NA,NA,NA,NA
xhtml1-dtds,NA,NA,NA,NA,NA,NA,NA,N,N,Built,1.0,20020804.azl3,1,1,xhtml1-dtds-1.0-20020801.21.fc41.src.rpm,Default Initialized,Default Initialized,1.0,20020801.21.fc41,EXISTS_IN_EXT,1.0,Y,1,nan,NOT_FOUND,NA,NA,NA,NA
xmldb-api,NA,NA,NA,NA,NA,NA,NA,Revisit No Dnld Ver,Revisit No Dnld Ver,Failed,0.1,29.azl3,0,0,Default Initialized,Default Initialized,Default Initialized,Not Found,Not Found,EXISTS_IN_EXT,0.1,N,0,nan,NOT_FOUND,NA,NA,NA,NA
xmlrpc-c,NA,P1,Sumit,11243,https://github.com/microsoft/azurelinux/pull/11243,OPEN,2024-11-27T08:33:25Z,Y,Y,Built,1.54.06,2.azl3,1,1,xmlrpc-c-1.59.03-2.fc41.src.rpm,Default Initialized,Default Initialized,1.59.03,2.fc41,EXISTS_IN_EXT,1.54.06,Y,1,Sumit,https://github.com/microsoft/azurelinux/pull/11243,NA,NA,https://github.com/SumitJenaHCL/azurelinux.git,topic_xmlrpc-c
xmlunit,NA,NA,NA,NA,NA,NA,NA,Y,Y,Failed,1.5,10.azl3,1,1,xmlunit-2.9.1-2.fc41.src.rpm,Default Initialized,Default Initialized,2.9.1,2.fc41,EXISTS_IN_EXT,1.5,N,0,nan,NOT_FOUND,NA,NA,NA,NA
xorg-x11-fonts,NA,NA,NA,NA,NA,NA,NA,N,N,Built,7.5,25.azl3,1,1,xorg-x11-fonts-7.5-39.fc41.src.rpm,Default Initialized,Default Initialized,7.5,39.fc41,EXISTS_IN_EXT,7.5,Y,1,nan,NOT_FOUND,NA,NA,NA,NA
xorg-x11-utils,NA,NA,NA,NA,NA,NA,NA,Revisit No Dnld Ver,Revisit No Dnld Ver,Built,7.5,35.azl3,0,0,Default Initialized,Default Initialized,Default Initialized,Not Found,Not Found,EXISTS_IN_EXT,7.5,N,0,nan,NOT_FOUND,NA,NA,NA,NA
xpp2,NA,NA,NA,NA,NA,NA,NA,Revisit No Dnld Ver,Revisit No Dnld Ver,Failed,2.1.10,29.azl3,0,0,Default Initialized,Default Initialized,Default Initialized,Not Found,Not Found,EXISTS_IN_EXT,2.1.10,N,0,nan,NOT_FOUND,NA,NA,NA,NA
xpp3,NA,CP_batch1,Archana,NA,NA,NA,NA,Revisit No Dnld Ver,Revisit No Dnld Ver,Failed,1.1.4c,6.azl3,0,0,Default Initialized,Default Initialized,Default Initialized,Not Found,Not Found,EXISTS_IN_EXT,1.1.4c,N,0,nan,NOT_FOUND,NA,NA,NA,NA
xrestop,NA,P0,Kevin,NA,NA,NA,NA,Y,Y,Built,0.4,27.azl3,1,1,xrestop-0.6-4.fc41.src.rpm,Default Initialized,Default Initialized,0.6,4.fc41,EXISTS_IN_EXT,0.4,Y,1,Kevin,NA,NA,NA,NA,NA
xterm,NA,New P0,Archana,11892,https://github.com/microsoft/azurelinux/pull/11892,OPEN,2025-01-13T17:34:15Z,Y,Y,Built,380,1.azl3,1,1,xterm-395-1.fc41.src.rpm,Default Initialized,Default Initialized,395,1.fc41,EXISTS_IN_EXT,380,Y,1,nan,NOT_FOUND,NA,NA,https://github.com/archana25-ms/azurelinux-archana.git,topic_xterm
yelp-tools,NA,New P0,Archana,11950,https://github.com/microsoft/azurelinux/pull/11950,OPEN,2025-01-16T09:49:23Z,Y,Y,Built,3.32.2,5.azl3,1,1,yelp-tools-42.1-6.fc41.src.rpm,Default Initialized,Default Initialized,42.1,6.fc41,EXISTS_IN_EXT,3.32.2,Y,1,nan,NOT_FOUND,NA,NA,https://github.com/archana25-ms/azurelinux-archana.git,topic_yelp-tools
yelp-xsl,NA,New P0,Archana,11947,https://github.com/microsoft/azurelinux/pull/11947,OPEN,2025-01-16T08:06:08Z,Y,Y,Built,3.36.0,2.azl3,1,1,yelp-xsl-42.1-5.fc41.src.rpm,Default Initialized,Default Initialized,42.1,5.fc41,EXISTS_IN_EXT,3.36.0,Y,1,nan,NOT_FOUND,NA,NA,https://github.com/archana25-ms/azurelinux-archana.git,topic_yelp-xsl
ykclient,NA,NA,NA,NA,NA,NA,NA,N,N,Built,2.15,11.azl3,1,1,ykclient-2.15-19.fc41.src.rpm,Default Initialized,Default Initialized,2.15,19.fc41,EXISTS_IN_EXT,2.15,Y,1,nan,NOT_FOUND,NA,NA,NA,NA
ypserv,NA,P0,Kevin,NA,NA,NA,NA,Y,Y,Failed,4.1,4.azl3,1,1,ypserv-4.2-11.fc41.src.rpm,Default Initialized,Default Initialized,4.2,11.fc41,EXISTS_IN_EXT,4.1,Y,1,Kevin,NA,NA,NA,NA,NA
z3,NA,CP_batch1,Mayank,12546,https://github.com/microsoft/azurelinux/pull/12546,OPEN,2025-02-21T13:56:03Z,Y,Y,Failed,4.8.7,8.azl3,1,1,z3-4.13.3-1.fc41.src.rpm,Default Initialized,Default Initialized,4.13.3,1.fc41,EXISTS_IN_EXT,4.8.7,N,0,nan,NOT_FOUND,NA,NA,https://github.com/microsoft/azurelinux.git,mayansingh/d3_upgrade
zenity,NA,NA,NA,NA,NA,NA,NA,Y,Y,Built,3.32.0,4.azl3,1,1,zenity-4.0.3-1.fc41.src.rpm,Default Initialized,Default Initialized,4.0.3,1.fc41,EXISTS_IN_EXT,3.32.0,N,0,nan,NOT_FOUND,NA,NA,NA,NA
zopfli,NA,NA,NA,NA,NA,NA,NA,N,N,Built,1.0.3,7.azl3,1,1,zopfli-1.0.3-11.fc41.src.rpm,Default Initialized,Default Initialized,1.0.3,11.fc41,EXISTS_IN_EXT,1.0.3,Y,1,nan,NOT_FOUND,NA,NA,NA,NA
zziplib,NA,NA,Jyoti,12780,https://github.com/microsoft/azurelinux/pull/12780,OPEN,2025-03-04T13:51:55Z,Y,Y,Built,0.13.72,3.azl3,1,1,zziplib-0.13.74-2.fc41.src.rpm,Default Initialized,Default Initialized,0.13.74,2.fc41,EXISTS_IN_EXT,0.13.72,N,0,nan,NOT_FOUND,NA,NA,https://github.com/jykanase/azurelinux.git,topic_zziplib
DartSass,NA,P1,Sumit,NA,NA,NA,NA,Revisit No Bld Ver,Revisit No Bld Ver,Not Found,Not Found,Not Found,0,0,Default Initialized,Default Initialized,Default Initialized,Not Found,Not Found,NEW_ADDITION,Not Found,N,0,Sumit,NA,NA,NA,NA,NA
rubygem-sys-filesystem,NA,P1,Jyoti,10888,https://github.com/microsoft/azurelinux/pull/10888,OPEN,2024-10-30T08:24:30Z,Revisit No Bld Ver,Revisit No Bld Ver,Not Found,Not Found,Not Found,0,0,Default Initialized,Default Initialized,Default Initialized,Not Found,Not Found,NEW_ADDITION,Not Found,N,0,Jyoti,https://github.com/microsoft/azurelinux/pull/10888,NA,NA,https://github.com/jykanase/azurelinux.git,topic_rubygem-sys-filesystem
libimobiledevice-glue,NA,P1,Kevin,10898,https://github.com/microsoft/azurelinux/pull/10898,OPEN,2024-10-30T23:43:32Z,Revisit No Bld Ver,Revisit No Bld Ver,Not Found,Not Found,Not Found,0,0,Default Initialized,Default Initialized,Default Initialized,Not Found,Not Found,NEW_ADDITION,Not Found,N,0,Kevin,https://github.com/microsoft/azurelinux/pull/10898,NA,NA,https://github.com/kevin-b-lockwood/azurelinux.git,kevin-b-lockwood/libimobiledevice-glue-1.3.1-1
rubygem-puppet-resource_api,NA,P1,Sumit,11352,https://github.com/microsoft/azurelinux/pull/11352,OPEN,2024-12-08T21:12:07Z,Revisit No Dnld Ver,Revisit No Dnld Ver,Built,1.8.14,2.azl3,0,0,Default Initialized,Default Initialized,Default Initialized,Not Found,Not Found,NEW_ADDITION,Not Found,N,0,Sumit,NA,NA,NA,https://github.com/SumitJenaHCL/azurelinux.git,topic_rubygem-puppet-resource_api
rubygem-hocon,NA,P1,Sumit,11353,https://github.com/microsoft/azurelinux/pull/11353,OPEN,2024-12-08T21:17:14Z,Revisit No Dnld Ver,Revisit No Dnld Ver,Built,1.3.1,2.azl3,0,0,Default Initialized,Default Initialized,Default Initialized,Not Found,Not Found,NEW_ADDITION,Not Found,N,0,Sumit,https://github.com/microsoft/azurelinux/pull/11353,NA,NA,https://github.com/SumitJenaHCL/azurelinux.git,topic_rubygem-hocon
rubygem-deep_merge,NA,P1,Sumit,11354,https://github.com/microsoft/azurelinux/pull/11354,OPEN,2024-12-08T21:21:26Z,Revisit No Dnld Ver,Revisit No Dnld Ver,Built,1.2.1,2.azl3,0,0,Default Initialized,Default Initialized,Default Initialized,Not Found,Not Found,NEW_ADDITION,Not Found,N,0,Sumit,https://github.com/microsoft/azurelinux/pull/11354,NA,NA,https://github.com/SumitJenaHCL/azurelinux.git,topic_rubygem-deep_merge
hiera,NA,P1,Sumit,11358,https://github.com/microsoft/azurelinux/pull/11358,MERGED,2024-12-08T21:34:30Z,Revisit No Dnld Ver,Revisit No Dnld Ver,Built,3.7.0,4.azl3,0,0,Default Initialized,Default Initialized,Default Initialized,Not Found,Not Found,NEW_ADDITION,Not Found,N,0,Sumit,https://github.com/microsoft/azurelinux/pull/11358,NA,NA,https://github.com/SumitJenaHCL/azurelinux.git,topic_hiera
libselinux,NA,P1,Sumit,11359,https://github.com/microsoft/azurelinux/pull/11359,OPEN,2024-12-08T21:40:13Z,Revisit No Bld Ver,Revisit No Bld Ver,Not Found,Not Found,Not Found,0,0,Default Initialized,Default Initialized,Default Initialized,Not Found,Not Found,NEW_ADDITION,Not Found,N,0,Sumit,https://github.com/microsoft/azurelinux/pull/11359,NA,NA,https://github.com/SumitJenaHCL/azurelinux.git,topic_libselinux
rubygem-racc,NA,P1,Sumit,11355,https://github.com/microsoft/azurelinux/pull/11355,OPEN,2024-12-08T21:24:49Z,Revisit No Bld Ver,Revisit No Bld Ver,Not Found,Not Found,Not Found,0,0,Default Initialized,Default Initialized,Default Initialized,Not Found,Not Found,NEW_ADDITION,Not Found,N,0,Sumit,NA,NA,NA,https://github.com/SumitJenaHCL/azurelinux.git,topic_rubygem-racc
rubygem-scanf,NA,P1,Sumit,11356,https://github.com/microsoft/azurelinux/pull/11356,OPEN,2024-12-08T21:28:22Z,Revisit No Bld Ver,Revisit No Bld Ver,Not Found,Not Found,Not Found,0,0,Default Initialized,Default Initialized,Default Initialized,Not Found,Not Found,NEW_ADDITION,Not Found,N,0,Sumit,https://github.com/microsoft/azurelinux/pull/11356,NA,NA,https://github.com/SumitJenaHCL/azurelinux.git,topic_rubygem-scanf
rubygem-test-unit-ruby-core,NA,P1,Sumit,11357,https://github.com/microsoft/azurelinux/pull/11357,OPEN,2024-12-08T21:31:01Z,Revisit No Bld Ver,Revisit No Bld Ver,Not Found,Not Found,Not Found,0,0,Default Initialized,Default Initialized,Default Initialized,Not Found,Not Found,NEW_ADDITION,Not Found,N,0,Sumit,https://github.com/microsoft/azurelinux/pull/11357,NA,NA,https://github.com/SumitJenaHCL/azurelinux.git,topic_rubygem-test-unit-ruby-core
perl-Test-RandomResult,NA,P1,Kevin,11399,https://github.com/microsoft/azurelinux/pull/11399,OPEN,2024-12-10T22:52:27Z,Revisit No Bld Ver,Revisit No Bld Ver,Not Found,Not Found,Not Found,0,0,Default Initialized,Default Initialized,Default Initialized,Not Found,Not Found,NEW_ADDITION,Not Found,N,0,Kevin,NA,NA,NA,https://github.com/kevin-b-lockwood/azurelinux.git,kevin-b-lockwood/perl-Test-RandomResult-0.001-14
python-flaky,NA,NA,Jyoti,12563,https://github.com/microsoft/azurelinux/pull/12563,MERGED,2025-02-23T09:40:30Z,Revisit No Bld Ver,Revisit No Bld Ver,Not Found,Not Found,Not Found,0,0,Default Initialized,Default Initialized,Default Initialized,Not Found,Not Found,NEW_ADDITION,Not Found,N,0,NA,NA,NA,NA,https://github.com/jykanase/azurelinux.git,topic_python-flaky
python-pyproject-api,NA,NA,Jyoti,12567,https://github.com/microsoft/azurelinux/pull/12567,OPEN,2025-02-23T11:56:48Z,Revisit No Bld Ver,Revisit No Bld Ver,Not Found,Not Found,Not Found,0,0,Default Initialized,Default Initialized,Default Initialized,Not Found,Not Found,NEW_ADDITION,Not Found,N,0,NA,NA,NA,NA,https://github.com/jykanase/azurelinux.git,topic_python-pyproject_api
python-sphinxygen,NA,NA,Jyoti,12574,https://github.com/microsoft/azurelinux/pull/12574,MERGED,2025-02-24T14:14:02Z,Revisit No Bld Ver,Revisit No Bld Ver,Not Found,Not Found,Not Found,0,0,Default Initialized,Default Initialized,Default Initialized,Not Found,Not Found,NEW_ADDITION,Not Found,N,0,NA,NA,NA,NA,https://github.com/jykanase/azurelinux.git,topic_python-sphinxygen
zix,NA,NA,Jyoti,12620,https://github.com/microsoft/azurelinux/pull/12620,OPEN,2025-02-26T03:48:19Z,Revisit No Bld Ver,Revisit No Bld Ver,Not Found,Not Found,Not Found,0,0,Default Initialized,Default Initialized,Default Initialized,Not Found,Not Found,NEW_ADDITION,Not Found,N,0,NA,NA,NA,NA,https://github.com/jykanase/azurelinux.git,topic_zix
NOVALIDPACKAGE,,,,,,,,,,,,,,,,,,,,,,,,,,,,,
